[Licensing::Module] Trying to connect to existing licensing client channel...
Built from '6000.4/staging' branch; Version is '6000.4.0f1 (8cf496087c8f) revision 9237654'; Using compiler version '194234433'; Build Type 'Release'
[Licensing::IpcConnector] Successfully connected to: "LicenseClient-Maxi" at "2026-03-31T09:59:56.2316637Z"
OS: 'Windows 11  (10.0.26100) Professional' Language: 'en' Physical Memory: 16310 MB
BatchMode: 1, IsHumanControllingUs: 0, StartBugReporterOnCrash: 0, Is64bit: 1
System  architecture: x64
Process architecture: x64
Date: 2026-03-31T09:59:56Z

COMMAND LINE ARGUMENTS:
D:\Ewnety\6000.4.0f1\Editor\Unity.exe
-adb2
-batchMode
-noUpm
-name
AssetImportWorker0
-projectPath
C:/Users/Maxi/Documents/GitHub/Sanicball-DX
-logFile
Logs/AssetImportWorker0.log
-srvPort
62813
-licensingIpc
LicenseClient-Maxi
-force-d3d12
-job-worker-count
5
-background-job-worker-count
8
-gc-helper-count
1
-name
AssetImport
Successfully changed project path to: C:/Users/Maxi/Documents/GitHub/Sanicball-DX
C:/Users/Maxi/Documents/GitHub/Sanicball-DX
[UnityMemory] Configuration Parameters - Can be set up in boot.config
    "memorysetup-temp-allocator-size-gi-baking-worker=262144"
    "memorysetup-temp-allocator-size-gi-baking-worker=262144"
    "memorysetup-temp-allocator-size-gi-baking-worker=262144"
    "memorysetup-temp-allocator-size-gi-baking-worker=262144"
    "memorysetup-temp-allocator-size-gi-baking-worker=262144"
    "memorysetup-temp-allocator-size-nav-mesh-worker=65536"
    "memorysetup-temp-allocator-size-audio-worker=65536"
    "memorysetup-temp-allocator-size-cloud-worker=32768"
    "memorysetup-temp-allocator-size-gfx=262144"
    "memorysetup-temp-allocator-size-preload-manager=33554432"
    "memorysetup-temp-allocator-size-job-worker=262144"
    "memorysetup-temp-allocator-size-background-worker=32768"
    "memorysetup-allocator-temp-initial-block-size-main=262144"
    "memorysetup-allocator-temp-initial-block-size-worker=262144"
    "memorysetup-bucket-allocator-granularity=16"
    "memorysetup-bucket-allocator-bucket-count=8"
    "memorysetup-bucket-allocator-block-size=33554432"
    "memorysetup-bucket-allocator-block-count=8"
    "memorysetup-main-allocator-block-size=16777216"
    "memorysetup-thread-allocator-block-size=16777216"
    "memorysetup-gfx-main-allocator-block-size=16777216"
    "memorysetup-gfx-thread-allocator-block-size=16777216"
    "memorysetup-cache-allocator-block-size=4194304"
    "memorysetup-typetree-allocator-block-size=2097152"
    "memorysetup-profiler-bucket-allocator-granularity=16"
    "memorysetup-profiler-bucket-allocator-bucket-count=8"
    "memorysetup-profiler-bucket-allocator-block-size=33554432"
    "memorysetup-profiler-bucket-allocator-block-count=8"
    "memorysetup-profiler-allocator-block-size=16777216"
    "memorysetup-profiler-editor-allocator-block-size=1048576"
    "memorysetup-temp-allocator-size-main=16777216"
    "memorysetup-job-temp-allocator-block-size=2097152"
    "memorysetup-job-temp-allocator-block-size-background=1048576"
    "memorysetup-job-temp-allocator-reduction-small-platforms=262144"
Player connection [20440]  Target information:

Player connection [20440]  * "[IP] 192.168.59.1 [Port] 0 [Flags] 2 [Guid] 2487614243 [EditorId] 2487614243 [Version] 1048832 [Id] WindowsEditor(7,FunniPC) [Debug] 1 [PackageName] WindowsEditor [ProjectName] Editor" 

Player connection [20440]  * "[IP] 192.168.206.1 [Port] 0 [Flags] 2 [Guid] 2487614243 [EditorId] 2487614243 [Version] 1048832 [Id] WindowsEditor(7,FunniPC) [Debug] 1 [PackageName] WindowsEditor [ProjectName] Editor" 

Player connection [20440]  * "[IP] 192.168.178.168 [Port] 0 [Flags] 2 [Guid] 2487614243 [EditorId] 2487614243 [Version] 1048832 [Id] WindowsEditor(7,FunniPC) [Debug] 1 [PackageName] WindowsEditor [ProjectName] Editor" 

Player connection [20440] Host joined multi-casting on [225.0.0.222:54997]...
Player connection [20440] Host joined alternative multi-casting on [225.0.0.222:34997]...
JobSystem: Creating JobQueue using job-worker-count value 5
Input System module state changed to: Initialized.
[Physics::Module] Initialized fallback backend.
[Physics::Module] Id: 0xdecafbad
Library Redirect Path: Library/
[Physics::Module] Selected backend.
[Physics::Module] Name: PhysX
[Physics::Module] Id: 0xf2b8ea05
[Physics::Module] SDK Version: 4.1.2
[Physics::Module] Integration Version: 1.0.0
[Physics::Module] Threading Mode: Multi-Threaded
Refreshing native plugins compatible for Editor in 9.10 ms, found 2 plugins.
Initialize engine version: 6000.4.0f1 (8cf496087c8f)
[Subsystems] Discovering subsystems at path D:/Ewnety/6000.4.0f1/Editor/Data/Resources/UnitySubsystems
[Subsystems] Discovering subsystems at path C:/Users/Maxi/Documents/GitHub/Sanicball-DX/Assets
Forcing GfxDevice: Direct3D 12
GfxDevice: creating device client; kGfxThreadingModeNonThreaded
d3d12: failed to query info queue interface (0x80004002).
Direct3D:
    Version:         Direct3D 12 [level 12.2]
    Renderer:        AMD Radeon RX 7700 XT (ID=0x747e)
    Vendor:          ATI
    VRAM:            12081 MB
    App VRAM Budget: 11313 MB
    Driver:          32.0.23033.1002
Initialize mono
Mono path[0] = 'D:/Ewnety/6000.4.0f1/Editor/Data/Managed'
Mono path[1] = 'D:/Ewnety/6000.4.0f1/Editor/Data/MonoBleedingEdge/lib/mono/unityjit-win32'
Mono config path = 'D:/Ewnety/6000.4.0f1/Editor/Data/MonoBleedingEdge/etc'
Using monoOptions --debugger-agent=transport=dt_socket,embedding=1,server=y,suspend=n,address=127.0.0.1:56800
CodeReloadManager initialized
[Licensing::Client] Error: HandshakeResponse reported an error:
	ResponseCode: 505
	ResponseStatus: Unsupported protocol version '1.18.1'.
[Licensing::Module] Error: Failed to handshake to channel: "LicenseClient-Maxi"
[Licensing::IpcConnector] LicenseClient-Maxi channel disconnected successfully.
[Licensing::IpcConnector] Successfully connected to: "LicenseClient-Maxi-6000.4.0" at "2026-03-31T09:59:58.5023462Z"
Begin MonoManager ReloadAssembly
Registering precompiled unity dll's ...
Register platform support module: D:/Ewnety/6000.4.0f1/Editor/Data/PlaybackEngines/WindowsStandaloneSupport/UnityEditor.WindowsStandalone.Extensions.dll
[Licensing::Module] Licensing is not yet initialized.
[Licensing::Client] Handshaking with LicensingClient:
  Version:                 1.18.1+9fbee8e
  Session Id:              2a418a21663a4b9ea06d5c40862a39c8
  Correlation Id:          fbe1c7771805f9ad4a8b5bd9e44ed52c
  External correlation Id: 5075038963309513795
  Machine Id:              IkTvWfYHITFguh6+9JakOOPq8e4=
[Licensing::Module] Successfully connected to LicensingClient on channel: "LicenseClient-Maxi-6000.4.0" (connect: 0.00s, validation: 0.00s, handshake: 2.19s)
[Licensing::IpcConnector] Successfully connected to: "LicenseClient-Maxi-6000.4.0-notifications" at "2026-03-31T10:00:00.6930148Z"
[Licensing::Module] Licensing Background thread has ended after 4.46s
[Licensing::Module] Licensing is initialized (took 1.38s).
[Licensing::Client] Successfully resolved entitlement details
[Licensing::Module] License group:
  Id: F4-MESN-GUW7-62D3-FRZW-XXXX
  Product: Unity Personal
  Type: ULF
  Expiration: Unlimited
[Licensing::Module] License group:
  Id: 9071283907225-UnityPersXXXX
  Product: Unity Personal
  Type: Assigned
  Expiration: Unlimited
Register platform support module: D:/Ewnety/6000.4.0f1/Editor/Data/PlaybackEngines/AndroidPlayer/UnityEditor.Android.Extensions.dll
Registered in 1.389241 seconds.
Native extension for Android target not found
Android Extension - Scanning For ADB Devices 421 ms
Native extension for WindowsStandalone target not found
Package Manager log level set to [2]
[Package Manager] Failed to launch server process. Reason: Unity was launched with the -noUpm command-line argument
[Package Manager] Unable to send message (not connected to server process).
[Package Manager] Cannot connect to Unity Package Manager local server
ScheduleIndexationOnStartup MainProcess:False IndexOnStartup:True
Mono: successfully reloaded assembly
- Finished resetting the current domain, in  1.145 seconds
Domain Reload Profiling: 3427ms
	BeginReloadAssembly (368ms)
	RebuildCommonClasses (64ms)
	RebuildNativeTypeToScriptingClass (36ms)
	initialDomainReloadingComplete (1510ms)
	LoadAllAssembliesAndSetupDomain (303ms)
		LoadAssemblies (369ms)
		AnalyzeDomain (286ms)
			TypeCache.Refresh (284ms)
				TypeCache.ScanAssembly (265ms)
	FinalizeReload (1146ms)
		SetupLoadedEditorAssemblies (0ms)
			InitializePlatformSupportModulesInManaged (649ms)
			BeforeProcessingInitializeOnLoad (117ms)
			ProcessInitializeOnLoadAttributes (150ms)
			ProcessInitializeOnLoadMethodAttributes (137ms)
========================================================================
Worker process is ready to serve import requests
Import Worker Mode flag is 0x00
Begin MonoManager ReloadAssembly
[Licensing::Client] Successfully resolved entitlement details
[Licensing::Module] License group:
  Id: F4-MESN-GUW7-62D3-FRZW-XXXX
  Product: Unity Personal
  Type: ULF
  Expiration: Unlimited
[Licensing::Module] License group:
  Id: 9071283907225-UnityPersXXXX
  Product: Unity Personal
  Type: Assigned
  Expiration: Unlimited
Duplicate assembly 'Newtonsoft.Json.dll' with different versions detected, using 'Packages/com.unity.nuget.newtonsoft-json/Runtime/Newtonsoft.Json.dll, AssemblyName=Newtonsoft.Json, Version=13.0.0.0, Culture=neutral, PublicKeyToken=30ad4fe6b2a6aeed' and ignoring 'Assets/Assemblies/Newtonsoft.Json.dll, AssemblyName=Newtonsoft.Json, Version=6.0.0.0, Culture=neutral, PublicKeyToken=30ad4fe6b2a6aeed'.Assembly Assembly-CSharp-Editor-firstpass.dll at Library/ScriptAssemblies/Assembly-CSharp-Editor-firstpass.dll not valid. Loading of assembly skipped.
Assembly DocCodeExamples.dll at Library/ScriptAssemblies/DocCodeExamples.dll not valid. Loading of assembly skipped.
Assembly TestNewCustomAssembly.dll at Library/ScriptAssemblies/TestNewCustomAssembly.dll not valid. Loading of assembly skipped.
Assembly Unity.2D.Sprite.Package.EditorTests.dll at Library/ScriptAssemblies/Unity.2D.Sprite.Package.EditorTests.dll not valid. Loading of assembly skipped.
Assembly Unity.2D.Tilemap.Package.EditorTests.dll at Library/ScriptAssemblies/Unity.2D.Tilemap.Package.EditorTests.dll not valid. Loading of assembly skipped.
Assembly Unity.Analytics.DataPrivacy.Tests.dll at Library/ScriptAssemblies/Unity.Analytics.DataPrivacy.Tests.dll not valid. Loading of assembly skipped.
Assembly Unity.Analytics.StandardEvents.EditorTests.dll at Library/ScriptAssemblies/Unity.Analytics.StandardEvents.EditorTests.dll not valid. Loading of assembly skipped.
Assembly Unity.Collections.BurstCompatibilityGen.dll at Library/ScriptAssemblies/Unity.Collections.BurstCompatibilityGen.dll not valid. Loading of assembly skipped.
Assembly Unity.Collections.DocCodeSamples.dll at Library/ScriptAssemblies/Unity.Collections.DocCodeSamples.dll not valid. Loading of assembly skipped.
Assembly Unity.Collections.PerformanceTests.dll at Library/ScriptAssemblies/Unity.Collections.PerformanceTests.dll not valid. Loading of assembly skipped.
Assembly Unity.Collections.Tests.dll at Library/ScriptAssemblies/Unity.Collections.Tests.dll not valid. Loading of assembly skipped.
Assembly Unity.Collections.Tests.Playmode.dll at Library/ScriptAssemblies/Unity.Collections.Tests.Playmode.dll not valid. Loading of assembly skipped.
Assembly Unity.Mathematics.Tests.dll at Library/ScriptAssemblies/Unity.Mathematics.Tests.dll not valid. Loading of assembly skipped.
Assembly Unity.Multiplayer.Center.Editor.Tests.dll at Library/ScriptAssemblies/Unity.Multiplayer.Center.Editor.Tests.dll not valid. Loading of assembly skipped.
Assembly Unity.Multiplayer.Center.Tests.dll at Library/ScriptAssemblies/Unity.Multiplayer.Center.Tests.dll not valid. Loading of assembly skipped.
Assembly Unity.Nuget.Mono-Cecil.dll at Library/ScriptAssemblies/Unity.Nuget.Mono-Cecil.dll not valid. Loading of assembly skipped.
Assembly Unity.PathTracing.Editor.Tests.dll at Library/ScriptAssemblies/Unity.PathTracing.Editor.Tests.dll not valid. Loading of assembly skipped.
Assembly Unity.PathTracing.Runtime.Tests.dll at Library/ScriptAssemblies/Unity.PathTracing.Runtime.Tests.dll not valid. Loading of assembly skipped.
Assembly Unity.RenderPipelines.Core.Editor.Tests.dll at Library/ScriptAssemblies/Unity.RenderPipelines.Core.Editor.Tests.dll not valid. Loading of assembly skipped.
Assembly Unity.RenderPipelines.Core.Runtime.Tests.dll at Library/ScriptAssemblies/Unity.RenderPipelines.Core.Runtime.Tests.dll not valid. Loading of assembly skipped.
Assembly Unity.RenderPipelines.Universal.Config.Editor.Tests.dll at Library/ScriptAssemblies/Unity.RenderPipelines.Universal.Config.Editor.Tests.dll not valid. Loading of assembly skipped.
Assembly Unity.RenderPipelines.Universal.Editor.Tests.dll at Library/ScriptAssemblies/Unity.RenderPipelines.Universal.Editor.Tests.dll not valid. Loading of assembly skipped.
Assembly Unity.RenderPipelines.Universal.Runtime.Tests.dll at Library/ScriptAssemblies/Unity.RenderPipelines.Universal.Runtime.Tests.dll not valid. Loading of assembly skipped.
Assembly Unity.Searcher.EditorTests.dll at Library/ScriptAssemblies/Unity.Searcher.EditorTests.dll not valid. Loading of assembly skipped.
Assembly Unity.ShaderGraph.Editor.Tests.dll at Library/ScriptAssemblies/Unity.ShaderGraph.Editor.Tests.dll not valid. Loading of assembly skipped.
Assembly Unity.TextMeshPro.Editor.Tests.dll at Library/ScriptAssemblies/Unity.TextMeshPro.Editor.Tests.dll not valid. Loading of assembly skipped.
Assembly Unity.TextMeshPro.Tests.dll at Library/ScriptAssemblies/Unity.TextMeshPro.Tests.dll not valid. Loading of assembly skipped.
Assembly Unity.UnifiedRayTracing.Editor.Tests.dll at Library/ScriptAssemblies/Unity.UnifiedRayTracing.Editor.Tests.dll not valid. Loading of assembly skipped.
Assembly UnityEditor.UI.Common.Tests.dll at Library/ScriptAssemblies/UnityEditor.UI.Common.Tests.dll not valid. Loading of assembly skipped.
Assembly UnityEditor.UI.EditorTests.dll at Library/ScriptAssemblies/UnityEditor.UI.EditorTests.dll not valid. Loading of assembly skipped.
Assembly UnityEditor.XR.LegacyInputHelpers.Tests.dll at Library/ScriptAssemblies/UnityEditor.XR.LegacyInputHelpers.Tests.dll not valid. Loading of assembly skipped.
Assembly UnityEngine.Advertisements.Editor.Tests.dll at Library/ScriptAssemblies/UnityEngine.Advertisements.Editor.Tests.dll not valid. Loading of assembly skipped.
Assembly UnityEngine.Advertisements.Tests.dll at Library/ScriptAssemblies/UnityEngine.Advertisements.Tests.dll not valid. Loading of assembly skipped.
Assembly UnityEngine.Purchasing.Apple.dll at Library/ScriptAssemblies/UnityEngine.Purchasing.Apple.dll not valid. Loading of assembly skipped.
Assembly UnityEngine.Purchasing.AppleMacos.dll at Library/ScriptAssemblies/UnityEngine.Purchasing.AppleMacos.dll not valid. Loading of assembly skipped.
Assembly UnityEngine.Purchasing.Security.dll at Library/ScriptAssemblies/UnityEngine.Purchasing.Security.dll not valid. Loading of assembly skipped.
Assembly UnityEngine.Purchasing.WinRT.dll at Library/ScriptAssemblies/UnityEngine.Purchasing.WinRT.dll not valid. Loading of assembly skipped.
Assembly UnityEngine.SpatialTracking.Tests.dll at Library/ScriptAssemblies/UnityEngine.SpatialTracking.Tests.dll not valid. Loading of assembly skipped.
Assembly UnityEngine.UI.Tests.dll at Library/ScriptAssemblies/UnityEngine.UI.Tests.dll not valid. Loading of assembly skipped.
Symbol file LoadedFromMemory is not a mono symbol file
OnLevelWasLoaded was found on MatchManager
This message has been deprecated and will be removed in a later version of Unity.
Add a delegate to SceneManager.sceneLoaded instead to get notifications after scene loading has completed
Refreshing native plugins compatible for Editor in 8.44 ms, found 2 plugins.
OnLevelWasLoaded was found on MatchManager
This message has been deprecated and will be removed in a later version of Unity.
Add a delegate to SceneManager.sceneLoaded instead to get notifications after scene loading has completed
Native extension for Android target not found
Native extension for WindowsStandalone target not found
[Package Manager] Failed to launch server process. Reason: Unity was launched with the -noUpm command-line argument
[Package Manager] Unable to send message (not connected to server process).
[Package Manager] Cannot connect to Unity Package Manager local server
[Package Manager] Failed to launch server process. Reason: Unity was launched with the -noUpm command-line argument
[Package Manager] Unable to send message (not connected to server process).
[Package Manager] Cannot connect to Unity Package Manager local server
ScheduleIndexationOnStartup MainProcess:False IndexOnStartup:True
Mono: successfully reloaded assembly
- Finished resetting the current domain, in  1.683 seconds
Domain Reload Profiling: 3289ms
	BeginReloadAssembly (307ms)
		DisableScriptedObjects (9ms)
		CreateAndSetChildDomain (41ms)
	RebuildCommonClasses (54ms)
	RebuildNativeTypeToScriptingClass (17ms)
	initialDomainReloadingComplete (122ms)
	LoadAllAssembliesAndSetupDomain (1105ms)
		LoadAssemblies (932ms)
		AnalyzeDomain (363ms)
			TypeCache.Refresh (255ms)
				TypeCache.ScanAssembly (226ms)
			BuildScriptInfoCaches (89ms)
			ResolveRequiredComponents (17ms)
	FinalizeReload (1684ms)
		SetupLoadedEditorAssemblies (0ms)
			InitializePlatformSupportModulesInManaged (13ms)
			BeforeProcessingInitializeOnLoad (233ms)
			ProcessInitializeOnLoadAttributes (536ms)
			ProcessInitializeOnLoadMethodAttributes (547ms)
			AfterProcessingInitializeOnLoad (3ms)
		AwakeInstancesAfterBackupRestoration (12ms)
Launched and connected shader compiler UnityShaderCompiler.exe after 0.03 seconds
Refreshing native plugins compatible for Editor in 6.71 ms, found 2 plugins.
Unloading 24 Unused Serialized files (Serialized files now loaded: 0)
Unloading 5652 unused Assets / (5.4 MB). Loaded Objects now: 6536.
Memory consumption went from 166.5 MB to 161.1 MB.
Total: 21.561200 ms (FindLiveObjects: 1.119800 ms CreateObjectMapping: 0.702800 ms MarkObjects: 16.236200 ms  DeleteObjects: 3.500300 ms)

========================================================================
Received Import Request.
  Time since last request: 354.874804 seconds.
  path: Assets/Scenes/Track_GreenHillZone.unity
  importAddress: Guid(dd3bbb09ce1af034192ad01d199b5a98) Importer(2089858483,b0f066a214c2f5e87bad3c948f4d605d)
Start importing Assets/Scenes/Track_GreenHillZone.unity using Guid(dd3bbb09ce1af034192ad01d199b5a98) Importer(2089858483,b0f066a214c2f5e87bad3c948f4d605d) (ScriptedImporter) -> (Import Result ID: '03aeded21d3d6f097a303f567618ab64') in 0.1320448 seconds [static and dynamic dependencies]. Details - ImportResultOutputID=a36f2eb4df6c5f4218cb3ca3d003d20d DependenciesID=4db27ec24341148403b7f6128e90662b StaticDependenciesID=3a2cafcdf12628235e01deb4fba40246 
Number of updated asset objects reloaded before import = 0Number of asset objects unloaded after import = 1

========================================================================
Received Import Request.
  Time since last request: 0.000023 seconds.
  path: Assets/MobileDependencyResolver/Editor/1.2.185/Google.JarResolver.dll
  importAddress: Guid(459f2b4255ec498caed1c0aeb1bf03a0) Importer(2089858483,b0f066a214c2f5e87bad3c948f4d605d)
Start importing Assets/MobileDependencyResolver/Editor/1.2.185/Google.JarResolver.dll using Guid(459f2b4255ec498caed1c0aeb1bf03a0) Importer(2089858483,b0f066a214c2f5e87bad3c948f4d605d) (ScriptedImporter) -> (Import Result ID: 'd86aad50a78f1c03479b90acbaea0049') in 0.0367194 seconds [static and dynamic dependencies]. Details - ImportResultOutputID=b2efec3720e91a23958cf9f09219fc47 DependenciesID=46f22ed3efa486fa250595e6da922dbc StaticDependenciesID=77c892e7851d46b4918f553582e700e2 
Number of updated asset objects reloaded before import = 0Number of asset objects unloaded after import = 0

========================================================================
Received Import Request.
  Time since last request: 0.000026 seconds.
  path: Assets/Art/Environment/01 Green Hill Zone/Materials/Grass_Tiled64.mat
  importAddress: Guid(b22986f54136ea0479ea9be7c9f8f7fa) Importer(2089858483,b0f066a214c2f5e87bad3c948f4d605d)
Start importing Assets/Art/Environment/01 Green Hill Zone/Materials/Grass_Tiled64.mat using Guid(b22986f54136ea0479ea9be7c9f8f7fa) Importer(2089858483,b0f066a214c2f5e87bad3c948f4d605d) (ScriptedImporter) -> (Import Result ID: '051194b972034a1c76e6483957d7ce03') in 0.0475741 seconds [static and dynamic dependencies]. Details - ImportResultOutputID=d64aeb07f56c911862d35fd73c0a9181 DependenciesID=85642819e4792e7fbc234f40f5b2453b StaticDependenciesID=b507d4fb468d8f4aeac8080aa4dbe62b 
Number of updated asset objects reloaded before import = 0Number of asset objects unloaded after import = 4

========================================================================
Received Import Request.
  Time since last request: 0.000024 seconds.
  path: Assets/_Recovery
  importAddress: Guid(bd1b112aa38d9b647b012bf59c433bd3) Importer(2089858483,b0f066a214c2f5e87bad3c948f4d605d)
Start importing Assets/_Recovery using Guid(bd1b112aa38d9b647b012bf59c433bd3) Importer(2089858483,b0f066a214c2f5e87bad3c948f4d605d) (ScriptedImporter) -> (Import Result ID: 'a5e2d82304b29ec777e88ce827dc8e19') in 0.0127263 seconds [static and dynamic dependencies]. Details - ImportResultOutputID=ab6639dbc2d17fc5695b3a2d62dcf819 DependenciesID=c4809f28b02148c744b18f34a22c8ec2 StaticDependenciesID=a1ed99eddd115b9c11b7bb5dc330c7b6 
Number of updated asset objects reloaded before import = 0Number of asset objects unloaded after import = 1

========================================================================
Received Import Request.
  Time since last request: 0.000018 seconds.
  path: Assets/Art/Environment/Terrain/MountainTerrain.asset
  importAddress: Guid(b417465beb72d3c449eddb49f7e03610) Importer(2089858483,b0f066a214c2f5e87bad3c948f4d605d)
Start importing Assets/Art/Environment/Terrain/MountainTerrain.asset using Guid(b417465beb72d3c449eddb49f7e03610) Importer(2089858483,b0f066a214c2f5e87bad3c948f4d605d) (ScriptedImporter) -> (Import Result ID: 'afdf0dd60508674188e65f6f5f0ceeb7') in 0.0634176 seconds [static and dynamic dependencies]. Details - ImportResultOutputID=d441fc087e5b4ecd32fcd407470c946a DependenciesID=909cb501957a00715e62e6427472773a StaticDependenciesID=a76f7a75f41420922b2860be5218b564 
Number of updated asset objects reloaded before import = 0Number of asset objects unloaded after import = 2

========================================================================
Received Import Request.
  Time since last request: 0.000022 seconds.
  path: Assets/_Recovery/0.unity
  importAddress: Guid(ccca10b8212047549b5c2dd8fb2899b2) Importer(2089858483,b0f066a214c2f5e87bad3c948f4d605d)
Start importing Assets/_Recovery/0.unity using Guid(ccca10b8212047549b5c2dd8fb2899b2) Importer(2089858483,b0f066a214c2f5e87bad3c948f4d605d) (ScriptedImporter) -> (Import Result ID: 'a6568ef645a2d8954f9f9696647e301f') in 0.0399141 seconds [static and dynamic dependencies]. Details - ImportResultOutputID=75d3579b8a576a27920f1ca51dfb1664 DependenciesID=621ba7ee5c5a2d2d229079acb08c3e8a StaticDependenciesID=ffdd7a6b4e90b1b4b688525fd3d81994 
Number of updated asset objects reloaded before import = 0Number of asset objects unloaded after import = 1

========================================================================
Received Prepare
Begin MonoManager ReloadAssembly
[Licensing::Client] Successfully resolved entitlement details
[Licensing::Module] License group:
  Id: F4-MESN-GUW7-62D3-FRZW-XXXX
  Product: Unity Personal
  Type: ULF
  Expiration: Unlimited
[Licensing::Module] License group:
  Id: 9071283907225-UnityPersXXXX
  Product: Unity Personal
  Type: Assigned
  Expiration: Unlimited
Duplicate assembly 'Newtonsoft.Json.dll' with different versions detected, using 'Packages/com.unity.nuget.newtonsoft-json/Runtime/Newtonsoft.Json.dll, AssemblyName=Newtonsoft.Json, Version=13.0.0.0, Culture=neutral, PublicKeyToken=30ad4fe6b2a6aeed' and ignoring 'Assets/Assemblies/Newtonsoft.Json.dll, AssemblyName=Newtonsoft.Json, Version=6.0.0.0, Culture=neutral, PublicKeyToken=30ad4fe6b2a6aeed'.Assembly Assembly-CSharp-Editor-firstpass.dll at Library/ScriptAssemblies/Assembly-CSharp-Editor-firstpass.dll not valid. Loading of assembly skipped.
Assembly DocCodeExamples.dll at Library/ScriptAssemblies/DocCodeExamples.dll not valid. Loading of assembly skipped.
Assembly TestNewCustomAssembly.dll at Library/ScriptAssemblies/TestNewCustomAssembly.dll not valid. Loading of assembly skipped.
Assembly Unity.2D.Sprite.Package.EditorTests.dll at Library/ScriptAssemblies/Unity.2D.Sprite.Package.EditorTests.dll not valid. Loading of assembly skipped.
Assembly Unity.2D.Tilemap.Package.EditorTests.dll at Library/ScriptAssemblies/Unity.2D.Tilemap.Package.EditorTests.dll not valid. Loading of assembly skipped.
Assembly Unity.Analytics.DataPrivacy.Tests.dll at Library/ScriptAssemblies/Unity.Analytics.DataPrivacy.Tests.dll not valid. Loading of assembly skipped.
Assembly Unity.Analytics.StandardEvents.EditorTests.dll at Library/ScriptAssemblies/Unity.Analytics.StandardEvents.EditorTests.dll not valid. Loading of assembly skipped.
Assembly Unity.Collections.BurstCompatibilityGen.dll at Library/ScriptAssemblies/Unity.Collections.BurstCompatibilityGen.dll not valid. Loading of assembly skipped.
Assembly Unity.Collections.DocCodeSamples.dll at Library/ScriptAssemblies/Unity.Collections.DocCodeSamples.dll not valid. Loading of assembly skipped.
Assembly Unity.Collections.PerformanceTests.dll at Library/ScriptAssemblies/Unity.Collections.PerformanceTests.dll not valid. Loading of assembly skipped.
Assembly Unity.Collections.Tests.dll at Library/ScriptAssemblies/Unity.Collections.Tests.dll not valid. Loading of assembly skipped.
Assembly Unity.Collections.Tests.Playmode.dll at Library/ScriptAssemblies/Unity.Collections.Tests.Playmode.dll not valid. Loading of assembly skipped.
Assembly Unity.Mathematics.Tests.dll at Library/ScriptAssemblies/Unity.Mathematics.Tests.dll not valid. Loading of assembly skipped.
Assembly Unity.Multiplayer.Center.Editor.Tests.dll at Library/ScriptAssemblies/Unity.Multiplayer.Center.Editor.Tests.dll not valid. Loading of assembly skipped.
Assembly Unity.Multiplayer.Center.Tests.dll at Library/ScriptAssemblies/Unity.Multiplayer.Center.Tests.dll not valid. Loading of assembly skipped.
Assembly Unity.Nuget.Mono-Cecil.dll at Library/ScriptAssemblies/Unity.Nuget.Mono-Cecil.dll not valid. Loading of assembly skipped.
Assembly Unity.PathTracing.Editor.Tests.dll at Library/ScriptAssemblies/Unity.PathTracing.Editor.Tests.dll not valid. Loading of assembly skipped.
Assembly Unity.PathTracing.Runtime.Tests.dll at Library/ScriptAssemblies/Unity.PathTracing.Runtime.Tests.dll not valid. Loading of assembly skipped.
Assembly Unity.RenderPipelines.Core.Editor.Tests.dll at Library/ScriptAssemblies/Unity.RenderPipelines.Core.Editor.Tests.dll not valid. Loading of assembly skipped.
Assembly Unity.RenderPipelines.Core.Runtime.Tests.dll at Library/ScriptAssemblies/Unity.RenderPipelines.Core.Runtime.Tests.dll not valid. Loading of assembly skipped.
Assembly Unity.RenderPipelines.Universal.Config.Editor.Tests.dll at Library/ScriptAssemblies/Unity.RenderPipelines.Universal.Config.Editor.Tests.dll not valid. Loading of assembly skipped.
Assembly Unity.RenderPipelines.Universal.Editor.Tests.dll at Library/ScriptAssemblies/Unity.RenderPipelines.Universal.Editor.Tests.dll not valid. Loading of assembly skipped.
Assembly Unity.RenderPipelines.Universal.Runtime.Tests.dll at Library/ScriptAssemblies/Unity.RenderPipelines.Universal.Runtime.Tests.dll not valid. Loading of assembly skipped.
Assembly Unity.Searcher.EditorTests.dll at Library/ScriptAssemblies/Unity.Searcher.EditorTests.dll not valid. Loading of assembly skipped.
Assembly Unity.ShaderGraph.Editor.Tests.dll at Library/ScriptAssemblies/Unity.ShaderGraph.Editor.Tests.dll not valid. Loading of assembly skipped.
Assembly Unity.TextMeshPro.Editor.Tests.dll at Library/ScriptAssemblies/Unity.TextMeshPro.Editor.Tests.dll not valid. Loading of assembly skipped.
Assembly Unity.TextMeshPro.Tests.dll at Library/ScriptAssemblies/Unity.TextMeshPro.Tests.dll not valid. Loading of assembly skipped.
Assembly Unity.UnifiedRayTracing.Editor.Tests.dll at Library/ScriptAssemblies/Unity.UnifiedRayTracing.Editor.Tests.dll not valid. Loading of assembly skipped.
Assembly UnityEditor.UI.Common.Tests.dll at Library/ScriptAssemblies/UnityEditor.UI.Common.Tests.dll not valid. Loading of assembly skipped.
Assembly UnityEditor.UI.EditorTests.dll at Library/ScriptAssemblies/UnityEditor.UI.EditorTests.dll not valid. Loading of assembly skipped.
Assembly UnityEditor.XR.LegacyInputHelpers.Tests.dll at Library/ScriptAssemblies/UnityEditor.XR.LegacyInputHelpers.Tests.dll not valid. Loading of assembly skipped.
Assembly UnityEngine.Advertisements.Editor.Tests.dll at Library/ScriptAssemblies/UnityEngine.Advertisements.Editor.Tests.dll not valid. Loading of assembly skipped.
Assembly UnityEngine.Advertisements.Tests.dll at Library/ScriptAssemblies/UnityEngine.Advertisements.Tests.dll not valid. Loading of assembly skipped.
Assembly UnityEngine.Purchasing.Apple.dll at Library/ScriptAssemblies/UnityEngine.Purchasing.Apple.dll not valid. Loading of assembly skipped.
Assembly UnityEngine.Purchasing.AppleMacos.dll at Library/ScriptAssemblies/UnityEngine.Purchasing.AppleMacos.dll not valid. Loading of assembly skipped.
Assembly UnityEngine.Purchasing.Security.dll at Library/ScriptAssemblies/UnityEngine.Purchasing.Security.dll not valid. Loading of assembly skipped.
Assembly UnityEngine.Purchasing.WinRT.dll at Library/ScriptAssemblies/UnityEngine.Purchasing.WinRT.dll not valid. Loading of assembly skipped.
Assembly UnityEngine.SpatialTracking.Tests.dll at Library/ScriptAssemblies/UnityEngine.SpatialTracking.Tests.dll not valid. Loading of assembly skipped.
Assembly UnityEngine.UI.Tests.dll at Library/ScriptAssemblies/UnityEngine.UI.Tests.dll not valid. Loading of assembly skipped.
Symbol file LoadedFromMemory is not a mono symbol file
OnLevelWasLoaded was found on MatchManager
This message has been deprecated and will be removed in a later version of Unity.
Add a delegate to SceneManager.sceneLoaded instead to get notifications after scene loading has completed
Refreshing native plugins compatible for Editor in 9.88 ms, found 2 plugins.
OnLevelWasLoaded was found on MatchManager
This message has been deprecated and will be removed in a later version of Unity.
Add a delegate to SceneManager.sceneLoaded instead to get notifications after scene loading has completed
Native extension for Android target not found
Native extension for WindowsStandalone target not found
[Package Manager] Failed to launch server process. Reason: Unity was launched with the -noUpm command-line argument
[Package Manager] Unable to send message (not connected to server process).
[Package Manager] Cannot connect to Unity Package Manager local server
[Package Manager] Failed to launch server process. Reason: Unity was launched with the -noUpm command-line argument
[Package Manager] Unable to send message (not connected to server process).
[Package Manager] Cannot connect to Unity Package Manager local server
ScheduleIndexationOnStartup MainProcess:False IndexOnStartup:True
Mono: successfully reloaded assembly
- Finished resetting the current domain, in  1.602 seconds
Domain Reload Profiling: 6179ms
	BeginReloadAssembly (601ms)
		DisableScriptedObjects (48ms)
		CreateAndSetChildDomain (188ms)
	RebuildCommonClasses (198ms)
	RebuildNativeTypeToScriptingClass (19ms)
	initialDomainReloadingComplete (97ms)
	LoadAllAssembliesAndSetupDomain (3661ms)
		LoadAssemblies (3013ms)
		AnalyzeDomain (755ms)
			TypeCache.Refresh (14ms)
			BuildScriptInfoCaches (699ms)
			ResolveRequiredComponents (34ms)
	FinalizeReload (1603ms)
		SetupLoadedEditorAssemblies (0ms)
			LogAssemblyErrors (4ms)
			InitializePlatformSupportModulesInManaged (17ms)
			BeforeProcessingInitializeOnLoad (264ms)
			ProcessInitializeOnLoadAttributes (410ms)
			ProcessInitializeOnLoadMethodAttributes (424ms)
			AfterProcessingInitializeOnLoad (3ms)
		AwakeInstancesAfterBackupRestoration (23ms)
Refreshing native plugins compatible for Editor in 6.76 ms, found 2 plugins.
Unloading 24 Unused Serialized files (Serialized files now loaded: 0)
Unloading 5651 unused Assets / (5.4 MB). Loaded Objects now: 6553.
Memory consumption went from 173.1 MB to 167.7 MB.
Total: 17.220600 ms (FindLiveObjects: 0.998300 ms CreateObjectMapping: 0.737000 ms MarkObjects: 11.467800 ms  DeleteObjects: 4.014600 ms)

Prepare: number of updated asset objects reloaded= 0
========================================================================
Received Prepare
Begin MonoManager ReloadAssembly
Duplicate assembly 'Newtonsoft.Json.dll' with different versions detected, using 'Packages/com.unity.nuget.newtonsoft-json/Runtime/Newtonsoft.Json.dll, AssemblyName=Newtonsoft.Json, Version=13.0.0.0, Culture=neutral, PublicKeyToken=30ad4fe6b2a6aeed' and ignoring 'Assets/Assemblies/Newtonsoft.Json.dll, AssemblyName=Newtonsoft.Json, Version=6.0.0.0, Culture=neutral, PublicKeyToken=30ad4fe6b2a6aeed'.Assembly Assembly-CSharp-Editor-firstpass.dll at Library/ScriptAssemblies/Assembly-CSharp-Editor-firstpass.dll not valid. Loading of assembly skipped.
Assembly DocCodeExamples.dll at Library/ScriptAssemblies/DocCodeExamples.dll not valid. Loading of assembly skipped.
Assembly TestNewCustomAssembly.dll at Library/ScriptAssemblies/TestNewCustomAssembly.dll not valid. Loading of assembly skipped.
Assembly Unity.2D.Sprite.Package.EditorTests.dll at Library/ScriptAssemblies/Unity.2D.Sprite.Package.EditorTests.dll not valid. Loading of assembly skipped.
Assembly Unity.2D.Tilemap.Package.EditorTests.dll at Library/ScriptAssemblies/Unity.2D.Tilemap.Package.EditorTests.dll not valid. Loading of assembly skipped.
Assembly Unity.Analytics.DataPrivacy.Tests.dll at Library/ScriptAssemblies/Unity.Analytics.DataPrivacy.Tests.dll not valid. Loading of assembly skipped.
Assembly Unity.Analytics.StandardEvents.EditorTests.dll at Library/ScriptAssemblies/Unity.Analytics.StandardEvents.EditorTests.dll not valid. Loading of assembly skipped.
Assembly Unity.Collections.BurstCompatibilityGen.dll at Library/ScriptAssemblies/Unity.Collections.BurstCompatibilityGen.dll not valid. Loading of assembly skipped.
Assembly Unity.Collections.DocCodeSamples.dll at Library/ScriptAssemblies/Unity.Collections.DocCodeSamples.dll not valid. Loading of assembly skipped.
Assembly Unity.Collections.PerformanceTests.dll at Library/ScriptAssemblies/Unity.Collections.PerformanceTests.dll not valid. Loading of assembly skipped.
Assembly Unity.Collections.Tests.dll at Library/ScriptAssemblies/Unity.Collections.Tests.dll not valid. Loading of assembly skipped.
Assembly Unity.Collections.Tests.Playmode.dll at Library/ScriptAssemblies/Unity.Collections.Tests.Playmode.dll not valid. Loading of assembly skipped.
Assembly Unity.Mathematics.Tests.dll at Library/ScriptAssemblies/Unity.Mathematics.Tests.dll not valid. Loading of assembly skipped.
Assembly Unity.Multiplayer.Center.Editor.Tests.dll at Library/ScriptAssemblies/Unity.Multiplayer.Center.Editor.Tests.dll not valid. Loading of assembly skipped.
Assembly Unity.Multiplayer.Center.Tests.dll at Library/ScriptAssemblies/Unity.Multiplayer.Center.Tests.dll not valid. Loading of assembly skipped.
Assembly Unity.Nuget.Mono-Cecil.dll at Library/ScriptAssemblies/Unity.Nuget.Mono-Cecil.dll not valid. Loading of assembly skipped.
Assembly Unity.PathTracing.Editor.Tests.dll at Library/ScriptAssemblies/Unity.PathTracing.Editor.Tests.dll not valid. Loading of assembly skipped.
Assembly Unity.PathTracing.Runtime.Tests.dll at Library/ScriptAssemblies/Unity.PathTracing.Runtime.Tests.dll not valid. Loading of assembly skipped.
Assembly Unity.RenderPipelines.Core.Editor.Tests.dll at Library/ScriptAssemblies/Unity.RenderPipelines.Core.Editor.Tests.dll not valid. Loading of assembly skipped.
Assembly Unity.RenderPipelines.Core.Runtime.Tests.dll at Library/ScriptAssemblies/Unity.RenderPipelines.Core.Runtime.Tests.dll not valid. Loading of assembly skipped.
Assembly Unity.RenderPipelines.Universal.Config.Editor.Tests.dll at Library/ScriptAssemblies/Unity.RenderPipelines.Universal.Config.Editor.Tests.dll not valid. Loading of assembly skipped.
Assembly Unity.RenderPipelines.Universal.Editor.Tests.dll at Library/ScriptAssemblies/Unity.RenderPipelines.Universal.Editor.Tests.dll not valid. Loading of assembly skipped.
Assembly Unity.RenderPipelines.Universal.Runtime.Tests.dll at Library/ScriptAssemblies/Unity.RenderPipelines.Universal.Runtime.Tests.dll not valid. Loading of assembly skipped.
Assembly Unity.Searcher.EditorTests.dll at Library/ScriptAssemblies/Unity.Searcher.EditorTests.dll not valid. Loading of assembly skipped.
Assembly Unity.ShaderGraph.Editor.Tests.dll at Library/ScriptAssemblies/Unity.ShaderGraph.Editor.Tests.dll not valid. Loading of assembly skipped.
Assembly Unity.TextMeshPro.Editor.Tests.dll at Library/ScriptAssemblies/Unity.TextMeshPro.Editor.Tests.dll not valid. Loading of assembly skipped.
Assembly Unity.TextMeshPro.Tests.dll at Library/ScriptAssemblies/Unity.TextMeshPro.Tests.dll not valid. Loading of assembly skipped.
Assembly Unity.UnifiedRayTracing.Editor.Tests.dll at Library/ScriptAssemblies/Unity.UnifiedRayTracing.Editor.Tests.dll not valid. Loading of assembly skipped.
Assembly UnityEditor.UI.Common.Tests.dll at Library/ScriptAssemblies/UnityEditor.UI.Common.Tests.dll not valid. Loading of assembly skipped.
Assembly UnityEditor.UI.EditorTests.dll at Library/ScriptAssemblies/UnityEditor.UI.EditorTests.dll not valid. Loading of assembly skipped.
Assembly UnityEditor.XR.LegacyInputHelpers.Tests.dll at Library/ScriptAssemblies/UnityEditor.XR.LegacyInputHelpers.Tests.dll not valid. Loading of assembly skipped.
Assembly UnityEngine.Advertisements.Editor.Tests.dll at Library/ScriptAssemblies/UnityEngine.Advertisements.Editor.Tests.dll not valid. Loading of assembly skipped.
Assembly UnityEngine.Advertisements.Tests.dll at Library/ScriptAssemblies/UnityEngine.Advertisements.Tests.dll not valid. Loading of assembly skipped.
Assembly UnityEngine.Purchasing.Apple.dll at Library/ScriptAssemblies/UnityEngine.Purchasing.Apple.dll not valid. Loading of assembly skipped.
Assembly UnityEngine.Purchasing.AppleMacos.dll at Library/ScriptAssemblies/UnityEngine.Purchasing.AppleMacos.dll not valid. Loading of assembly skipped.
Assembly UnityEngine.Purchasing.Security.dll at Library/ScriptAssemblies/UnityEngine.Purchasing.Security.dll not valid. Loading of assembly skipped.
Assembly UnityEngine.Purchasing.WinRT.dll at Library/ScriptAssemblies/UnityEngine.Purchasing.WinRT.dll not valid. Loading of assembly skipped.
Assembly UnityEngine.SpatialTracking.Tests.dll at Library/ScriptAssemblies/UnityEngine.SpatialTracking.Tests.dll not valid. Loading of assembly skipped.
Assembly UnityEngine.UI.Tests.dll at Library/ScriptAssemblies/UnityEngine.UI.Tests.dll not valid. Loading of assembly skipped.
Symbol file LoadedFromMemory is not a mono symbol file
OnLevelWasLoaded was found on MatchManager
This message has been deprecated and will be removed in a later version of Unity.
Add a delegate to SceneManager.sceneLoaded instead to get notifications after scene loading has completed
Refreshing native plugins compatible for Editor in 5.85 ms, found 2 plugins.
OnLevelWasLoaded was found on MatchManager
This message has been deprecated and will be removed in a later version of Unity.
Add a delegate to SceneManager.sceneLoaded instead to get notifications after scene loading has completed
Native extension for Android target not found
Native extension for WindowsStandalone target not found
[Package Manager] Failed to launch server process. Reason: Unity was launched with the -noUpm command-line argument
[Package Manager] Unable to send message (not connected to server process).
[Package Manager] Cannot connect to Unity Package Manager local server
[Package Manager] Failed to launch server process. Reason: Unity was launched with the -noUpm command-line argument
[Package Manager] Unable to send message (not connected to server process).
[Package Manager] Cannot connect to Unity Package Manager local server
ScheduleIndexationOnStartup MainProcess:False IndexOnStartup:True
Mono: successfully reloaded assembly
- Finished resetting the current domain, in  1.026 seconds
Domain Reload Profiling: 2019ms
	BeginReloadAssembly (288ms)
		DisableScriptedObjects (14ms)
		CreateAndSetChildDomain (67ms)
	RebuildCommonClasses (50ms)
	RebuildNativeTypeToScriptingClass (14ms)
	initialDomainReloadingComplete (78ms)
	LoadAllAssembliesAndSetupDomain (562ms)
		LoadAssemblies (485ms)
		AnalyzeDomain (204ms)
			TypeCache.Refresh (7ms)
			BuildScriptInfoCaches (183ms)
			ResolveRequiredComponents (12ms)
	FinalizeReload (1026ms)
		SetupLoadedEditorAssemblies (0ms)
			InitializePlatformSupportModulesInManaged (11ms)
			BeforeProcessingInitializeOnLoad (183ms)
			ProcessInitializeOnLoadAttributes (290ms)
			ProcessInitializeOnLoadMethodAttributes (311ms)
			AfterProcessingInitializeOnLoad (3ms)
		AwakeInstancesAfterBackupRestoration (18ms)
Refreshing native plugins compatible for Editor in 7.04 ms, found 2 plugins.
Unloading 24 Unused Serialized files (Serialized files now loaded: 0)
Unloading 5650 unused Assets / (5.1 MB). Loaded Objects now: 6556.
Memory consumption went from 178.8 MB to 173.7 MB.
Total: 16.187100 ms (FindLiveObjects: 1.044900 ms CreateObjectMapping: 0.447800 ms MarkObjects: 11.010800 ms  DeleteObjects: 3.682300 ms)

Prepare: number of updated asset objects reloaded= 0
========================================================================
Received Prepare
Begin MonoManager ReloadAssembly
Duplicate assembly 'Newtonsoft.Json.dll' with different versions detected, using 'Packages/com.unity.nuget.newtonsoft-json/Runtime/Newtonsoft.Json.dll, AssemblyName=Newtonsoft.Json, Version=13.0.0.0, Culture=neutral, PublicKeyToken=30ad4fe6b2a6aeed' and ignoring 'Assets/Assemblies/Newtonsoft.Json.dll, AssemblyName=Newtonsoft.Json, Version=6.0.0.0, Culture=neutral, PublicKeyToken=30ad4fe6b2a6aeed'.Assembly Assembly-CSharp-Editor-firstpass.dll at Library/ScriptAssemblies/Assembly-CSharp-Editor-firstpass.dll not valid. Loading of assembly skipped.
Assembly DocCodeExamples.dll at Library/ScriptAssemblies/DocCodeExamples.dll not valid. Loading of assembly skipped.
Assembly TestNewCustomAssembly.dll at Library/ScriptAssemblies/TestNewCustomAssembly.dll not valid. Loading of assembly skipped.
Assembly Unity.2D.Sprite.Package.EditorTests.dll at Library/ScriptAssemblies/Unity.2D.Sprite.Package.EditorTests.dll not valid. Loading of assembly skipped.
Assembly Unity.2D.Tilemap.Package.EditorTests.dll at Library/ScriptAssemblies/Unity.2D.Tilemap.Package.EditorTests.dll not valid. Loading of assembly skipped.
Assembly Unity.Analytics.DataPrivacy.Tests.dll at Library/ScriptAssemblies/Unity.Analytics.DataPrivacy.Tests.dll not valid. Loading of assembly skipped.
Assembly Unity.Analytics.StandardEvents.EditorTests.dll at Library/ScriptAssemblies/Unity.Analytics.StandardEvents.EditorTests.dll not valid. Loading of assembly skipped.
Assembly Unity.Collections.BurstCompatibilityGen.dll at Library/ScriptAssemblies/Unity.Collections.BurstCompatibilityGen.dll not valid. Loading of assembly skipped.
Assembly Unity.Collections.DocCodeSamples.dll at Library/ScriptAssemblies/Unity.Collections.DocCodeSamples.dll not valid. Loading of assembly skipped.
Assembly Unity.Collections.PerformanceTests.dll at Library/ScriptAssemblies/Unity.Collections.PerformanceTests.dll not valid. Loading of assembly skipped.
Assembly Unity.Collections.Tests.dll at Library/ScriptAssemblies/Unity.Collections.Tests.dll not valid. Loading of assembly skipped.
Assembly Unity.Collections.Tests.Playmode.dll at Library/ScriptAssemblies/Unity.Collections.Tests.Playmode.dll not valid. Loading of assembly skipped.
Assembly Unity.Mathematics.Tests.dll at Library/ScriptAssemblies/Unity.Mathematics.Tests.dll not valid. Loading of assembly skipped.
Assembly Unity.Multiplayer.Center.Editor.Tests.dll at Library/ScriptAssemblies/Unity.Multiplayer.Center.Editor.Tests.dll not valid. Loading of assembly skipped.
Assembly Unity.Multiplayer.Center.Tests.dll at Library/ScriptAssemblies/Unity.Multiplayer.Center.Tests.dll not valid. Loading of assembly skipped.
Assembly Unity.Nuget.Mono-Cecil.dll at Library/ScriptAssemblies/Unity.Nuget.Mono-Cecil.dll not valid. Loading of assembly skipped.
Assembly Unity.PathTracing.Editor.Tests.dll at Library/ScriptAssemblies/Unity.PathTracing.Editor.Tests.dll not valid. Loading of assembly skipped.
Assembly Unity.PathTracing.Runtime.Tests.dll at Library/ScriptAssemblies/Unity.PathTracing.Runtime.Tests.dll not valid. Loading of assembly skipped.
Assembly Unity.RenderPipelines.Core.Editor.Tests.dll at Library/ScriptAssemblies/Unity.RenderPipelines.Core.Editor.Tests.dll not valid. Loading of assembly skipped.
Assembly Unity.RenderPipelines.Core.Runtime.Tests.dll at Library/ScriptAssemblies/Unity.RenderPipelines.Core.Runtime.Tests.dll not valid. Loading of assembly skipped.
Assembly Unity.RenderPipelines.Universal.Config.Editor.Tests.dll at Library/ScriptAssemblies/Unity.RenderPipelines.Universal.Config.Editor.Tests.dll not valid. Loading of assembly skipped.
Assembly Unity.RenderPipelines.Universal.Editor.Tests.dll at Library/ScriptAssemblies/Unity.RenderPipelines.Universal.Editor.Tests.dll not valid. Loading of assembly skipped.
Assembly Unity.RenderPipelines.Universal.Runtime.Tests.dll at Library/ScriptAssemblies/Unity.RenderPipelines.Universal.Runtime.Tests.dll not valid. Loading of assembly skipped.
Assembly Unity.Searcher.EditorTests.dll at Library/ScriptAssemblies/Unity.Searcher.EditorTests.dll not valid. Loading of assembly skipped.
Assembly Unity.ShaderGraph.Editor.Tests.dll at Library/ScriptAssemblies/Unity.ShaderGraph.Editor.Tests.dll not valid. Loading of assembly skipped.
Assembly Unity.TextMeshPro.Editor.Tests.dll at Library/ScriptAssemblies/Unity.TextMeshPro.Editor.Tests.dll not valid. Loading of assembly skipped.
Assembly Unity.TextMeshPro.Tests.dll at Library/ScriptAssemblies/Unity.TextMeshPro.Tests.dll not valid. Loading of assembly skipped.
Assembly Unity.UnifiedRayTracing.Editor.Tests.dll at Library/ScriptAssemblies/Unity.UnifiedRayTracing.Editor.Tests.dll not valid. Loading of assembly skipped.
Assembly UnityEditor.UI.Common.Tests.dll at Library/ScriptAssemblies/UnityEditor.UI.Common.Tests.dll not valid. Loading of assembly skipped.
Assembly UnityEditor.UI.EditorTests.dll at Library/ScriptAssemblies/UnityEditor.UI.EditorTests.dll not valid. Loading of assembly skipped.
Assembly UnityEditor.XR.LegacyInputHelpers.Tests.dll at Library/ScriptAssemblies/UnityEditor.XR.LegacyInputHelpers.Tests.dll not valid. Loading of assembly skipped.
Assembly UnityEngine.Advertisements.Editor.Tests.dll at Library/ScriptAssemblies/UnityEngine.Advertisements.Editor.Tests.dll not valid. Loading of assembly skipped.
Assembly UnityEngine.Advertisements.Tests.dll at Library/ScriptAssemblies/UnityEngine.Advertisements.Tests.dll not valid. Loading of assembly skipped.
Assembly UnityEngine.Purchasing.Apple.dll at Library/ScriptAssemblies/UnityEngine.Purchasing.Apple.dll not valid. Loading of assembly skipped.
Assembly UnityEngine.Purchasing.AppleMacos.dll at Library/ScriptAssemblies/UnityEngine.Purchasing.AppleMacos.dll not valid. Loading of assembly skipped.
Assembly UnityEngine.Purchasing.Security.dll at Library/ScriptAssemblies/UnityEngine.Purchasing.Security.dll not valid. Loading of assembly skipped.
Assembly UnityEngine.Purchasing.WinRT.dll at Library/ScriptAssemblies/UnityEngine.Purchasing.WinRT.dll not valid. Loading of assembly skipped.
Assembly UnityEngine.SpatialTracking.Tests.dll at Library/ScriptAssemblies/UnityEngine.SpatialTracking.Tests.dll not valid. Loading of assembly skipped.
Assembly UnityEngine.UI.Tests.dll at Library/ScriptAssemblies/UnityEngine.UI.Tests.dll not valid. Loading of assembly skipped.
Symbol file LoadedFromMemory is not a mono symbol file
OnLevelWasLoaded was found on MatchManager
This message has been deprecated and will be removed in a later version of Unity.
Add a delegate to SceneManager.sceneLoaded instead to get notifications after scene loading has completed
Refreshing native plugins compatible for Editor in 6.45 ms, found 2 plugins.
OnLevelWasLoaded was found on MatchManager
This message has been deprecated and will be removed in a later version of Unity.
Add a delegate to SceneManager.sceneLoaded instead to get notifications after scene loading has completed
Native extension for Android target not found
Native extension for WindowsStandalone target not found
[Package Manager] Failed to launch server process. Reason: Unity was launched with the -noUpm command-line argument
[Package Manager] Unable to send message (not connected to server process).
[Package Manager] Cannot connect to Unity Package Manager local server
[Package Manager] Failed to launch server process. Reason: Unity was launched with the -noUpm command-line argument
[Package Manager] Unable to send message (not connected to server process).
[Package Manager] Cannot connect to Unity Package Manager local server
ScheduleIndexationOnStartup MainProcess:False IndexOnStartup:True
Mono: successfully reloaded assembly
- Finished resetting the current domain, in  1.040 seconds
Domain Reload Profiling: 2061ms
	BeginReloadAssembly (342ms)
		DisableScriptedObjects (24ms)
		CreateAndSetChildDomain (65ms)
	RebuildCommonClasses (43ms)
	RebuildNativeTypeToScriptingClass (15ms)
	initialDomainReloadingComplete (74ms)
	LoadAllAssembliesAndSetupDomain (547ms)
		LoadAssemblies (483ms)
		AnalyzeDomain (199ms)
			TypeCache.Refresh (7ms)
			BuildScriptInfoCaches (178ms)
			ResolveRequiredComponents (12ms)
	FinalizeReload (1040ms)
		SetupLoadedEditorAssemblies (0ms)
			InitializePlatformSupportModulesInManaged (13ms)
			BeforeProcessingInitializeOnLoad (169ms)
			ProcessInitializeOnLoadAttributes (287ms)
			ProcessInitializeOnLoadMethodAttributes (339ms)
			AfterProcessingInitializeOnLoad (3ms)
		AwakeInstancesAfterBackupRestoration (25ms)
Refreshing native plugins compatible for Editor in 10.35 ms, found 2 plugins.
Unloading 24 Unused Serialized files (Serialized files now loaded: 0)
Unloading 5650 unused Assets / (5.7 MB). Loaded Objects now: 6559.
Memory consumption went from 183.3 MB to 177.6 MB.
Total: 21.047000 ms (FindLiveObjects: 0.980100 ms CreateObjectMapping: 0.680000 ms MarkObjects: 15.787200 ms  DeleteObjects: 3.597900 ms)

Prepare: number of updated asset objects reloaded= 0
========================================================================
Received Import Request.
  Time since last request: 1144.103380 seconds.
  path: Assets/Art/Characters/14 Metal Sanic/MetalSanic.png
  importAddress: Guid(95e4147af38df41439b743815cecdaa9) Importer(815301076,1909f56bfc062723c751e8b465ee728b)
Start importing Assets/Art/Characters/14 Metal Sanic/MetalSanic.png using Guid(95e4147af38df41439b743815cecdaa9) Importer(815301076,1909f56bfc062723c751e8b465ee728b) (PreviewImporter)[Licensing::Client] Successfully resolved entitlement details
[Licensing::Module] License group:
  Id: F4-MESN-GUW7-62D3-FRZW-XXXX
  Product: Unity Personal
  Type: ULF
  Expiration: Unlimited
[Licensing::Module] License group:
  Id: 9071283907225-UnityPersXXXX
  Product: Unity Personal
  Type: Assigned
  Expiration: Unlimited
 -> (Import Result ID: '8e9c96abfa3cf30f0aa4733d46277c0b') in 0.1524305 seconds [static and dynamic dependencies]. Details - ImportResultOutputID=42aa45dbe1e391e85b1d43429f65aaba DependenciesID=0c3f0acd76a53035851025c045b6e8ec StaticDependenciesID=06a808c2484a2c8078b762407bbc239d 
Number of updated asset objects reloaded before import = 0Number of asset objects unloaded after import = 2

========================================================================
Received Import Request.
  Time since last request: 2.647293 seconds.
  path: Assets/Art/Characters/13 Vactor/Vactor.mat
  importAddress: Guid(23fdcaa4620e31243a629e131833f151) Importer(815301076,1909f56bfc062723c751e8b465ee728b)
Start importing Assets/Art/Characters/13 Vactor/Vactor.mat using Guid(23fdcaa4620e31243a629e131833f151) Importer(815301076,1909f56bfc062723c751e8b465ee728b) (PreviewImporter) -> (Import Result ID: '3086d9c0c4687e19f9ebe477e305a4a5') in 0.5464341 seconds [static and dynamic dependencies]. Details - ImportResultOutputID=f10cb0bdbe6198ddf48dca6c972307bc DependenciesID=35f896662426833495bd1c8ec86a01d6 StaticDependenciesID=61001a0570e69d1271358bd3d57e1557 
Number of updated asset objects reloaded before import = 0Number of asset objects unloaded after import = 4

========================================================================
Received Prepare
Begin MonoManager ReloadAssembly
[Licensing::Client] Successfully resolved entitlement details
[Licensing::Module] License group:
  Id: F4-MESN-GUW7-62D3-FRZW-XXXX
  Product: Unity Personal
  Type: ULF
  Expiration: Unlimited
[Licensing::Module] License group:
  Id: 9071283907225-UnityPersXXXX
  Product: Unity Personal
  Type: Assigned
  Expiration: Unlimited
Duplicate assembly 'Newtonsoft.Json.dll' with different versions detected, using 'Packages/com.unity.nuget.newtonsoft-json/Runtime/Newtonsoft.Json.dll, AssemblyName=Newtonsoft.Json, Version=13.0.0.0, Culture=neutral, PublicKeyToken=30ad4fe6b2a6aeed' and ignoring 'Assets/Assemblies/Newtonsoft.Json.dll, AssemblyName=Newtonsoft.Json, Version=6.0.0.0, Culture=neutral, PublicKeyToken=30ad4fe6b2a6aeed'.Assembly Assembly-CSharp-Editor-firstpass.dll at Library/ScriptAssemblies/Assembly-CSharp-Editor-firstpass.dll not valid. Loading of assembly skipped.
Assembly DocCodeExamples.dll at Library/ScriptAssemblies/DocCodeExamples.dll not valid. Loading of assembly skipped.
Assembly TestNewCustomAssembly.dll at Library/ScriptAssemblies/TestNewCustomAssembly.dll not valid. Loading of assembly skipped.
Assembly Unity.2D.Sprite.Package.EditorTests.dll at Library/ScriptAssemblies/Unity.2D.Sprite.Package.EditorTests.dll not valid. Loading of assembly skipped.
Assembly Unity.2D.Tilemap.Package.EditorTests.dll at Library/ScriptAssemblies/Unity.2D.Tilemap.Package.EditorTests.dll not valid. Loading of assembly skipped.
Assembly Unity.Analytics.DataPrivacy.Tests.dll at Library/ScriptAssemblies/Unity.Analytics.DataPrivacy.Tests.dll not valid. Loading of assembly skipped.
Assembly Unity.Analytics.StandardEvents.EditorTests.dll at Library/ScriptAssemblies/Unity.Analytics.StandardEvents.EditorTests.dll not valid. Loading of assembly skipped.
Assembly Unity.Collections.BurstCompatibilityGen.dll at Library/ScriptAssemblies/Unity.Collections.BurstCompatibilityGen.dll not valid. Loading of assembly skipped.
Assembly Unity.Collections.DocCodeSamples.dll at Library/ScriptAssemblies/Unity.Collections.DocCodeSamples.dll not valid. Loading of assembly skipped.
Assembly Unity.Collections.PerformanceTests.dll at Library/ScriptAssemblies/Unity.Collections.PerformanceTests.dll not valid. Loading of assembly skipped.
Assembly Unity.Collections.Tests.dll at Library/ScriptAssemblies/Unity.Collections.Tests.dll not valid. Loading of assembly skipped.
Assembly Unity.Collections.Tests.Playmode.dll at Library/ScriptAssemblies/Unity.Collections.Tests.Playmode.dll not valid. Loading of assembly skipped.
Assembly Unity.Mathematics.Tests.dll at Library/ScriptAssemblies/Unity.Mathematics.Tests.dll not valid. Loading of assembly skipped.
Assembly Unity.Multiplayer.Center.Editor.Tests.dll at Library/ScriptAssemblies/Unity.Multiplayer.Center.Editor.Tests.dll not valid. Loading of assembly skipped.
Assembly Unity.Multiplayer.Center.Tests.dll at Library/ScriptAssemblies/Unity.Multiplayer.Center.Tests.dll not valid. Loading of assembly skipped.
Assembly Unity.Nuget.Mono-Cecil.dll at Library/ScriptAssemblies/Unity.Nuget.Mono-Cecil.dll not valid. Loading of assembly skipped.
Assembly Unity.PathTracing.Editor.Tests.dll at Library/ScriptAssemblies/Unity.PathTracing.Editor.Tests.dll not valid. Loading of assembly skipped.
Assembly Unity.PathTracing.Runtime.Tests.dll at Library/ScriptAssemblies/Unity.PathTracing.Runtime.Tests.dll not valid. Loading of assembly skipped.
Assembly Unity.RenderPipelines.Core.Editor.Tests.dll at Library/ScriptAssemblies/Unity.RenderPipelines.Core.Editor.Tests.dll not valid. Loading of assembly skipped.
Assembly Unity.RenderPipelines.Core.Runtime.Tests.dll at Library/ScriptAssemblies/Unity.RenderPipelines.Core.Runtime.Tests.dll not valid. Loading of assembly skipped.
Assembly Unity.RenderPipelines.Universal.Config.Editor.Tests.dll at Library/ScriptAssemblies/Unity.RenderPipelines.Universal.Config.Editor.Tests.dll not valid. Loading of assembly skipped.
Assembly Unity.RenderPipelines.Universal.Editor.Tests.dll at Library/ScriptAssemblies/Unity.RenderPipelines.Universal.Editor.Tests.dll not valid. Loading of assembly skipped.
Assembly Unity.RenderPipelines.Universal.Runtime.Tests.dll at Library/ScriptAssemblies/Unity.RenderPipelines.Universal.Runtime.Tests.dll not valid. Loading of assembly skipped.
Assembly Unity.Searcher.EditorTests.dll at Library/ScriptAssemblies/Unity.Searcher.EditorTests.dll not valid. Loading of assembly skipped.
Assembly Unity.ShaderGraph.Editor.Tests.dll at Library/ScriptAssemblies/Unity.ShaderGraph.Editor.Tests.dll not valid. Loading of assembly skipped.
Assembly Unity.TextMeshPro.Editor.Tests.dll at Library/ScriptAssemblies/Unity.TextMeshPro.Editor.Tests.dll not valid. Loading of assembly skipped.
Assembly Unity.TextMeshPro.Tests.dll at Library/ScriptAssemblies/Unity.TextMeshPro.Tests.dll not valid. Loading of assembly skipped.
Assembly Unity.UnifiedRayTracing.Editor.Tests.dll at Library/ScriptAssemblies/Unity.UnifiedRayTracing.Editor.Tests.dll not valid. Loading of assembly skipped.
Assembly UnityEditor.UI.Common.Tests.dll at Library/ScriptAssemblies/UnityEditor.UI.Common.Tests.dll not valid. Loading of assembly skipped.
Assembly UnityEditor.UI.EditorTests.dll at Library/ScriptAssemblies/UnityEditor.UI.EditorTests.dll not valid. Loading of assembly skipped.
Assembly UnityEditor.XR.LegacyInputHelpers.Tests.dll at Library/ScriptAssemblies/UnityEditor.XR.LegacyInputHelpers.Tests.dll not valid. Loading of assembly skipped.
Assembly UnityEngine.Advertisements.Editor.Tests.dll at Library/ScriptAssemblies/UnityEngine.Advertisements.Editor.Tests.dll not valid. Loading of assembly skipped.
Assembly UnityEngine.Advertisements.Tests.dll at Library/ScriptAssemblies/UnityEngine.Advertisements.Tests.dll not valid. Loading of assembly skipped.
Assembly UnityEngine.Purchasing.Apple.dll at Library/ScriptAssemblies/UnityEngine.Purchasing.Apple.dll not valid. Loading of assembly skipped.
Assembly UnityEngine.Purchasing.AppleMacos.dll at Library/ScriptAssemblies/UnityEngine.Purchasing.AppleMacos.dll not valid. Loading of assembly skipped.
Assembly UnityEngine.Purchasing.Security.dll at Library/ScriptAssemblies/UnityEngine.Purchasing.Security.dll not valid. Loading of assembly skipped.
Assembly UnityEngine.Purchasing.WinRT.dll at Library/ScriptAssemblies/UnityEngine.Purchasing.WinRT.dll not valid. Loading of assembly skipped.
Assembly UnityEngine.SpatialTracking.Tests.dll at Library/ScriptAssemblies/UnityEngine.SpatialTracking.Tests.dll not valid. Loading of assembly skipped.
Assembly UnityEngine.UI.Tests.dll at Library/ScriptAssemblies/UnityEngine.UI.Tests.dll not valid. Loading of assembly skipped.
Symbol file LoadedFromMemory is not a mono symbol file
OnLevelWasLoaded was found on MatchManager
This message has been deprecated and will be removed in a later version of Unity.
Add a delegate to SceneManager.sceneLoaded instead to get notifications after scene loading has completed
Refreshing native plugins compatible for Editor in 6.23 ms, found 2 plugins.
OnLevelWasLoaded was found on MatchManager
This message has been deprecated and will be removed in a later version of Unity.
Add a delegate to SceneManager.sceneLoaded instead to get notifications after scene loading has completed
Native extension for Android target not found
Native extension for WindowsStandalone target not found
[Package Manager] Failed to launch server process. Reason: Unity was launched with the -noUpm command-line argument
[Package Manager] Unable to send message (not connected to server process).
[Package Manager] Cannot connect to Unity Package Manager local server
[Package Manager] Failed to launch server process. Reason: Unity was launched with the -noUpm command-line argument
[Package Manager] Unable to send message (not connected to server process).
[Package Manager] Cannot connect to Unity Package Manager local server
ScheduleIndexationOnStartup MainProcess:False IndexOnStartup:True
Mono: successfully reloaded assembly
- Finished resetting the current domain, in  1.090 seconds
Domain Reload Profiling: 2114ms
	BeginReloadAssembly (340ms)
		DisableScriptedObjects (55ms)
		CreateAndSetChildDomain (80ms)
	RebuildCommonClasses (53ms)
	RebuildNativeTypeToScriptingClass (13ms)
	initialDomainReloadingComplete (79ms)
	LoadAllAssembliesAndSetupDomain (538ms)
		LoadAssemblies (454ms)
		AnalyzeDomain (200ms)
			TypeCache.Refresh (7ms)
			BuildScriptInfoCaches (178ms)
			ResolveRequiredComponents (13ms)
	FinalizeReload (1090ms)
		SetupLoadedEditorAssemblies (0ms)
			InitializePlatformSupportModulesInManaged (11ms)
			BeforeProcessingInitializeOnLoad (167ms)
			ProcessInitializeOnLoadAttributes (290ms)
			ProcessInitializeOnLoadMethodAttributes (382ms)
			AfterProcessingInitializeOnLoad (3ms)
		AwakeInstancesAfterBackupRestoration (23ms)
Refreshing native plugins compatible for Editor in 9.10 ms, found 2 plugins.
Unloading 24 Unused Serialized files (Serialized files now loaded: 0)
Unloading 5652 unused Assets / (5.6 MB). Loaded Objects now: 6627.
Memory consumption went from 182.2 MB to 176.5 MB.
Total: 22.257700 ms (FindLiveObjects: 0.987200 ms CreateObjectMapping: 1.477700 ms MarkObjects: 16.659100 ms  DeleteObjects: 3.132100 ms)

Prepare: number of updated asset objects reloaded= 0
========================================================================
Received Import Request.
  Time since last request: 53.912795 seconds.
  path: Assets/Prefabs/Ingame/Gameplay/Spawnpoint.prefab
  importAddress: Guid(1744336a2c795c741bd68a34779b59bb) Importer(815301076,1909f56bfc062723c751e8b465ee728b)
Start importing Assets/Prefabs/Ingame/Gameplay/Spawnpoint.prefab using Guid(1744336a2c795c741bd68a34779b59bb) Importer(815301076,1909f56bfc062723c751e8b465ee728b) (PreviewImporter)Refreshing native plugins compatible for Editor in 6.06 ms, found 2 plugins.
 -> (Import Result ID: '26c1b42c3bbaee923fd899c892df6e55') in 0.7872561 seconds [static and dynamic dependencies]. Details - ImportResultOutputID=f9c22db529fa2ac4ce01f0012c9396a4 DependenciesID=51f163a2bfa8c168de1800938398ffa8 StaticDependenciesID=e786b2190f4cbbd7a84ad010d21b6319 
Number of updated asset objects reloaded before import = 0Number of asset objects unloaded after import = 100

========================================================================
Received Prepare
Begin MonoManager ReloadAssembly
[Licensing::Client] Successfully resolved entitlement details
[Licensing::Module] License group:
  Id: F4-MESN-GUW7-62D3-FRZW-XXXX
  Product: Unity Personal
  Type: ULF
  Expiration: Unlimited
[Licensing::Module] License group:
  Id: 9071283907225-UnityPersXXXX
  Product: Unity Personal
  Type: Assigned
  Expiration: Unlimited
ADTM: Control thread waiting for realtime thread timed out, have to lock...
Duplicate assembly 'Newtonsoft.Json.dll' with different versions detected, using 'Packages/com.unity.nuget.newtonsoft-json/Runtime/Newtonsoft.Json.dll, AssemblyName=Newtonsoft.Json, Version=13.0.0.0, Culture=neutral, PublicKeyToken=30ad4fe6b2a6aeed' and ignoring 'Assets/Assemblies/Newtonsoft.Json.dll, AssemblyName=Newtonsoft.Json, Version=6.0.0.0, Culture=neutral, PublicKeyToken=30ad4fe6b2a6aeed'.Assembly Assembly-CSharp-Editor-firstpass.dll at Library/ScriptAssemblies/Assembly-CSharp-Editor-firstpass.dll not valid. Loading of assembly skipped.
Assembly DocCodeExamples.dll at Library/ScriptAssemblies/DocCodeExamples.dll not valid. Loading of assembly skipped.
Assembly TestNewCustomAssembly.dll at Library/ScriptAssemblies/TestNewCustomAssembly.dll not valid. Loading of assembly skipped.
Assembly Unity.2D.Sprite.Package.EditorTests.dll at Library/ScriptAssemblies/Unity.2D.Sprite.Package.EditorTests.dll not valid. Loading of assembly skipped.
Assembly Unity.2D.Tilemap.Package.EditorTests.dll at Library/ScriptAssemblies/Unity.2D.Tilemap.Package.EditorTests.dll not valid. Loading of assembly skipped.
Assembly Unity.Analytics.DataPrivacy.Tests.dll at Library/ScriptAssemblies/Unity.Analytics.DataPrivacy.Tests.dll not valid. Loading of assembly skipped.
Assembly Unity.Analytics.StandardEvents.EditorTests.dll at Library/ScriptAssemblies/Unity.Analytics.StandardEvents.EditorTests.dll not valid. Loading of assembly skipped.
Assembly Unity.Collections.BurstCompatibilityGen.dll at Library/ScriptAssemblies/Unity.Collections.BurstCompatibilityGen.dll not valid. Loading of assembly skipped.
Assembly Unity.Collections.DocCodeSamples.dll at Library/ScriptAssemblies/Unity.Collections.DocCodeSamples.dll not valid. Loading of assembly skipped.
Assembly Unity.Collections.PerformanceTests.dll at Library/ScriptAssemblies/Unity.Collections.PerformanceTests.dll not valid. Loading of assembly skipped.
Assembly Unity.Collections.Tests.dll at Library/ScriptAssemblies/Unity.Collections.Tests.dll not valid. Loading of assembly skipped.
Assembly Unity.Collections.Tests.Playmode.dll at Library/ScriptAssemblies/Unity.Collections.Tests.Playmode.dll not valid. Loading of assembly skipped.
Assembly Unity.Mathematics.Tests.dll at Library/ScriptAssemblies/Unity.Mathematics.Tests.dll not valid. Loading of assembly skipped.
Assembly Unity.Multiplayer.Center.Editor.Tests.dll at Library/ScriptAssemblies/Unity.Multiplayer.Center.Editor.Tests.dll not valid. Loading of assembly skipped.
Assembly Unity.Multiplayer.Center.Tests.dll at Library/ScriptAssemblies/Unity.Multiplayer.Center.Tests.dll not valid. Loading of assembly skipped.
Assembly Unity.Nuget.Mono-Cecil.dll at Library/ScriptAssemblies/Unity.Nuget.Mono-Cecil.dll not valid. Loading of assembly skipped.
Assembly Unity.PathTracing.Editor.Tests.dll at Library/ScriptAssemblies/Unity.PathTracing.Editor.Tests.dll not valid. Loading of assembly skipped.
Assembly Unity.PathTracing.Runtime.Tests.dll at Library/ScriptAssemblies/Unity.PathTracing.Runtime.Tests.dll not valid. Loading of assembly skipped.
Assembly Unity.RenderPipelines.Core.Editor.Tests.dll at Library/ScriptAssemblies/Unity.RenderPipelines.Core.Editor.Tests.dll not valid. Loading of assembly skipped.
Assembly Unity.RenderPipelines.Core.Runtime.Tests.dll at Library/ScriptAssemblies/Unity.RenderPipelines.Core.Runtime.Tests.dll not valid. Loading of assembly skipped.
Assembly Unity.RenderPipelines.Universal.Config.Editor.Tests.dll at Library/ScriptAssemblies/Unity.RenderPipelines.Universal.Config.Editor.Tests.dll not valid. Loading of assembly skipped.
Assembly Unity.RenderPipelines.Universal.Editor.Tests.dll at Library/ScriptAssemblies/Unity.RenderPipelines.Universal.Editor.Tests.dll not valid. Loading of assembly skipped.
Assembly Unity.RenderPipelines.Universal.Runtime.Tests.dll at Library/ScriptAssemblies/Unity.RenderPipelines.Universal.Runtime.Tests.dll not valid. Loading of assembly skipped.
Assembly Unity.Searcher.EditorTests.dll at Library/ScriptAssemblies/Unity.Searcher.EditorTests.dll not valid. Loading of assembly skipped.
Assembly Unity.ShaderGraph.Editor.Tests.dll at Library/ScriptAssemblies/Unity.ShaderGraph.Editor.Tests.dll not valid. Loading of assembly skipped.
Assembly Unity.TextMeshPro.Editor.Tests.dll at Library/ScriptAssemblies/Unity.TextMeshPro.Editor.Tests.dll not valid. Loading of assembly skipped.
Assembly Unity.TextMeshPro.Tests.dll at Library/ScriptAssemblies/Unity.TextMeshPro.Tests.dll not valid. Loading of assembly skipped.
Assembly Unity.UnifiedRayTracing.Editor.Tests.dll at Library/ScriptAssemblies/Unity.UnifiedRayTracing.Editor.Tests.dll not valid. Loading of assembly skipped.
Assembly UnityEditor.UI.Common.Tests.dll at Library/ScriptAssemblies/UnityEditor.UI.Common.Tests.dll not valid. Loading of assembly skipped.
Assembly UnityEditor.UI.EditorTests.dll at Library/ScriptAssemblies/UnityEditor.UI.EditorTests.dll not valid. Loading of assembly skipped.
Assembly UnityEditor.XR.LegacyInputHelpers.Tests.dll at Library/ScriptAssemblies/UnityEditor.XR.LegacyInputHelpers.Tests.dll not valid. Loading of assembly skipped.
Assembly UnityEngine.Advertisements.Editor.Tests.dll at Library/ScriptAssemblies/UnityEngine.Advertisements.Editor.Tests.dll not valid. Loading of assembly skipped.
Assembly UnityEngine.Advertisements.Tests.dll at Library/ScriptAssemblies/UnityEngine.Advertisements.Tests.dll not valid. Loading of assembly skipped.
Assembly UnityEngine.Purchasing.Apple.dll at Library/ScriptAssemblies/UnityEngine.Purchasing.Apple.dll not valid. Loading of assembly skipped.
Assembly UnityEngine.Purchasing.AppleMacos.dll at Library/ScriptAssemblies/UnityEngine.Purchasing.AppleMacos.dll not valid. Loading of assembly skipped.
Assembly UnityEngine.Purchasing.Security.dll at Library/ScriptAssemblies/UnityEngine.Purchasing.Security.dll not valid. Loading of assembly skipped.
Assembly UnityEngine.Purchasing.WinRT.dll at Library/ScriptAssemblies/UnityEngine.Purchasing.WinRT.dll not valid. Loading of assembly skipped.
Assembly UnityEngine.SpatialTracking.Tests.dll at Library/ScriptAssemblies/UnityEngine.SpatialTracking.Tests.dll not valid. Loading of assembly skipped.
Assembly UnityEngine.UI.Tests.dll at Library/ScriptAssemblies/UnityEngine.UI.Tests.dll not valid. Loading of assembly skipped.
Symbol file LoadedFromMemory is not a mono symbol file
OnLevelWasLoaded was found on MatchManager
This message has been deprecated and will be removed in a later version of Unity.
Add a delegate to SceneManager.sceneLoaded instead to get notifications after scene loading has completed
Refreshing native plugins compatible for Editor in 6.79 ms, found 2 plugins.
OnLevelWasLoaded was found on MatchManager
This message has been deprecated and will be removed in a later version of Unity.
Add a delegate to SceneManager.sceneLoaded instead to get notifications after scene loading has completed
Native extension for Android target not found
Native extension for WindowsStandalone target not found
[Package Manager] Failed to launch server process. Reason: Unity was launched with the -noUpm command-line argument
[Package Manager] Unable to send message (not connected to server process).
[Package Manager] Cannot connect to Unity Package Manager local server
[Package Manager] Failed to launch server process. Reason: Unity was launched with the -noUpm command-line argument
[Package Manager] Unable to send message (not connected to server process).
[Package Manager] Cannot connect to Unity Package Manager local server
ScheduleIndexationOnStartup MainProcess:False IndexOnStartup:True
Mono: successfully reloaded assembly
- Finished resetting the current domain, in  1.312 seconds
Domain Reload Profiling: 3269ms
	BeginReloadAssembly (1282ms)
		DisableScriptedObjects (36ms)
		CreateAndSetChildDomain (1075ms)
	RebuildCommonClasses (42ms)
	RebuildNativeTypeToScriptingClass (12ms)
	initialDomainReloadingComplete (75ms)
	LoadAllAssembliesAndSetupDomain (545ms)
		LoadAssemblies (440ms)
		AnalyzeDomain (208ms)
			TypeCache.Refresh (8ms)
			BuildScriptInfoCaches (186ms)
			ResolveRequiredComponents (12ms)
	FinalizeReload (1313ms)
		SetupLoadedEditorAssemblies (0ms)
			InitializePlatformSupportModulesInManaged (17ms)
			BeforeProcessingInitializeOnLoad (248ms)
			ProcessInitializeOnLoadAttributes (350ms)
			ProcessInitializeOnLoadMethodAttributes (403ms)
			AfterProcessingInitializeOnLoad (3ms)
		AwakeInstancesAfterBackupRestoration (24ms)
Refreshing native plugins compatible for Editor in 7.62 ms, found 2 plugins.
Unloading 24 Unused Serialized files (Serialized files now loaded: 0)
Unloading 5652 unused Assets / (5.7 MB). Loaded Objects now: 6653.
Memory consumption went from 181.7 MB to 176.0 MB.
Total: 15.856100 ms (FindLiveObjects: 0.997100 ms CreateObjectMapping: 0.735600 ms MarkObjects: 11.158400 ms  DeleteObjects: 2.963900 ms)

Prepare: number of updated asset objects reloaded= 0
========================================================================
Received Prepare
Begin MonoManager ReloadAssembly
ADTM: Control thread waiting for realtime thread timed out, have to lock...
Duplicate assembly 'Newtonsoft.Json.dll' with different versions detected, using 'Packages/com.unity.nuget.newtonsoft-json/Runtime/Newtonsoft.Json.dll, AssemblyName=Newtonsoft.Json, Version=13.0.0.0, Culture=neutral, PublicKeyToken=30ad4fe6b2a6aeed' and ignoring 'Assets/Assemblies/Newtonsoft.Json.dll, AssemblyName=Newtonsoft.Json, Version=6.0.0.0, Culture=neutral, PublicKeyToken=30ad4fe6b2a6aeed'.Assembly Assembly-CSharp-Editor-firstpass.dll at Library/ScriptAssemblies/Assembly-CSharp-Editor-firstpass.dll not valid. Loading of assembly skipped.
Assembly DocCodeExamples.dll at Library/ScriptAssemblies/DocCodeExamples.dll not valid. Loading of assembly skipped.
Assembly TestNewCustomAssembly.dll at Library/ScriptAssemblies/TestNewCustomAssembly.dll not valid. Loading of assembly skipped.
Assembly Unity.2D.Sprite.Package.EditorTests.dll at Library/ScriptAssemblies/Unity.2D.Sprite.Package.EditorTests.dll not valid. Loading of assembly skipped.
Assembly Unity.2D.Tilemap.Package.EditorTests.dll at Library/ScriptAssemblies/Unity.2D.Tilemap.Package.EditorTests.dll not valid. Loading of assembly skipped.
Assembly Unity.Analytics.DataPrivacy.Tests.dll at Library/ScriptAssemblies/Unity.Analytics.DataPrivacy.Tests.dll not valid. Loading of assembly skipped.
Assembly Unity.Analytics.StandardEvents.EditorTests.dll at Library/ScriptAssemblies/Unity.Analytics.StandardEvents.EditorTests.dll not valid. Loading of assembly skipped.
Assembly Unity.Collections.BurstCompatibilityGen.dll at Library/ScriptAssemblies/Unity.Collections.BurstCompatibilityGen.dll not valid. Loading of assembly skipped.
Assembly Unity.Collections.DocCodeSamples.dll at Library/ScriptAssemblies/Unity.Collections.DocCodeSamples.dll not valid. Loading of assembly skipped.
Assembly Unity.Collections.PerformanceTests.dll at Library/ScriptAssemblies/Unity.Collections.PerformanceTests.dll not valid. Loading of assembly skipped.
Assembly Unity.Collections.Tests.dll at Library/ScriptAssemblies/Unity.Collections.Tests.dll not valid. Loading of assembly skipped.
Assembly Unity.Collections.Tests.Playmode.dll at Library/ScriptAssemblies/Unity.Collections.Tests.Playmode.dll not valid. Loading of assembly skipped.
Assembly Unity.Mathematics.Tests.dll at Library/ScriptAssemblies/Unity.Mathematics.Tests.dll not valid. Loading of assembly skipped.
Assembly Unity.Multiplayer.Center.Editor.Tests.dll at Library/ScriptAssemblies/Unity.Multiplayer.Center.Editor.Tests.dll not valid. Loading of assembly skipped.
Assembly Unity.Multiplayer.Center.Tests.dll at Library/ScriptAssemblies/Unity.Multiplayer.Center.Tests.dll not valid. Loading of assembly skipped.
Assembly Unity.Nuget.Mono-Cecil.dll at Library/ScriptAssemblies/Unity.Nuget.Mono-Cecil.dll not valid. Loading of assembly skipped.
Assembly Unity.PathTracing.Editor.Tests.dll at Library/ScriptAssemblies/Unity.PathTracing.Editor.Tests.dll not valid. Loading of assembly skipped.
Assembly Unity.PathTracing.Runtime.Tests.dll at Library/ScriptAssemblies/Unity.PathTracing.Runtime.Tests.dll not valid. Loading of assembly skipped.
Assembly Unity.RenderPipelines.Core.Editor.Tests.dll at Library/ScriptAssemblies/Unity.RenderPipelines.Core.Editor.Tests.dll not valid. Loading of assembly skipped.
Assembly Unity.RenderPipelines.Core.Runtime.Tests.dll at Library/ScriptAssemblies/Unity.RenderPipelines.Core.Runtime.Tests.dll not valid. Loading of assembly skipped.
Assembly Unity.RenderPipelines.Universal.Config.Editor.Tests.dll at Library/ScriptAssemblies/Unity.RenderPipelines.Universal.Config.Editor.Tests.dll not valid. Loading of assembly skipped.
Assembly Unity.RenderPipelines.Universal.Editor.Tests.dll at Library/ScriptAssemblies/Unity.RenderPipelines.Universal.Editor.Tests.dll not valid. Loading of assembly skipped.
Assembly Unity.RenderPipelines.Universal.Runtime.Tests.dll at Library/ScriptAssemblies/Unity.RenderPipelines.Universal.Runtime.Tests.dll not valid. Loading of assembly skipped.
Assembly Unity.Searcher.EditorTests.dll at Library/ScriptAssemblies/Unity.Searcher.EditorTests.dll not valid. Loading of assembly skipped.
Assembly Unity.ShaderGraph.Editor.Tests.dll at Library/ScriptAssemblies/Unity.ShaderGraph.Editor.Tests.dll not valid. Loading of assembly skipped.
Assembly Unity.TextMeshPro.Editor.Tests.dll at Library/ScriptAssemblies/Unity.TextMeshPro.Editor.Tests.dll not valid. Loading of assembly skipped.
Assembly Unity.TextMeshPro.Tests.dll at Library/ScriptAssemblies/Unity.TextMeshPro.Tests.dll not valid. Loading of assembly skipped.
Assembly Unity.UnifiedRayTracing.Editor.Tests.dll at Library/ScriptAssemblies/Unity.UnifiedRayTracing.Editor.Tests.dll not valid. Loading of assembly skipped.
Assembly UnityEditor.UI.Common.Tests.dll at Library/ScriptAssemblies/UnityEditor.UI.Common.Tests.dll not valid. Loading of assembly skipped.
Assembly UnityEditor.UI.EditorTests.dll at Library/ScriptAssemblies/UnityEditor.UI.EditorTests.dll not valid. Loading of assembly skipped.
Assembly UnityEditor.XR.LegacyInputHelpers.Tests.dll at Library/ScriptAssemblies/UnityEditor.XR.LegacyInputHelpers.Tests.dll not valid. Loading of assembly skipped.
Assembly UnityEngine.Advertisements.Editor.Tests.dll at Library/ScriptAssemblies/UnityEngine.Advertisements.Editor.Tests.dll not valid. Loading of assembly skipped.
Assembly UnityEngine.Advertisements.Tests.dll at Library/ScriptAssemblies/UnityEngine.Advertisements.Tests.dll not valid. Loading of assembly skipped.
Assembly UnityEngine.Purchasing.Apple.dll at Library/ScriptAssemblies/UnityEngine.Purchasing.Apple.dll not valid. Loading of assembly skipped.
Assembly UnityEngine.Purchasing.AppleMacos.dll at Library/ScriptAssemblies/UnityEngine.Purchasing.AppleMacos.dll not valid. Loading of assembly skipped.
Assembly UnityEngine.Purchasing.Security.dll at Library/ScriptAssemblies/UnityEngine.Purchasing.Security.dll not valid. Loading of assembly skipped.
Assembly UnityEngine.Purchasing.WinRT.dll at Library/ScriptAssemblies/UnityEngine.Purchasing.WinRT.dll not valid. Loading of assembly skipped.
Assembly UnityEngine.SpatialTracking.Tests.dll at Library/ScriptAssemblies/UnityEngine.SpatialTracking.Tests.dll not valid. Loading of assembly skipped.
Assembly UnityEngine.UI.Tests.dll at Library/ScriptAssemblies/UnityEngine.UI.Tests.dll not valid. Loading of assembly skipped.
Symbol file LoadedFromMemory is not a mono symbol file
OnLevelWasLoaded was found on MatchManager
This message has been deprecated and will be removed in a later version of Unity.
Add a delegate to SceneManager.sceneLoaded instead to get notifications after scene loading has completed
Refreshing native plugins compatible for Editor in 11.42 ms, found 2 plugins.
OnLevelWasLoaded was found on MatchManager
This message has been deprecated and will be removed in a later version of Unity.
Add a delegate to SceneManager.sceneLoaded instead to get notifications after scene loading has completed
Native extension for Android target not found
Native extension for WindowsStandalone target not found
[Package Manager] Failed to launch server process. Reason: Unity was launched with the -noUpm command-line argument
[Package Manager] Unable to send message (not connected to server process).
[Package Manager] Cannot connect to Unity Package Manager local server
[Package Manager] Failed to launch server process. Reason: Unity was launched with the -noUpm command-line argument
[Package Manager] Unable to send message (not connected to server process).
[Package Manager] Cannot connect to Unity Package Manager local server
ScheduleIndexationOnStartup MainProcess:False IndexOnStartup:True
Mono: successfully reloaded assembly
- Finished resetting the current domain, in  1.336 seconds
Domain Reload Profiling: 3264ms
	BeginReloadAssembly (1259ms)
		DisableScriptedObjects (8ms)
		CreateAndSetChildDomain (1056ms)
	RebuildCommonClasses (42ms)
	RebuildNativeTypeToScriptingClass (11ms)
	initialDomainReloadingComplete (74ms)
	LoadAllAssembliesAndSetupDomain (541ms)
		LoadAssemblies (445ms)
		AnalyzeDomain (202ms)
			TypeCache.Refresh (7ms)
			BuildScriptInfoCaches (179ms)
			ResolveRequiredComponents (14ms)
	FinalizeReload (1336ms)
		SetupLoadedEditorAssemblies (0ms)
			InitializePlatformSupportModulesInManaged (16ms)
			BeforeProcessingInitializeOnLoad (261ms)
			ProcessInitializeOnLoadAttributes (345ms)
			ProcessInitializeOnLoadMethodAttributes (379ms)
			AfterProcessingInitializeOnLoad (3ms)
		AwakeInstancesAfterBackupRestoration (25ms)
Refreshing native plugins compatible for Editor in 5.95 ms, found 2 plugins.
Unloading 24 Unused Serialized files (Serialized files now loaded: 0)
Unloading 5650 unused Assets / (5.2 MB). Loaded Objects now: 6656.
Memory consumption went from 186.0 MB to 180.8 MB.
Total: 15.371000 ms (FindLiveObjects: 0.817000 ms CreateObjectMapping: 0.526200 ms MarkObjects: 10.805900 ms  DeleteObjects: 3.220800 ms)

Prepare: number of updated asset objects reloaded= 0
========================================================================
Received Prepare
Begin MonoManager ReloadAssembly
[Licensing::Client] Successfully resolved entitlement details
[Licensing::Module] License group:
  Id: F4-MESN-GUW7-62D3-FRZW-XXXX
  Product: Unity Personal
  Type: ULF
  Expiration: Unlimited
[Licensing::Module] License group:
  Id: 9071283907225-UnityPersXXXX
  Product: Unity Personal
  Type: Assigned
  Expiration: Unlimited
ADTM: Control thread waiting for realtime thread timed out, have to lock...
Duplicate assembly 'Newtonsoft.Json.dll' with different versions detected, using 'Packages/com.unity.nuget.newtonsoft-json/Runtime/Newtonsoft.Json.dll, AssemblyName=Newtonsoft.Json, Version=13.0.0.0, Culture=neutral, PublicKeyToken=30ad4fe6b2a6aeed' and ignoring 'Assets/Assemblies/Newtonsoft.Json.dll, AssemblyName=Newtonsoft.Json, Version=6.0.0.0, Culture=neutral, PublicKeyToken=30ad4fe6b2a6aeed'.Assembly Assembly-CSharp-Editor-firstpass.dll at Library/ScriptAssemblies/Assembly-CSharp-Editor-firstpass.dll not valid. Loading of assembly skipped.
Assembly DocCodeExamples.dll at Library/ScriptAssemblies/DocCodeExamples.dll not valid. Loading of assembly skipped.
Assembly TestNewCustomAssembly.dll at Library/ScriptAssemblies/TestNewCustomAssembly.dll not valid. Loading of assembly skipped.
Assembly Unity.2D.Sprite.Package.EditorTests.dll at Library/ScriptAssemblies/Unity.2D.Sprite.Package.EditorTests.dll not valid. Loading of assembly skipped.
Assembly Unity.2D.Tilemap.Package.EditorTests.dll at Library/ScriptAssemblies/Unity.2D.Tilemap.Package.EditorTests.dll not valid. Loading of assembly skipped.
Assembly Unity.Analytics.DataPrivacy.Tests.dll at Library/ScriptAssemblies/Unity.Analytics.DataPrivacy.Tests.dll not valid. Loading of assembly skipped.
Assembly Unity.Analytics.StandardEvents.EditorTests.dll at Library/ScriptAssemblies/Unity.Analytics.StandardEvents.EditorTests.dll not valid. Loading of assembly skipped.
Assembly Unity.Collections.BurstCompatibilityGen.dll at Library/ScriptAssemblies/Unity.Collections.BurstCompatibilityGen.dll not valid. Loading of assembly skipped.
Assembly Unity.Collections.DocCodeSamples.dll at Library/ScriptAssemblies/Unity.Collections.DocCodeSamples.dll not valid. Loading of assembly skipped.
Assembly Unity.Collections.PerformanceTests.dll at Library/ScriptAssemblies/Unity.Collections.PerformanceTests.dll not valid. Loading of assembly skipped.
Assembly Unity.Collections.Tests.dll at Library/ScriptAssemblies/Unity.Collections.Tests.dll not valid. Loading of assembly skipped.
Assembly Unity.Collections.Tests.Playmode.dll at Library/ScriptAssemblies/Unity.Collections.Tests.Playmode.dll not valid. Loading of assembly skipped.
Assembly Unity.Mathematics.Tests.dll at Library/ScriptAssemblies/Unity.Mathematics.Tests.dll not valid. Loading of assembly skipped.
Assembly Unity.Multiplayer.Center.Editor.Tests.dll at Library/ScriptAssemblies/Unity.Multiplayer.Center.Editor.Tests.dll not valid. Loading of assembly skipped.
Assembly Unity.Multiplayer.Center.Tests.dll at Library/ScriptAssemblies/Unity.Multiplayer.Center.Tests.dll not valid. Loading of assembly skipped.
Assembly Unity.Nuget.Mono-Cecil.dll at Library/ScriptAssemblies/Unity.Nuget.Mono-Cecil.dll not valid. Loading of assembly skipped.
Assembly Unity.PathTracing.Editor.Tests.dll at Library/ScriptAssemblies/Unity.PathTracing.Editor.Tests.dll not valid. Loading of assembly skipped.
Assembly Unity.PathTracing.Runtime.Tests.dll at Library/ScriptAssemblies/Unity.PathTracing.Runtime.Tests.dll not valid. Loading of assembly skipped.
Assembly Unity.RenderPipelines.Core.Editor.Tests.dll at Library/ScriptAssemblies/Unity.RenderPipelines.Core.Editor.Tests.dll not valid. Loading of assembly skipped.
Assembly Unity.RenderPipelines.Core.Runtime.Tests.dll at Library/ScriptAssemblies/Unity.RenderPipelines.Core.Runtime.Tests.dll not valid. Loading of assembly skipped.
Assembly Unity.RenderPipelines.Universal.Config.Editor.Tests.dll at Library/ScriptAssemblies/Unity.RenderPipelines.Universal.Config.Editor.Tests.dll not valid. Loading of assembly skipped.
Assembly Unity.RenderPipelines.Universal.Editor.Tests.dll at Library/ScriptAssemblies/Unity.RenderPipelines.Universal.Editor.Tests.dll not valid. Loading of assembly skipped.
Assembly Unity.RenderPipelines.Universal.Runtime.Tests.dll at Library/ScriptAssemblies/Unity.RenderPipelines.Universal.Runtime.Tests.dll not valid. Loading of assembly skipped.
Assembly Unity.Searcher.EditorTests.dll at Library/ScriptAssemblies/Unity.Searcher.EditorTests.dll not valid. Loading of assembly skipped.
Assembly Unity.ShaderGraph.Editor.Tests.dll at Library/ScriptAssemblies/Unity.ShaderGraph.Editor.Tests.dll not valid. Loading of assembly skipped.
Assembly Unity.TextMeshPro.Editor.Tests.dll at Library/ScriptAssemblies/Unity.TextMeshPro.Editor.Tests.dll not valid. Loading of assembly skipped.
Assembly Unity.TextMeshPro.Tests.dll at Library/ScriptAssemblies/Unity.TextMeshPro.Tests.dll not valid. Loading of assembly skipped.
Assembly Unity.UnifiedRayTracing.Editor.Tests.dll at Library/ScriptAssemblies/Unity.UnifiedRayTracing.Editor.Tests.dll not valid. Loading of assembly skipped.
Assembly UnityEditor.UI.Common.Tests.dll at Library/ScriptAssemblies/UnityEditor.UI.Common.Tests.dll not valid. Loading of assembly skipped.
Assembly UnityEditor.UI.EditorTests.dll at Library/ScriptAssemblies/UnityEditor.UI.EditorTests.dll not valid. Loading of assembly skipped.
Assembly UnityEditor.XR.LegacyInputHelpers.Tests.dll at Library/ScriptAssemblies/UnityEditor.XR.LegacyInputHelpers.Tests.dll not valid. Loading of assembly skipped.
Assembly UnityEngine.Advertisements.Editor.Tests.dll at Library/ScriptAssemblies/UnityEngine.Advertisements.Editor.Tests.dll not valid. Loading of assembly skipped.
Assembly UnityEngine.Advertisements.Tests.dll at Library/ScriptAssemblies/UnityEngine.Advertisements.Tests.dll not valid. Loading of assembly skipped.
Assembly UnityEngine.Purchasing.Apple.dll at Library/ScriptAssemblies/UnityEngine.Purchasing.Apple.dll not valid. Loading of assembly skipped.
Assembly UnityEngine.Purchasing.AppleMacos.dll at Library/ScriptAssemblies/UnityEngine.Purchasing.AppleMacos.dll not valid. Loading of assembly skipped.
Assembly UnityEngine.Purchasing.Security.dll at Library/ScriptAssemblies/UnityEngine.Purchasing.Security.dll not valid. Loading of assembly skipped.
Assembly UnityEngine.Purchasing.WinRT.dll at Library/ScriptAssemblies/UnityEngine.Purchasing.WinRT.dll not valid. Loading of assembly skipped.
Assembly UnityEngine.SpatialTracking.Tests.dll at Library/ScriptAssemblies/UnityEngine.SpatialTracking.Tests.dll not valid. Loading of assembly skipped.
Assembly UnityEngine.UI.Tests.dll at Library/ScriptAssemblies/UnityEngine.UI.Tests.dll not valid. Loading of assembly skipped.
Symbol file LoadedFromMemory is not a mono symbol file
OnLevelWasLoaded was found on MatchManager
This message has been deprecated and will be removed in a later version of Unity.
Add a delegate to SceneManager.sceneLoaded instead to get notifications after scene loading has completed
Refreshing native plugins compatible for Editor in 9.03 ms, found 2 plugins.
OnLevelWasLoaded was found on MatchManager
This message has been deprecated and will be removed in a later version of Unity.
Add a delegate to SceneManager.sceneLoaded instead to get notifications after scene loading has completed
Native extension for Android target not found
Native extension for WindowsStandalone target not found
[Package Manager] Failed to launch server process. Reason: Unity was launched with the -noUpm command-line argument
[Package Manager] Unable to send message (not connected to server process).
[Package Manager] Cannot connect to Unity Package Manager local server
[Package Manager] Failed to launch server process. Reason: Unity was launched with the -noUpm command-line argument
[Package Manager] Unable to send message (not connected to server process).
[Package Manager] Cannot connect to Unity Package Manager local server
ScheduleIndexationOnStartup MainProcess:False IndexOnStartup:True
Mono: successfully reloaded assembly
- Finished resetting the current domain, in  1.176 seconds
Domain Reload Profiling: 3153ms
	BeginReloadAssembly (1262ms)
		DisableScriptedObjects (12ms)
		CreateAndSetChildDomain (1054ms)
	RebuildCommonClasses (40ms)
	RebuildNativeTypeToScriptingClass (12ms)
	initialDomainReloadingComplete (72ms)
	LoadAllAssembliesAndSetupDomain (590ms)
		LoadAssemblies (462ms)
		AnalyzeDomain (234ms)
			TypeCache.Refresh (8ms)
			BuildScriptInfoCaches (210ms)
			ResolveRequiredComponents (15ms)
	FinalizeReload (1176ms)
		SetupLoadedEditorAssemblies (0ms)
			InitializePlatformSupportModulesInManaged (14ms)
			BeforeProcessingInitializeOnLoad (186ms)
			ProcessInitializeOnLoadAttributes (319ms)
			ProcessInitializeOnLoadMethodAttributes (356ms)
			AfterProcessingInitializeOnLoad (3ms)
		AwakeInstancesAfterBackupRestoration (23ms)
Refreshing native plugins compatible for Editor in 6.81 ms, found 2 plugins.
Unloading 24 Unused Serialized files (Serialized files now loaded: 0)
Unloading 5650 unused Assets / (5.7 MB). Loaded Objects now: 6659.
Memory consumption went from 190.4 MB to 184.8 MB.
Total: 14.665300 ms (FindLiveObjects: 0.669700 ms CreateObjectMapping: 0.358100 ms MarkObjects: 10.848700 ms  DeleteObjects: 2.787900 ms)

Prepare: number of updated asset objects reloaded= 0
========================================================================
Received Prepare
Begin MonoManager ReloadAssembly
ADTM: Control thread waiting for realtime thread timed out, have to lock...
Duplicate assembly 'Newtonsoft.Json.dll' with different versions detected, using 'Packages/com.unity.nuget.newtonsoft-json/Runtime/Newtonsoft.Json.dll, AssemblyName=Newtonsoft.Json, Version=13.0.0.0, Culture=neutral, PublicKeyToken=30ad4fe6b2a6aeed' and ignoring 'Assets/Assemblies/Newtonsoft.Json.dll, AssemblyName=Newtonsoft.Json, Version=6.0.0.0, Culture=neutral, PublicKeyToken=30ad4fe6b2a6aeed'.Assembly Assembly-CSharp-Editor-firstpass.dll at Library/ScriptAssemblies/Assembly-CSharp-Editor-firstpass.dll not valid. Loading of assembly skipped.
Assembly DocCodeExamples.dll at Library/ScriptAssemblies/DocCodeExamples.dll not valid. Loading of assembly skipped.
Assembly TestNewCustomAssembly.dll at Library/ScriptAssemblies/TestNewCustomAssembly.dll not valid. Loading of assembly skipped.
Assembly Unity.2D.Sprite.Package.EditorTests.dll at Library/ScriptAssemblies/Unity.2D.Sprite.Package.EditorTests.dll not valid. Loading of assembly skipped.
Assembly Unity.2D.Tilemap.Package.EditorTests.dll at Library/ScriptAssemblies/Unity.2D.Tilemap.Package.EditorTests.dll not valid. Loading of assembly skipped.
Assembly Unity.Analytics.DataPrivacy.Tests.dll at Library/ScriptAssemblies/Unity.Analytics.DataPrivacy.Tests.dll not valid. Loading of assembly skipped.
Assembly Unity.Analytics.StandardEvents.EditorTests.dll at Library/ScriptAssemblies/Unity.Analytics.StandardEvents.EditorTests.dll not valid. Loading of assembly skipped.
Assembly Unity.Collections.BurstCompatibilityGen.dll at Library/ScriptAssemblies/Unity.Collections.BurstCompatibilityGen.dll not valid. Loading of assembly skipped.
Assembly Unity.Collections.DocCodeSamples.dll at Library/ScriptAssemblies/Unity.Collections.DocCodeSamples.dll not valid. Loading of assembly skipped.
Assembly Unity.Collections.PerformanceTests.dll at Library/ScriptAssemblies/Unity.Collections.PerformanceTests.dll not valid. Loading of assembly skipped.
Assembly Unity.Collections.Tests.dll at Library/ScriptAssemblies/Unity.Collections.Tests.dll not valid. Loading of assembly skipped.
Assembly Unity.Collections.Tests.Playmode.dll at Library/ScriptAssemblies/Unity.Collections.Tests.Playmode.dll not valid. Loading of assembly skipped.
Assembly Unity.Mathematics.Tests.dll at Library/ScriptAssemblies/Unity.Mathematics.Tests.dll not valid. Loading of assembly skipped.
Assembly Unity.Multiplayer.Center.Editor.Tests.dll at Library/ScriptAssemblies/Unity.Multiplayer.Center.Editor.Tests.dll not valid. Loading of assembly skipped.
Assembly Unity.Multiplayer.Center.Tests.dll at Library/ScriptAssemblies/Unity.Multiplayer.Center.Tests.dll not valid. Loading of assembly skipped.
Assembly Unity.Nuget.Mono-Cecil.dll at Library/ScriptAssemblies/Unity.Nuget.Mono-Cecil.dll not valid. Loading of assembly skipped.
Assembly Unity.PathTracing.Editor.Tests.dll at Library/ScriptAssemblies/Unity.PathTracing.Editor.Tests.dll not valid. Loading of assembly skipped.
Assembly Unity.PathTracing.Runtime.Tests.dll at Library/ScriptAssemblies/Unity.PathTracing.Runtime.Tests.dll not valid. Loading of assembly skipped.
Assembly Unity.RenderPipelines.Core.Editor.Tests.dll at Library/ScriptAssemblies/Unity.RenderPipelines.Core.Editor.Tests.dll not valid. Loading of assembly skipped.
Assembly Unity.RenderPipelines.Core.Runtime.Tests.dll at Library/ScriptAssemblies/Unity.RenderPipelines.Core.Runtime.Tests.dll not valid. Loading of assembly skipped.
Assembly Unity.RenderPipelines.Universal.Config.Editor.Tests.dll at Library/ScriptAssemblies/Unity.RenderPipelines.Universal.Config.Editor.Tests.dll not valid. Loading of assembly skipped.
Assembly Unity.RenderPipelines.Universal.Editor.Tests.dll at Library/ScriptAssemblies/Unity.RenderPipelines.Universal.Editor.Tests.dll not valid. Loading of assembly skipped.
Assembly Unity.RenderPipelines.Universal.Runtime.Tests.dll at Library/ScriptAssemblies/Unity.RenderPipelines.Universal.Runtime.Tests.dll not valid. Loading of assembly skipped.
Assembly Unity.Searcher.EditorTests.dll at Library/ScriptAssemblies/Unity.Searcher.EditorTests.dll not valid. Loading of assembly skipped.
Assembly Unity.ShaderGraph.Editor.Tests.dll at Library/ScriptAssemblies/Unity.ShaderGraph.Editor.Tests.dll not valid. Loading of assembly skipped.
Assembly Unity.TextMeshPro.Editor.Tests.dll at Library/ScriptAssemblies/Unity.TextMeshPro.Editor.Tests.dll not valid. Loading of assembly skipped.
Assembly Unity.TextMeshPro.Tests.dll at Library/ScriptAssemblies/Unity.TextMeshPro.Tests.dll not valid. Loading of assembly skipped.
Assembly Unity.UnifiedRayTracing.Editor.Tests.dll at Library/ScriptAssemblies/Unity.UnifiedRayTracing.Editor.Tests.dll not valid. Loading of assembly skipped.
Assembly UnityEditor.UI.Common.Tests.dll at Library/ScriptAssemblies/UnityEditor.UI.Common.Tests.dll not valid. Loading of assembly skipped.
Assembly UnityEditor.UI.EditorTests.dll at Library/ScriptAssemblies/UnityEditor.UI.EditorTests.dll not valid. Loading of assembly skipped.
Assembly UnityEditor.XR.LegacyInputHelpers.Tests.dll at Library/ScriptAssemblies/UnityEditor.XR.LegacyInputHelpers.Tests.dll not valid. Loading of assembly skipped.
Assembly UnityEngine.Advertisements.Editor.Tests.dll at Library/ScriptAssemblies/UnityEngine.Advertisements.Editor.Tests.dll not valid. Loading of assembly skipped.
Assembly UnityEngine.Advertisements.Tests.dll at Library/ScriptAssemblies/UnityEngine.Advertisements.Tests.dll not valid. Loading of assembly skipped.
Assembly UnityEngine.Purchasing.Apple.dll at Library/ScriptAssemblies/UnityEngine.Purchasing.Apple.dll not valid. Loading of assembly skipped.
Assembly UnityEngine.Purchasing.AppleMacos.dll at Library/ScriptAssemblies/UnityEngine.Purchasing.AppleMacos.dll not valid. Loading of assembly skipped.
Assembly UnityEngine.Purchasing.Security.dll at Library/ScriptAssemblies/UnityEngine.Purchasing.Security.dll not valid. Loading of assembly skipped.
Assembly UnityEngine.Purchasing.WinRT.dll at Library/ScriptAssemblies/UnityEngine.Purchasing.WinRT.dll not valid. Loading of assembly skipped.
Assembly UnityEngine.SpatialTracking.Tests.dll at Library/ScriptAssemblies/UnityEngine.SpatialTracking.Tests.dll not valid. Loading of assembly skipped.
Assembly UnityEngine.UI.Tests.dll at Library/ScriptAssemblies/UnityEngine.UI.Tests.dll not valid. Loading of assembly skipped.
Symbol file LoadedFromMemory is not a mono symbol file
OnLevelWasLoaded was found on MatchManager
This message has been deprecated and will be removed in a later version of Unity.
Add a delegate to SceneManager.sceneLoaded instead to get notifications after scene loading has completed
Refreshing native plugins compatible for Editor in 9.03 ms, found 2 plugins.
OnLevelWasLoaded was found on MatchManager
This message has been deprecated and will be removed in a later version of Unity.
Add a delegate to SceneManager.sceneLoaded instead to get notifications after scene loading has completed
Native extension for Android target not found
Native extension for WindowsStandalone target not found
[Package Manager] Failed to launch server process. Reason: Unity was launched with the -noUpm command-line argument
[Package Manager] Unable to send message (not connected to server process).
[Package Manager] Cannot connect to Unity Package Manager local server
[Package Manager] Failed to launch server process. Reason: Unity was launched with the -noUpm command-line argument
[Package Manager] Unable to send message (not connected to server process).
[Package Manager] Cannot connect to Unity Package Manager local server
ScheduleIndexationOnStartup MainProcess:False IndexOnStartup:True
Mono: successfully reloaded assembly
- Finished resetting the current domain, in  1.399 seconds
Domain Reload Profiling: 3349ms
	BeginReloadAssembly (1267ms)
		DisableScriptedObjects (11ms)
		CreateAndSetChildDomain (1067ms)
	RebuildCommonClasses (44ms)
	RebuildNativeTypeToScriptingClass (16ms)
	initialDomainReloadingComplete (76ms)
	LoadAllAssembliesAndSetupDomain (546ms)
		LoadAssemblies (440ms)
		AnalyzeDomain (214ms)
			TypeCache.Refresh (7ms)
			BuildScriptInfoCaches (192ms)
			ResolveRequiredComponents (12ms)
	FinalizeReload (1400ms)
		SetupLoadedEditorAssemblies (0ms)
			InitializePlatformSupportModulesInManaged (15ms)
			BeforeProcessingInitializeOnLoad (245ms)
			ProcessInitializeOnLoadAttributes (383ms)
			ProcessInitializeOnLoadMethodAttributes (454ms)
		AwakeInstancesAfterBackupRestoration (30ms)
Refreshing native plugins compatible for Editor in 7.36 ms, found 2 plugins.
Unloading 24 Unused Serialized files (Serialized files now loaded: 0)
Unloading 5650 unused Assets / (5.5 MB). Loaded Objects now: 6662.
Memory consumption went from 194.9 MB to 189.4 MB.
Total: 16.166300 ms (FindLiveObjects: 0.850500 ms CreateObjectMapping: 0.509300 ms MarkObjects: 11.079700 ms  DeleteObjects: 3.725500 ms)

Prepare: number of updated asset objects reloaded= 0
========================================================================
Received Prepare
Begin MonoManager ReloadAssembly
[Licensing::Client] Successfully resolved entitlement details
[Licensing::Module] License group:
  Id: F4-MESN-GUW7-62D3-FRZW-XXXX
  Product: Unity Personal
  Type: ULF
  Expiration: Unlimited
[Licensing::Module] License group:
  Id: 9071283907225-UnityPersXXXX
  Product: Unity Personal
  Type: Assigned
  Expiration: Unlimited
ADTM: Control thread waiting for realtime thread timed out, have to lock...
Duplicate assembly 'Newtonsoft.Json.dll' with different versions detected, using 'Packages/com.unity.nuget.newtonsoft-json/Runtime/Newtonsoft.Json.dll, AssemblyName=Newtonsoft.Json, Version=13.0.0.0, Culture=neutral, PublicKeyToken=30ad4fe6b2a6aeed' and ignoring 'Assets/Assemblies/Newtonsoft.Json.dll, AssemblyName=Newtonsoft.Json, Version=6.0.0.0, Culture=neutral, PublicKeyToken=30ad4fe6b2a6aeed'.Assembly Assembly-CSharp-Editor-firstpass.dll at Library/ScriptAssemblies/Assembly-CSharp-Editor-firstpass.dll not valid. Loading of assembly skipped.
Assembly DocCodeExamples.dll at Library/ScriptAssemblies/DocCodeExamples.dll not valid. Loading of assembly skipped.
Assembly TestNewCustomAssembly.dll at Library/ScriptAssemblies/TestNewCustomAssembly.dll not valid. Loading of assembly skipped.
Assembly Unity.2D.Sprite.Package.EditorTests.dll at Library/ScriptAssemblies/Unity.2D.Sprite.Package.EditorTests.dll not valid. Loading of assembly skipped.
Assembly Unity.2D.Tilemap.Package.EditorTests.dll at Library/ScriptAssemblies/Unity.2D.Tilemap.Package.EditorTests.dll not valid. Loading of assembly skipped.
Assembly Unity.Analytics.DataPrivacy.Tests.dll at Library/ScriptAssemblies/Unity.Analytics.DataPrivacy.Tests.dll not valid. Loading of assembly skipped.
Assembly Unity.Analytics.StandardEvents.EditorTests.dll at Library/ScriptAssemblies/Unity.Analytics.StandardEvents.EditorTests.dll not valid. Loading of assembly skipped.
Assembly Unity.Collections.BurstCompatibilityGen.dll at Library/ScriptAssemblies/Unity.Collections.BurstCompatibilityGen.dll not valid. Loading of assembly skipped.
Assembly Unity.Collections.DocCodeSamples.dll at Library/ScriptAssemblies/Unity.Collections.DocCodeSamples.dll not valid. Loading of assembly skipped.
Assembly Unity.Collections.PerformanceTests.dll at Library/ScriptAssemblies/Unity.Collections.PerformanceTests.dll not valid. Loading of assembly skipped.
Assembly Unity.Collections.Tests.dll at Library/ScriptAssemblies/Unity.Collections.Tests.dll not valid. Loading of assembly skipped.
Assembly Unity.Collections.Tests.Playmode.dll at Library/ScriptAssemblies/Unity.Collections.Tests.Playmode.dll not valid. Loading of assembly skipped.
Assembly Unity.Mathematics.Tests.dll at Library/ScriptAssemblies/Unity.Mathematics.Tests.dll not valid. Loading of assembly skipped.
Assembly Unity.Multiplayer.Center.Editor.Tests.dll at Library/ScriptAssemblies/Unity.Multiplayer.Center.Editor.Tests.dll not valid. Loading of assembly skipped.
Assembly Unity.Multiplayer.Center.Tests.dll at Library/ScriptAssemblies/Unity.Multiplayer.Center.Tests.dll not valid. Loading of assembly skipped.
Assembly Unity.Nuget.Mono-Cecil.dll at Library/ScriptAssemblies/Unity.Nuget.Mono-Cecil.dll not valid. Loading of assembly skipped.
Assembly Unity.PathTracing.Editor.Tests.dll at Library/ScriptAssemblies/Unity.PathTracing.Editor.Tests.dll not valid. Loading of assembly skipped.
Assembly Unity.PathTracing.Runtime.Tests.dll at Library/ScriptAssemblies/Unity.PathTracing.Runtime.Tests.dll not valid. Loading of assembly skipped.
Assembly Unity.RenderPipelines.Core.Editor.Tests.dll at Library/ScriptAssemblies/Unity.RenderPipelines.Core.Editor.Tests.dll not valid. Loading of assembly skipped.
Assembly Unity.RenderPipelines.Core.Runtime.Tests.dll at Library/ScriptAssemblies/Unity.RenderPipelines.Core.Runtime.Tests.dll not valid. Loading of assembly skipped.
Assembly Unity.RenderPipelines.Universal.Config.Editor.Tests.dll at Library/ScriptAssemblies/Unity.RenderPipelines.Universal.Config.Editor.Tests.dll not valid. Loading of assembly skipped.
Assembly Unity.RenderPipelines.Universal.Editor.Tests.dll at Library/ScriptAssemblies/Unity.RenderPipelines.Universal.Editor.Tests.dll not valid. Loading of assembly skipped.
Assembly Unity.RenderPipelines.Universal.Runtime.Tests.dll at Library/ScriptAssemblies/Unity.RenderPipelines.Universal.Runtime.Tests.dll not valid. Loading of assembly skipped.
Assembly Unity.Searcher.EditorTests.dll at Library/ScriptAssemblies/Unity.Searcher.EditorTests.dll not valid. Loading of assembly skipped.
Assembly Unity.ShaderGraph.Editor.Tests.dll at Library/ScriptAssemblies/Unity.ShaderGraph.Editor.Tests.dll not valid. Loading of assembly skipped.
Assembly Unity.TextMeshPro.Editor.Tests.dll at Library/ScriptAssemblies/Unity.TextMeshPro.Editor.Tests.dll not valid. Loading of assembly skipped.
Assembly Unity.TextMeshPro.Tests.dll at Library/ScriptAssemblies/Unity.TextMeshPro.Tests.dll not valid. Loading of assembly skipped.
Assembly Unity.UnifiedRayTracing.Editor.Tests.dll at Library/ScriptAssemblies/Unity.UnifiedRayTracing.Editor.Tests.dll not valid. Loading of assembly skipped.
Assembly UnityEditor.UI.Common.Tests.dll at Library/ScriptAssemblies/UnityEditor.UI.Common.Tests.dll not valid. Loading of assembly skipped.
Assembly UnityEditor.UI.EditorTests.dll at Library/ScriptAssemblies/UnityEditor.UI.EditorTests.dll not valid. Loading of assembly skipped.
Assembly UnityEditor.XR.LegacyInputHelpers.Tests.dll at Library/ScriptAssemblies/UnityEditor.XR.LegacyInputHelpers.Tests.dll not valid. Loading of assembly skipped.
Assembly UnityEngine.Advertisements.Editor.Tests.dll at Library/ScriptAssemblies/UnityEngine.Advertisements.Editor.Tests.dll not valid. Loading of assembly skipped.
Assembly UnityEngine.Advertisements.Tests.dll at Library/ScriptAssemblies/UnityEngine.Advertisements.Tests.dll not valid. Loading of assembly skipped.
Assembly UnityEngine.Purchasing.Apple.dll at Library/ScriptAssemblies/UnityEngine.Purchasing.Apple.dll not valid. Loading of assembly skipped.
Assembly UnityEngine.Purchasing.AppleMacos.dll at Library/ScriptAssemblies/UnityEngine.Purchasing.AppleMacos.dll not valid. Loading of assembly skipped.
Assembly UnityEngine.Purchasing.Security.dll at Library/ScriptAssemblies/UnityEngine.Purchasing.Security.dll not valid. Loading of assembly skipped.
Assembly UnityEngine.Purchasing.WinRT.dll at Library/ScriptAssemblies/UnityEngine.Purchasing.WinRT.dll not valid. Loading of assembly skipped.
Assembly UnityEngine.SpatialTracking.Tests.dll at Library/ScriptAssemblies/UnityEngine.SpatialTracking.Tests.dll not valid. Loading of assembly skipped.
Assembly UnityEngine.UI.Tests.dll at Library/ScriptAssemblies/UnityEngine.UI.Tests.dll not valid. Loading of assembly skipped.
Symbol file LoadedFromMemory is not a mono symbol file
OnLevelWasLoaded was found on MatchManager
This message has been deprecated and will be removed in a later version of Unity.
Add a delegate to SceneManager.sceneLoaded instead to get notifications after scene loading has completed
Refreshing native plugins compatible for Editor in 8.80 ms, found 2 plugins.
OnLevelWasLoaded was found on MatchManager
This message has been deprecated and will be removed in a later version of Unity.
Add a delegate to SceneManager.sceneLoaded instead to get notifications after scene loading has completed
Native extension for Android target not found
Native extension for WindowsStandalone target not found
[Package Manager] Failed to launch server process. Reason: Unity was launched with the -noUpm command-line argument
[Package Manager] Unable to send message (not connected to server process).
[Package Manager] Cannot connect to Unity Package Manager local server
[Package Manager] Failed to launch server process. Reason: Unity was launched with the -noUpm command-line argument
[Package Manager] Unable to send message (not connected to server process).
[Package Manager] Cannot connect to Unity Package Manager local server
ScheduleIndexationOnStartup MainProcess:False IndexOnStartup:True
Mono: successfully reloaded assembly
- Finished resetting the current domain, in  1.316 seconds
Domain Reload Profiling: 3279ms
	BeginReloadAssembly (1282ms)
		DisableScriptedObjects (23ms)
		CreateAndSetChildDomain (1068ms)
	RebuildCommonClasses (38ms)
	RebuildNativeTypeToScriptingClass (14ms)
	initialDomainReloadingComplete (78ms)
	LoadAllAssembliesAndSetupDomain (550ms)
		LoadAssemblies (451ms)
		AnalyzeDomain (212ms)
			TypeCache.Refresh (6ms)
			BuildScriptInfoCaches (193ms)
			ResolveRequiredComponents (11ms)
	FinalizeReload (1316ms)
		SetupLoadedEditorAssemblies (0ms)
			InitializePlatformSupportModulesInManaged (24ms)
			BeforeProcessingInitializeOnLoad (239ms)
			ProcessInitializeOnLoadAttributes (357ms)
			ProcessInitializeOnLoadMethodAttributes (358ms)
			AfterProcessingInitializeOnLoad (3ms)
		AwakeInstancesAfterBackupRestoration (23ms)
Refreshing native plugins compatible for Editor in 7.76 ms, found 2 plugins.
Unloading 24 Unused Serialized files (Serialized files now loaded: 0)
Unloading 5650 unused Assets / (5.7 MB). Loaded Objects now: 6665.
Memory consumption went from 199.4 MB to 193.7 MB.
Total: 17.368800 ms (FindLiveObjects: 0.921900 ms CreateObjectMapping: 0.844600 ms MarkObjects: 11.532300 ms  DeleteObjects: 4.068900 ms)

Prepare: number of updated asset objects reloaded= 0
========================================================================
Received Import Request.
  Time since last request: 307.676102 seconds.
  path: Assets/Standard Assets/Effects/ImageEffects/Textures/Noise.png
  importAddress: Guid(e80c3c84ea861404d8a427db8b7abf04) Importer(815301076,1909f56bfc062723c751e8b465ee728b)
Start importing Assets/Standard Assets/Effects/ImageEffects/Textures/Noise.png using Guid(e80c3c84ea861404d8a427db8b7abf04) Importer(815301076,1909f56bfc062723c751e8b465ee728b) (PreviewImporter) -> (Import Result ID: 'ef953283deb2adcf51e52733c2d83ea5') in 0.0832151 seconds [static and dynamic dependencies]. Details - ImportResultOutputID=a92ff1d0a4efe72d0876ea3bc5bf1876 DependenciesID=0a01a9d130598d7574ece0af88463496 StaticDependenciesID=64071cd9feab58c1de5c97f01f7d1e17 
Number of updated asset objects reloaded before import = 0Number of asset objects unloaded after import = 2

========================================================================
Received Import Request.
  Time since last request: 0.000028 seconds.
  path: Assets/Standard Assets/Effects/ImageEffects/Textures/NoiseEffectGrain.png
  importAddress: Guid(ffa9c02760c2b4e8eb9814ec06c4b05b) Importer(815301076,1909f56bfc062723c751e8b465ee728b)
Start importing Assets/Standard Assets/Effects/ImageEffects/Textures/NoiseEffectGrain.png using Guid(ffa9c02760c2b4e8eb9814ec06c4b05b) Importer(815301076,1909f56bfc062723c751e8b465ee728b) (PreviewImporter) -> (Import Result ID: '183af27f1d02eac7147f3442444803bc') in 0.0218252 seconds [static and dynamic dependencies]. Details - ImportResultOutputID=fcfdf9a6c0733612584f13f3797c74cc DependenciesID=755b93114bb3cff4d68e952c34f4553f StaticDependenciesID=e741043744630dd0174da63a2cfdc271 
Number of updated asset objects reloaded before import = 0Number of asset objects unloaded after import = 2

========================================================================
Received Import Request.
  Time since last request: 7.029170 seconds.
  path: Assets/Standard Assets/Effects/ImageEffects/Textures/ContrastEnhanced3D16.png
  importAddress: Guid(ecd9a2c463dcb476891e43d7c9f16ffa) Importer(815301076,1909f56bfc062723c751e8b465ee728b)
Start importing Assets/Standard Assets/Effects/ImageEffects/Textures/ContrastEnhanced3D16.png using Guid(ecd9a2c463dcb476891e43d7c9f16ffa) Importer(815301076,1909f56bfc062723c751e8b465ee728b) (PreviewImporter) -> (Import Result ID: '9fa1a4fb2603b0c6d4f1cc4ec76aec76') in 0.0157584 seconds [static and dynamic dependencies]. Details - ImportResultOutputID=430fe04dfd3c827000437f8a041c0530 DependenciesID=13e9645c9eef4ee3f90ab50ce7933cf0 StaticDependenciesID=d7afd061477abca6a0a8287cb6949753 
Number of updated asset objects reloaded before import = 0Number of asset objects unloaded after import = 2

========================================================================
Received Import Request.
  Time since last request: 0.000022 seconds.
  path: Assets/Art/Environment/Common/Textures/DarkCliff.psd
  importAddress: Guid(0755ad9b918259a43999ed2b06500e87) Importer(815301076,1909f56bfc062723c751e8b465ee728b)
Start importing Assets/Art/Environment/Common/Textures/DarkCliff.psd using Guid(0755ad9b918259a43999ed2b06500e87) Importer(815301076,1909f56bfc062723c751e8b465ee728b) (PreviewImporter) -> (Import Result ID: '3e6a21e9697583eed35bb15d367a01db') in 0.0132274 seconds [static and dynamic dependencies]. Details - ImportResultOutputID=e253baa610e7b7afdeca424f415c457f DependenciesID=6460fc67a9ca9b2bed34e49baad10c05 StaticDependenciesID=6cf649e35a97ba0f3aea8dd81c8765ff 
Number of updated asset objects reloaded before import = 0Number of asset objects unloaded after import = 2

========================================================================
Received Import Request.
  Time since last request: 0.000020 seconds.
  path: Assets/Art/Gameplay/Dash Panel/Textures/DashPanel.psd
  importAddress: Guid(f4a0b85660535fb47811ab1cab298618) Importer(815301076,1909f56bfc062723c751e8b465ee728b)
Start importing Assets/Art/Gameplay/Dash Panel/Textures/DashPanel.psd using Guid(f4a0b85660535fb47811ab1cab298618) Importer(815301076,1909f56bfc062723c751e8b465ee728b) (PreviewImporter) -> (Import Result ID: '51c252e64e9a02f7ea3b42d235869588') in 0.0209683 seconds [static and dynamic dependencies]. Details - ImportResultOutputID=a3180727275458e2c5e79b884a4f9da8 DependenciesID=e482fabb71f1ad44698a680aa8597198 StaticDependenciesID=500eca4a52b0497a40af653497ee60a0 
Number of updated asset objects reloaded before import = 0Number of asset objects unloaded after import = 2

========================================================================
Received Import Request.
  Time since last request: 0.000039 seconds.
  path: Assets/Art/Environment/04 Rainbow Road/Textures/RainbowRoad_Normal.png
  importAddress: Guid(3e39dcacd8b99b447a9efa7be579c896) Importer(815301076,1909f56bfc062723c751e8b465ee728b)
Start importing Assets/Art/Environment/04 Rainbow Road/Textures/RainbowRoad_Normal.png using Guid(3e39dcacd8b99b447a9efa7be579c896) Importer(815301076,1909f56bfc062723c751e8b465ee728b) (PreviewImporter) -> (Import Result ID: '5baecfa4218af747a2337cef84ddd8bb') in 0.0293452 seconds [static and dynamic dependencies]. Details - ImportResultOutputID=d048692f5e737c0ded0078db42e07158 DependenciesID=56a28ea69702fef19c0b994fe8ee9b0a StaticDependenciesID=fb7b2b6ad89dca9f12a45d591ac9dfff 
Number of updated asset objects reloaded before import = 0Number of asset objects unloaded after import = 2

========================================================================
Received Import Request.
  Time since last request: 0.000018 seconds.
  path: Assets/Scenes/Track_FlameCore/Lightmap-0_comp_dir.exr
  importAddress: Guid(0c7c00e488f6bbe4792cd342faccb2d2) Importer(815301076,1909f56bfc062723c751e8b465ee728b)
Start importing Assets/Scenes/Track_FlameCore/Lightmap-0_comp_dir.exr using Guid(0c7c00e488f6bbe4792cd342faccb2d2) Importer(815301076,1909f56bfc062723c751e8b465ee728b) (PreviewImporter) -> (Import Result ID: 'dd3b80344c890392e5a8df9378ef8384') in 0.0175737 seconds [static and dynamic dependencies]. Details - ImportResultOutputID=ffc8708843a63b857fc27be0b550ca49 DependenciesID=38f7a044eb150f19f87516c5123553c9 StaticDependenciesID=fe9269b60c09a2379cdcc844123b28d8 
Number of updated asset objects reloaded before import = 0Number of asset objects unloaded after import = 2

========================================================================
Received Import Request.
  Time since last request: 0.000016 seconds.
  path: Assets/Scenes/Track_SnowyMountain/Lightmap-0_comp_dir.exr
  importAddress: Guid(d0fc68988156aa54c9c84321f9596895) Importer(815301076,1909f56bfc062723c751e8b465ee728b)
Start importing Assets/Scenes/Track_SnowyMountain/Lightmap-0_comp_dir.exr using Guid(d0fc68988156aa54c9c84321f9596895) Importer(815301076,1909f56bfc062723c751e8b465ee728b) (PreviewImporter) -> (Import Result ID: 'f0e829483352666ccaed05059dadaee4') in 0.0179127 seconds [static and dynamic dependencies]. Details - ImportResultOutputID=e80e18665250178d9281219ac2438c8f DependenciesID=3cab74ee75b534617ce67efc0259c648 StaticDependenciesID=d300fd858c2dc84a72b77dea8086d8cf 
Number of updated asset objects reloaded before import = 0Number of asset objects unloaded after import = 2

========================================================================
Received Import Request.
  Time since last request: 0.000022 seconds.
  path: Assets/Art/Environment/05 Dusty Desert/Textures/Dunes.jpg
  importAddress: Guid(c5d501564842b8841962bd7d55d81906) Importer(815301076,1909f56bfc062723c751e8b465ee728b)
Start importing Assets/Art/Environment/05 Dusty Desert/Textures/Dunes.jpg using Guid(c5d501564842b8841962bd7d55d81906) Importer(815301076,1909f56bfc062723c751e8b465ee728b) (PreviewImporter) -> (Import Result ID: 'bb65382b731d5a8dcb8817de1bfe51c3') in 0.0184394 seconds [static and dynamic dependencies]. Details - ImportResultOutputID=f44ae35cc7b9cbde6a811481443cd2b5 DependenciesID=00229b02afe07e71e9fd2eb1fb41e0e2 StaticDependenciesID=8e98f6c99768d7716b7722d4cf3c0416 
Number of updated asset objects reloaded before import = 0Number of asset objects unloaded after import = 2

========================================================================
Received Import Request.
  Time since last request: 0.000034 seconds.
  path: Assets/Standard Assets/Effects/ImageEffects/Textures/Neutral3D16.png
  importAddress: Guid(a4b474cd484494a4aaa4bbf928219d09) Importer(815301076,1909f56bfc062723c751e8b465ee728b)
Start importing Assets/Standard Assets/Effects/ImageEffects/Textures/Neutral3D16.png using Guid(a4b474cd484494a4aaa4bbf928219d09) Importer(815301076,1909f56bfc062723c751e8b465ee728b) (PreviewImporter) -> (Import Result ID: 'adce6ac778bccb7c3f571db2a8463441') in 0.0187831 seconds [static and dynamic dependencies]. Details - ImportResultOutputID=c43229f4c38fc76103023ef5da19e2b8 DependenciesID=5dbcd5606c2be9de5b9d61c6fd2b032e StaticDependenciesID=f400bf6b87d1c247bebe07eb5d3468ee 
Number of updated asset objects reloaded before import = 0Number of asset objects unloaded after import = 2

========================================================================
Received Import Request.
  Time since last request: 0.000017 seconds.
  path: Assets/Art/Environment/Skybox/Textures/SkyboxOvercast/Overcast2_down.tif
  importAddress: Guid(c76b3032d5d1c9e47a4f64134730c565) Importer(815301076,1909f56bfc062723c751e8b465ee728b)
Start importing Assets/Art/Environment/Skybox/Textures/SkyboxOvercast/Overcast2_down.tif using Guid(c76b3032d5d1c9e47a4f64134730c565) Importer(815301076,1909f56bfc062723c751e8b465ee728b) (PreviewImporter) -> (Import Result ID: '5087c7fbe432cae2f9027c9cb979a39c') in 0.0187677 seconds [static and dynamic dependencies]. Details - ImportResultOutputID=f851b50305417d6b452d9353309e8039 DependenciesID=2319782c57f2527e59c2c40fdc223304 StaticDependenciesID=8ee94030308f5e8887669e284b8344ff 
Number of updated asset objects reloaded before import = 0Number of asset objects unloaded after import = 2

========================================================================
Received Import Request.
  Time since last request: 0.000019 seconds.
  path: Assets/Art/Environment/05 Dusty Desert/Textures/Dry_Normal.bmp
  importAddress: Guid(21bde3c1706f2294999def1bbaff6012) Importer(815301076,1909f56bfc062723c751e8b465ee728b)
Start importing Assets/Art/Environment/05 Dusty Desert/Textures/Dry_Normal.bmp using Guid(21bde3c1706f2294999def1bbaff6012) Importer(815301076,1909f56bfc062723c751e8b465ee728b) (PreviewImporter) -> (Import Result ID: '6988184d2fbd4d012d39aba7c5110431') in 0.0213423 seconds [static and dynamic dependencies]. Details - ImportResultOutputID=3726dd84258aed2efde784fb45b1a188 DependenciesID=dbbb652d4e3b012118dcf8300d4164c9 StaticDependenciesID=f18943075f19907e7077ebb886ac4f54 
Number of updated asset objects reloaded before import = 0Number of asset objects unloaded after import = 2

========================================================================
Received Import Request.
  Time since last request: 0.000022 seconds.
  path: Assets/Art/Environment/Skybox/Textures/SkyboxCloudless/down.png
  importAddress: Guid(8a912864eb1804c439e235db8ff6189f) Importer(815301076,1909f56bfc062723c751e8b465ee728b)
Start importing Assets/Art/Environment/Skybox/Textures/SkyboxCloudless/down.png using Guid(8a912864eb1804c439e235db8ff6189f) Importer(815301076,1909f56bfc062723c751e8b465ee728b) (PreviewImporter) -> (Import Result ID: '05fdd71725312e11fdcf255456fe126e') in 0.0255688 seconds [static and dynamic dependencies]. Details - ImportResultOutputID=f465efe69e5b763afa1a33417fda5cc6 DependenciesID=491e1c0981e989745d25655c4f18668c StaticDependenciesID=9ee771349f2ef834a330f3224a7f91e0 
Number of updated asset objects reloaded before import = 0Number of asset objects unloaded after import = 2

========================================================================
Received Import Request.
  Time since last request: 0.000035 seconds.
  path: Assets/Standard Assets/Effects/Lens Flares/Art Assets/digicam.psd
  importAddress: Guid(1eacd3a9be1d1450a8bcb1ab2cfde525) Importer(815301076,1909f56bfc062723c751e8b465ee728b)
Start importing Assets/Standard Assets/Effects/Lens Flares/Art Assets/digicam.psd using Guid(1eacd3a9be1d1450a8bcb1ab2cfde525) Importer(815301076,1909f56bfc062723c751e8b465ee728b) (PreviewImporter) -> (Import Result ID: '5ebaf4dde519cb79e9fbeef6f43831d4') in 0.0196365 seconds [static and dynamic dependencies]. Details - ImportResultOutputID=c60632b8913bd7733dd336c078c65c53 DependenciesID=368df4c8ef3a5f7263c0b369ddd10c64 StaticDependenciesID=5c1708ebe3dd386b9c5d106bd8637d11 
Number of updated asset objects reloaded before import = 0Number of asset objects unloaded after import = 2

Editor requested this worker to shutdown with reason: Scaling down because of idle timeout
AssetImportWorker is now disconnected from the server
Process exiting
Exiting without the bug reporter. Application will terminate with return code 0