[Licensing::Module] Trying to connect to existing licensing client channel...
[Licensing::IpcConnector] Successfully connected to: "LicenseClient-Maxi" at "2026-03-31T09:59:56.2551508Z"
Built from '6000.4/staging' branch; Version is '6000.4.0f1 (8cf496087c8f) revision 9237654'; Using compiler version '194234433'; Build Type 'Release'
OS: 'Windows 11  (10.0.26100) Professional' Language: 'en' Physical Memory: 16310 MB
BatchMode: 1, IsHumanControllingUs: 0, StartBugReporterOnCrash: 0, Is64bit: 1
System  architecture: x64
Process architecture: x64
Date: 2026-03-31T09:59:56Z

COMMAND LINE ARGUMENTS:
D:\Ewnety\6000.4.0f1\Editor\Unity.exe
-adb2
-batchMode
-noUpm
-name
AssetImportWorker2
-projectPath
C:/Users/Maxi/Documents/GitHub/Sanicball-DX
-logFile
Logs/AssetImportWorker2.log
-srvPort
62813
-licensingIpc
LicenseClient-Maxi
-force-d3d12
-job-worker-count
5
-background-job-worker-count
8
-gc-helper-count
1
-name
AssetImport
Successfully changed project path to: C:/Users/Maxi/Documents/GitHub/Sanicball-DX
C:/Users/Maxi/Documents/GitHub/Sanicball-DX
[UnityMemory] Configuration Parameters - Can be set up in boot.config
    "memorysetup-temp-allocator-size-gi-baking-worker=262144"
    "memorysetup-temp-allocator-size-gi-baking-worker=262144"
    "memorysetup-temp-allocator-size-gi-baking-worker=262144"
    "memorysetup-temp-allocator-size-gi-baking-worker=262144"
    "memorysetup-temp-allocator-size-gi-baking-worker=262144"
    "memorysetup-temp-allocator-size-nav-mesh-worker=65536"
    "memorysetup-temp-allocator-size-audio-worker=65536"
    "memorysetup-temp-allocator-size-cloud-worker=32768"
    "memorysetup-temp-allocator-size-gfx=262144"
    "memorysetup-temp-allocator-size-preload-manager=33554432"
    "memorysetup-temp-allocator-size-job-worker=262144"
    "memorysetup-temp-allocator-size-background-worker=32768"
    "memorysetup-allocator-temp-initial-block-size-main=262144"
    "memorysetup-allocator-temp-initial-block-size-worker=262144"
    "memorysetup-bucket-allocator-granularity=16"
    "memorysetup-bucket-allocator-bucket-count=8"
    "memorysetup-bucket-allocator-block-size=33554432"
    "memorysetup-bucket-allocator-block-count=8"
    "memorysetup-main-allocator-block-size=16777216"
    "memorysetup-thread-allocator-block-size=16777216"
    "memorysetup-gfx-main-allocator-block-size=16777216"
    "memorysetup-gfx-thread-allocator-block-size=16777216"
    "memorysetup-cache-allocator-block-size=4194304"
    "memorysetup-typetree-allocator-block-size=2097152"
    "memorysetup-profiler-bucket-allocator-granularity=16"
    "memorysetup-profiler-bucket-allocator-bucket-count=8"
    "memorysetup-profiler-bucket-allocator-block-size=33554432"
    "memorysetup-profiler-bucket-allocator-block-count=8"
    "memorysetup-profiler-allocator-block-size=16777216"
    "memorysetup-profiler-editor-allocator-block-size=1048576"
    "memorysetup-temp-allocator-size-main=16777216"
    "memorysetup-job-temp-allocator-block-size=2097152"
    "memorysetup-job-temp-allocator-block-size-background=1048576"
    "memorysetup-job-temp-allocator-reduction-small-platforms=262144"
Player connection [24124]  Target information:

Player connection [24124]  * "[IP] 192.168.59.1 [Port] 0 [Flags] 2 [Guid] 828944500 [EditorId] 828944500 [Version] 1048832 [Id] WindowsEditor(7,FunniPC) [Debug] 1 [PackageName] WindowsEditor [ProjectName] Editor" 

Player connection [24124]  * "[IP] 192.168.206.1 [Port] 0 [Flags] 2 [Guid] 828944500 [EditorId] 828944500 [Version] 1048832 [Id] WindowsEditor(7,FunniPC) [Debug] 1 [PackageName] WindowsEditor [ProjectName] Editor" 

Player connection [24124]  * "[IP] 192.168.178.168 [Port] 0 [Flags] 2 [Guid] 828944500 [EditorId] 828944500 [Version] 1048832 [Id] WindowsEditor(7,FunniPC) [Debug] 1 [PackageName] WindowsEditor [ProjectName] Editor" 

Player connection [24124] Host joined multi-casting on [225.0.0.222:54997]...
Player connection [24124] Host joined alternative multi-casting on [225.0.0.222:34997]...
JobSystem: Creating JobQueue using job-worker-count value 5
Input System module state changed to: Initialized.
[Physics::Module] Initialized fallback backend.
[Physics::Module] Id: 0xdecafbad
Library Redirect Path: Library/
[Physics::Module] Selected backend.
[Physics::Module] Name: PhysX
[Physics::Module] Id: 0xf2b8ea05
[Physics::Module] SDK Version: 4.1.2
[Physics::Module] Integration Version: 1.0.0
[Physics::Module] Threading Mode: Multi-Threaded
Refreshing native plugins compatible for Editor in 8.11 ms, found 2 plugins.
Initialize engine version: 6000.4.0f1 (8cf496087c8f)
[Subsystems] Discovering subsystems at path D:/Ewnety/6000.4.0f1/Editor/Data/Resources/UnitySubsystems
[Subsystems] Discovering subsystems at path C:/Users/Maxi/Documents/GitHub/Sanicball-DX/Assets
Forcing GfxDevice: Direct3D 12
GfxDevice: creating device client; kGfxThreadingModeNonThreaded
d3d12: failed to query info queue interface (0x80004002).
Direct3D:
    Version:         Direct3D 12 [level 12.2]
    Renderer:        AMD Radeon RX 7700 XT (ID=0x747e)
    Vendor:          ATI
    VRAM:            12081 MB
    App VRAM Budget: 11313 MB
    Driver:          32.0.23033.1002
Initialize mono
Mono path[0] = 'D:/Ewnety/6000.4.0f1/Editor/Data/Managed'
Mono path[1] = 'D:/Ewnety/6000.4.0f1/Editor/Data/MonoBleedingEdge/lib/mono/unityjit-win32'
Mono config path = 'D:/Ewnety/6000.4.0f1/Editor/Data/MonoBleedingEdge/etc'
Using monoOptions --debugger-agent=transport=dt_socket,embedding=1,server=y,suspend=n,address=127.0.0.1:56076
CodeReloadManager initialized
[Licensing::Client] Error: HandshakeResponse reported an error:
	ResponseCode: 505
	ResponseStatus: Unsupported protocol version '1.18.1'.
[Licensing::Module] Error: Failed to handshake to channel: "LicenseClient-Maxi"
[Licensing::IpcConnector] LicenseClient-Maxi channel disconnected successfully.
[Licensing::IpcConnector] Successfully connected to: "LicenseClient-Maxi-6000.4.0" at "2026-03-31T09:59:58.5826769Z"
Begin MonoManager ReloadAssembly
Registering precompiled unity dll's ...
Register platform support module: D:/Ewnety/6000.4.0f1/Editor/Data/PlaybackEngines/WindowsStandaloneSupport/UnityEditor.WindowsStandalone.Extensions.dll
[Licensing::Module] Licensing is not yet initialized.
[Licensing::Client] Handshaking with LicensingClient:
  Version:                 1.18.1+9fbee8e
  Session Id:              18f6fb79dd9c4375a863460ed86a13e1
  Correlation Id:          fbe1c7771805f9ad4a8b5bd9e44ed52c
  External correlation Id: 4786640691639572004
  Machine Id:              IkTvWfYHITFguh6+9JakOOPq8e4=
[Licensing::Module] Successfully connected to LicensingClient on channel: "LicenseClient-Maxi-6000.4.0" (connect: 0.00s, validation: 0.00s, handshake: 2.11s)
[Licensing::IpcConnector] Successfully connected to: "LicenseClient-Maxi-6000.4.0-notifications" at "2026-03-31T10:00:00.6924466Z"
[Licensing::Module] Licensing Background thread has ended after 4.44s
[Licensing::Module] Licensing is initialized (took 1.39s).
[Licensing::Client] Successfully resolved entitlement details
[Licensing::Module] License group:
  Id: F4-MESN-GUW7-62D3-FRZW-XXXX
  Product: Unity Personal
  Type: ULF
  Expiration: Unlimited
[Licensing::Module] License group:
  Id: 9071283907225-UnityPersXXXX
  Product: Unity Personal
  Type: Assigned
  Expiration: Unlimited
Register platform support module: D:/Ewnety/6000.4.0f1/Editor/Data/PlaybackEngines/AndroidPlayer/UnityEditor.Android.Extensions.dll
Registered in 1.408500 seconds.
Native extension for Android target not found
Android Extension - Scanning For ADB Devices 426 ms
Native extension for WindowsStandalone target not found
Package Manager log level set to [2]
[Package Manager] Failed to launch server process. Reason: Unity was launched with the -noUpm command-line argument
[Package Manager] Unable to send message (not connected to server process).
[Package Manager] Cannot connect to Unity Package Manager local server
ScheduleIndexationOnStartup MainProcess:False IndexOnStartup:True
Mono: successfully reloaded assembly
- Finished resetting the current domain, in  1.140 seconds
Domain Reload Profiling: 3420ms
	BeginReloadAssembly (351ms)
	RebuildCommonClasses (66ms)
	RebuildNativeTypeToScriptingClass (22ms)
	initialDomainReloadingComplete (1540ms)
	LoadAllAssembliesAndSetupDomain (302ms)
		LoadAssemblies (350ms)
		AnalyzeDomain (285ms)
			TypeCache.Refresh (283ms)
				TypeCache.ScanAssembly (260ms)
	FinalizeReload (1141ms)
		SetupLoadedEditorAssemblies (0ms)
			InitializePlatformSupportModulesInManaged (650ms)
			BeforeProcessingInitializeOnLoad (123ms)
			ProcessInitializeOnLoadAttributes (140ms)
			ProcessInitializeOnLoadMethodAttributes (135ms)
========================================================================
Worker process is ready to serve import requests
Import Worker Mode flag is 0x00
Begin MonoManager ReloadAssembly
[Licensing::Client] Successfully resolved entitlement details
[Licensing::Module] License group:
  Id: F4-MESN-GUW7-62D3-FRZW-XXXX
  Product: Unity Personal
  Type: ULF
  Expiration: Unlimited
[Licensing::Module] License group:
  Id: 9071283907225-UnityPersXXXX
  Product: Unity Personal
  Type: Assigned
  Expiration: Unlimited
Duplicate assembly 'Newtonsoft.Json.dll' with different versions detected, using 'Packages/com.unity.nuget.newtonsoft-json/Runtime/Newtonsoft.Json.dll, AssemblyName=Newtonsoft.Json, Version=13.0.0.0, Culture=neutral, PublicKeyToken=30ad4fe6b2a6aeed' and ignoring 'Assets/Assemblies/Newtonsoft.Json.dll, AssemblyName=Newtonsoft.Json, Version=6.0.0.0, Culture=neutral, PublicKeyToken=30ad4fe6b2a6aeed'.Assembly Assembly-CSharp-Editor-firstpass.dll at Library/ScriptAssemblies/Assembly-CSharp-Editor-firstpass.dll not valid. Loading of assembly skipped.
Assembly DocCodeExamples.dll at Library/ScriptAssemblies/DocCodeExamples.dll not valid. Loading of assembly skipped.
Assembly TestNewCustomAssembly.dll at Library/ScriptAssemblies/TestNewCustomAssembly.dll not valid. Loading of assembly skipped.
Assembly Unity.2D.Sprite.Package.EditorTests.dll at Library/ScriptAssemblies/Unity.2D.Sprite.Package.EditorTests.dll not valid. Loading of assembly skipped.
Assembly Unity.2D.Tilemap.Package.EditorTests.dll at Library/ScriptAssemblies/Unity.2D.Tilemap.Package.EditorTests.dll not valid. Loading of assembly skipped.
Assembly Unity.Analytics.DataPrivacy.Tests.dll at Library/ScriptAssemblies/Unity.Analytics.DataPrivacy.Tests.dll not valid. Loading of assembly skipped.
Assembly Unity.Analytics.StandardEvents.EditorTests.dll at Library/ScriptAssemblies/Unity.Analytics.StandardEvents.EditorTests.dll not valid. Loading of assembly skipped.
Assembly Unity.Collections.BurstCompatibilityGen.dll at Library/ScriptAssemblies/Unity.Collections.BurstCompatibilityGen.dll not valid. Loading of assembly skipped.
Assembly Unity.Collections.DocCodeSamples.dll at Library/ScriptAssemblies/Unity.Collections.DocCodeSamples.dll not valid. Loading of assembly skipped.
Assembly Unity.Collections.PerformanceTests.dll at Library/ScriptAssemblies/Unity.Collections.PerformanceTests.dll not valid. Loading of assembly skipped.
Assembly Unity.Collections.Tests.dll at Library/ScriptAssemblies/Unity.Collections.Tests.dll not valid. Loading of assembly skipped.
Assembly Unity.Collections.Tests.Playmode.dll at Library/ScriptAssemblies/Unity.Collections.Tests.Playmode.dll not valid. Loading of assembly skipped.
Assembly Unity.Mathematics.Tests.dll at Library/ScriptAssemblies/Unity.Mathematics.Tests.dll not valid. Loading of assembly skipped.
Assembly Unity.Multiplayer.Center.Editor.Tests.dll at Library/ScriptAssemblies/Unity.Multiplayer.Center.Editor.Tests.dll not valid. Loading of assembly skipped.
Assembly Unity.Multiplayer.Center.Tests.dll at Library/ScriptAssemblies/Unity.Multiplayer.Center.Tests.dll not valid. Loading of assembly skipped.
Assembly Unity.Nuget.Mono-Cecil.dll at Library/ScriptAssemblies/Unity.Nuget.Mono-Cecil.dll not valid. Loading of assembly skipped.
Assembly Unity.PathTracing.Editor.Tests.dll at Library/ScriptAssemblies/Unity.PathTracing.Editor.Tests.dll not valid. Loading of assembly skipped.
Assembly Unity.PathTracing.Runtime.Tests.dll at Library/ScriptAssemblies/Unity.PathTracing.Runtime.Tests.dll not valid. Loading of assembly skipped.
Assembly Unity.RenderPipelines.Core.Editor.Tests.dll at Library/ScriptAssemblies/Unity.RenderPipelines.Core.Editor.Tests.dll not valid. Loading of assembly skipped.
Assembly Unity.RenderPipelines.Core.Runtime.Tests.dll at Library/ScriptAssemblies/Unity.RenderPipelines.Core.Runtime.Tests.dll not valid. Loading of assembly skipped.
Assembly Unity.RenderPipelines.Universal.Config.Editor.Tests.dll at Library/ScriptAssemblies/Unity.RenderPipelines.Universal.Config.Editor.Tests.dll not valid. Loading of assembly skipped.
Assembly Unity.RenderPipelines.Universal.Editor.Tests.dll at Library/ScriptAssemblies/Unity.RenderPipelines.Universal.Editor.Tests.dll not valid. Loading of assembly skipped.
Assembly Unity.RenderPipelines.Universal.Runtime.Tests.dll at Library/ScriptAssemblies/Unity.RenderPipelines.Universal.Runtime.Tests.dll not valid. Loading of assembly skipped.
Assembly Unity.Searcher.EditorTests.dll at Library/ScriptAssemblies/Unity.Searcher.EditorTests.dll not valid. Loading of assembly skipped.
Assembly Unity.ShaderGraph.Editor.Tests.dll at Library/ScriptAssemblies/Unity.ShaderGraph.Editor.Tests.dll not valid. Loading of assembly skipped.
Assembly Unity.TextMeshPro.Editor.Tests.dll at Library/ScriptAssemblies/Unity.TextMeshPro.Editor.Tests.dll not valid. Loading of assembly skipped.
Assembly Unity.TextMeshPro.Tests.dll at Library/ScriptAssemblies/Unity.TextMeshPro.Tests.dll not valid. Loading of assembly skipped.
Assembly Unity.UnifiedRayTracing.Editor.Tests.dll at Library/ScriptAssemblies/Unity.UnifiedRayTracing.Editor.Tests.dll not valid. Loading of assembly skipped.
Assembly UnityEditor.UI.Common.Tests.dll at Library/ScriptAssemblies/UnityEditor.UI.Common.Tests.dll not valid. Loading of assembly skipped.
Assembly UnityEditor.UI.EditorTests.dll at Library/ScriptAssemblies/UnityEditor.UI.EditorTests.dll not valid. Loading of assembly skipped.
Assembly UnityEditor.XR.LegacyInputHelpers.Tests.dll at Library/ScriptAssemblies/UnityEditor.XR.LegacyInputHelpers.Tests.dll not valid. Loading of assembly skipped.
Assembly UnityEngine.Advertisements.Editor.Tests.dll at Library/ScriptAssemblies/UnityEngine.Advertisements.Editor.Tests.dll not valid. Loading of assembly skipped.
Assembly UnityEngine.Advertisements.Tests.dll at Library/ScriptAssemblies/UnityEngine.Advertisements.Tests.dll not valid. Loading of assembly skipped.
Assembly UnityEngine.Purchasing.Apple.dll at Library/ScriptAssemblies/UnityEngine.Purchasing.Apple.dll not valid. Loading of assembly skipped.
Assembly UnityEngine.Purchasing.AppleMacos.dll at Library/ScriptAssemblies/UnityEngine.Purchasing.AppleMacos.dll not valid. Loading of assembly skipped.
Assembly UnityEngine.Purchasing.Security.dll at Library/ScriptAssemblies/UnityEngine.Purchasing.Security.dll not valid. Loading of assembly skipped.
Assembly UnityEngine.Purchasing.WinRT.dll at Library/ScriptAssemblies/UnityEngine.Purchasing.WinRT.dll not valid. Loading of assembly skipped.
Assembly UnityEngine.SpatialTracking.Tests.dll at Library/ScriptAssemblies/UnityEngine.SpatialTracking.Tests.dll not valid. Loading of assembly skipped.
Assembly UnityEngine.UI.Tests.dll at Library/ScriptAssemblies/UnityEngine.UI.Tests.dll not valid. Loading of assembly skipped.
Symbol file LoadedFromMemory is not a mono symbol file
OnLevelWasLoaded was found on MatchManager
This message has been deprecated and will be removed in a later version of Unity.
Add a delegate to SceneManager.sceneLoaded instead to get notifications after scene loading has completed
Refreshing native plugins compatible for Editor in 7.78 ms, found 2 plugins.
OnLevelWasLoaded was found on MatchManager
This message has been deprecated and will be removed in a later version of Unity.
Add a delegate to SceneManager.sceneLoaded instead to get notifications after scene loading has completed
Native extension for Android target not found
Native extension for WindowsStandalone target not found
[Package Manager] Failed to launch server process. Reason: Unity was launched with the -noUpm command-line argument
[Package Manager] Unable to send message (not connected to server process).
[Package Manager] Cannot connect to Unity Package Manager local server
[Package Manager] Failed to launch server process. Reason: Unity was launched with the -noUpm command-line argument
[Package Manager] Unable to send message (not connected to server process).
[Package Manager] Cannot connect to Unity Package Manager local server
ScheduleIndexationOnStartup MainProcess:False IndexOnStartup:True
Mono: successfully reloaded assembly
- Finished resetting the current domain, in  1.687 seconds
Domain Reload Profiling: 3284ms
	BeginReloadAssembly (298ms)
		DisableScriptedObjects (8ms)
		CreateAndSetChildDomain (41ms)
	RebuildCommonClasses (62ms)
	RebuildNativeTypeToScriptingClass (17ms)
	initialDomainReloadingComplete (104ms)
	LoadAllAssembliesAndSetupDomain (1116ms)
		LoadAssemblies (932ms)
		AnalyzeDomain (372ms)
			TypeCache.Refresh (264ms)
				TypeCache.ScanAssembly (232ms)
			BuildScriptInfoCaches (89ms)
			ResolveRequiredComponents (16ms)
	FinalizeReload (1687ms)
		SetupLoadedEditorAssemblies (0ms)
			InitializePlatformSupportModulesInManaged (13ms)
			BeforeProcessingInitializeOnLoad (237ms)
			ProcessInitializeOnLoadAttributes (562ms)
			ProcessInitializeOnLoadMethodAttributes (527ms)
		AwakeInstancesAfterBackupRestoration (12ms)
Launched and connected shader compiler UnityShaderCompiler.exe after 0.04 seconds
Refreshing native plugins compatible for Editor in 6.82 ms, found 2 plugins.
Unloading 24 Unused Serialized files (Serialized files now loaded: 0)
Unloading 5652 unused Assets / (5.9 MB). Loaded Objects now: 6536.
Memory consumption went from 168.4 MB to 162.5 MB.
Total: 20.320100 ms (FindLiveObjects: 1.036500 ms CreateObjectMapping: 0.805300 ms MarkObjects: 15.247100 ms  DeleteObjects: 3.227700 ms)

========================================================================
Received Import Request.
  Time since last request: 354.869186 seconds.
  path: Assets/_Recovery/0 (1).unity
  importAddress: Guid(5005edaa8aec43145bd9a84e8937c379) Importer(2089858483,b0f066a214c2f5e87bad3c948f4d605d)
Start importing Assets/_Recovery/0 (1).unity using Guid(5005edaa8aec43145bd9a84e8937c379) Importer(2089858483,b0f066a214c2f5e87bad3c948f4d605d) (ScriptedImporter) -> (Import Result ID: 'aa089a0a58ba5f1613dfd51c9a91057f') in 0.1024027 seconds [static and dynamic dependencies]. Details - ImportResultOutputID=ec51705c4269446681ad97106254335f DependenciesID=5d99d00719a43c56750c15992fbc652c StaticDependenciesID=c75f79654dab4857862b9156d2bb93bd 
Number of updated asset objects reloaded before import = 0Number of asset objects unloaded after import = 1

========================================================================
Received Import Request.
  Time since last request: 0.000033 seconds.
  path: Assets/Art/Environment/01 Green Hill Zone/Materials/Dirt_Tiled64.mat
  importAddress: Guid(6e53ddccbd4708f47a5224238b4fd238) Importer(2089858483,b0f066a214c2f5e87bad3c948f4d605d)
Start importing Assets/Art/Environment/01 Green Hill Zone/Materials/Dirt_Tiled64.mat using Guid(6e53ddccbd4708f47a5224238b4fd238) Importer(2089858483,b0f066a214c2f5e87bad3c948f4d605d) (ScriptedImporter) -> (Import Result ID: 'e48f08f756c03835ac880de1ae0683bd') in 0.0605834 seconds [static and dynamic dependencies]. Details - ImportResultOutputID=6e90c01be8a1b0057a9789484592f7fd DependenciesID=e3e0e9641833114df277b47842987d4c StaticDependenciesID=5b8d1accead249915a3015d4f2115a4d 
Number of updated asset objects reloaded before import = 0Number of asset objects unloaded after import = 3

========================================================================
Received Import Request.
  Time since last request: 0.000060 seconds.
  path: Assets/UniversalRenderPipelineGlobalSettings.asset
  importAddress: Guid(0257c9633f967ea488e30bb7bdac8341) Importer(2089858483,b0f066a214c2f5e87bad3c948f4d605d)
Start importing Assets/UniversalRenderPipelineGlobalSettings.asset using Guid(0257c9633f967ea488e30bb7bdac8341) Importer(2089858483,b0f066a214c2f5e87bad3c948f4d605d) (ScriptedImporter) -> (Import Result ID: '21666f7190b8ee3117cb639c3155a8ba') in 0.0878583 seconds [static and dynamic dependencies]. Details - ImportResultOutputID=84cb328c6ca415ccea865856a8d92772 DependenciesID=54d6b5a7fb7d959cf91117b64f94c7ff StaticDependenciesID=d767442acc4845d78f8d4ab551cb2b47 
Number of updated asset objects reloaded before import = 0Number of asset objects unloaded after import = 0

========================================================================
Received Import Request.
  Time since last request: 0.000029 seconds.
  path: Assets/URPDefaultResources/2fast.asset
  importAddress: Guid(3b139754cee87174ab1397b5158034b0) Importer(2089858483,b0f066a214c2f5e87bad3c948f4d605d)
Start importing Assets/URPDefaultResources/2fast.asset using Guid(3b139754cee87174ab1397b5158034b0) Importer(2089858483,b0f066a214c2f5e87bad3c948f4d605d) (ScriptedImporter) -> (Import Result ID: '6e92fd0784a1d9b9701ad0cb2753a6c6') in 0.0813528 seconds [static and dynamic dependencies]. Details - ImportResultOutputID=89c473f565086951e963ca4a2deeb9f1 DependenciesID=071de52f6c306ac75752c0a117792db5 StaticDependenciesID=e8ddba53ed4a1f777991b087d5aba51e 
Number of updated asset objects reloaded before import = 0Number of asset objects unloaded after import = 1

========================================================================
Received Import Request.
  Time since last request: 0.000024 seconds.
  path: Assets/MobileDependencyResolver/Editor/1.2.185/Google.PackageManagerResolver.dll
  importAddress: Guid(bf27b3f704244da0af729a6737adb7f1) Importer(2089858483,b0f066a214c2f5e87bad3c948f4d605d)
Start importing Assets/MobileDependencyResolver/Editor/1.2.185/Google.PackageManagerResolver.dll using Guid(bf27b3f704244da0af729a6737adb7f1) Importer(2089858483,b0f066a214c2f5e87bad3c948f4d605d) (ScriptedImporter) -> (Import Result ID: '63570389b182d28d65710aef738daccb') in 0.0208719 seconds [static and dynamic dependencies]. Details - ImportResultOutputID=5b63b8c9d0b352e0c45f3a3849b9be42 DependenciesID=9d0f250c826764c1202d9754d4b6b8b6 StaticDependenciesID=94a1bef7d6f3c64db31cd3a5da6dbf0d 
Number of updated asset objects reloaded before import = 0Number of asset objects unloaded after import = 0

========================================================================
Received Import Request.
  Time since last request: 1030.736336 seconds.
  path: Assets/Scenes/Track_GreenHillZone.unity
  importAddress: Guid(dd3bbb09ce1af034192ad01d199b5a98) Importer(2089858483,b0f066a214c2f5e87bad3c948f4d605d)
Start importing Assets/Scenes/Track_GreenHillZone.unity using Guid(dd3bbb09ce1af034192ad01d199b5a98) Importer(2089858483,b0f066a214c2f5e87bad3c948f4d605d) (ScriptedImporter) -> (Import Result ID: '706b68bea81e9c2e3c1e794340fb09b5') in 0.1440021 seconds [static and dynamic dependencies]. Details - ImportResultOutputID=a07220b2194cf3d314b9145104906650 DependenciesID=bc920bc651a5d87e4195ecc6e6acdf66 StaticDependenciesID=4e1f44b143918ff06ac81c988fd7891b 
Number of updated asset objects reloaded before import = 0Number of asset objects unloaded after import = 1

========================================================================
Received Prepare
Begin MonoManager ReloadAssembly
[Licensing::Client] Successfully resolved entitlement details
[Licensing::Module] License group:
  Id: F4-MESN-GUW7-62D3-FRZW-XXXX
  Product: Unity Personal
  Type: ULF
  Expiration: Unlimited
[Licensing::Module] License group:
  Id: 9071283907225-UnityPersXXXX
  Product: Unity Personal
  Type: Assigned
  Expiration: Unlimited
Duplicate assembly 'Newtonsoft.Json.dll' with different versions detected, using 'Packages/com.unity.nuget.newtonsoft-json/Runtime/Newtonsoft.Json.dll, AssemblyName=Newtonsoft.Json, Version=13.0.0.0, Culture=neutral, PublicKeyToken=30ad4fe6b2a6aeed' and ignoring 'Assets/Assemblies/Newtonsoft.Json.dll, AssemblyName=Newtonsoft.Json, Version=6.0.0.0, Culture=neutral, PublicKeyToken=30ad4fe6b2a6aeed'.Assembly Assembly-CSharp-Editor-firstpass.dll at Library/ScriptAssemblies/Assembly-CSharp-Editor-firstpass.dll not valid. Loading of assembly skipped.
Assembly DocCodeExamples.dll at Library/ScriptAssemblies/DocCodeExamples.dll not valid. Loading of assembly skipped.
Assembly TestNewCustomAssembly.dll at Library/ScriptAssemblies/TestNewCustomAssembly.dll not valid. Loading of assembly skipped.
Assembly Unity.2D.Sprite.Package.EditorTests.dll at Library/ScriptAssemblies/Unity.2D.Sprite.Package.EditorTests.dll not valid. Loading of assembly skipped.
Assembly Unity.2D.Tilemap.Package.EditorTests.dll at Library/ScriptAssemblies/Unity.2D.Tilemap.Package.EditorTests.dll not valid. Loading of assembly skipped.
Assembly Unity.Analytics.DataPrivacy.Tests.dll at Library/ScriptAssemblies/Unity.Analytics.DataPrivacy.Tests.dll not valid. Loading of assembly skipped.
Assembly Unity.Analytics.StandardEvents.EditorTests.dll at Library/ScriptAssemblies/Unity.Analytics.StandardEvents.EditorTests.dll not valid. Loading of assembly skipped.
Assembly Unity.Collections.BurstCompatibilityGen.dll at Library/ScriptAssemblies/Unity.Collections.BurstCompatibilityGen.dll not valid. Loading of assembly skipped.
Assembly Unity.Collections.DocCodeSamples.dll at Library/ScriptAssemblies/Unity.Collections.DocCodeSamples.dll not valid. Loading of assembly skipped.
Assembly Unity.Collections.PerformanceTests.dll at Library/ScriptAssemblies/Unity.Collections.PerformanceTests.dll not valid. Loading of assembly skipped.
Assembly Unity.Collections.Tests.dll at Library/ScriptAssemblies/Unity.Collections.Tests.dll not valid. Loading of assembly skipped.
Assembly Unity.Collections.Tests.Playmode.dll at Library/ScriptAssemblies/Unity.Collections.Tests.Playmode.dll not valid. Loading of assembly skipped.
Assembly Unity.Mathematics.Tests.dll at Library/ScriptAssemblies/Unity.Mathematics.Tests.dll not valid. Loading of assembly skipped.
Assembly Unity.Multiplayer.Center.Editor.Tests.dll at Library/ScriptAssemblies/Unity.Multiplayer.Center.Editor.Tests.dll not valid. Loading of assembly skipped.
Assembly Unity.Multiplayer.Center.Tests.dll at Library/ScriptAssemblies/Unity.Multiplayer.Center.Tests.dll not valid. Loading of assembly skipped.
Assembly Unity.Nuget.Mono-Cecil.dll at Library/ScriptAssemblies/Unity.Nuget.Mono-Cecil.dll not valid. Loading of assembly skipped.
Assembly Unity.PathTracing.Editor.Tests.dll at Library/ScriptAssemblies/Unity.PathTracing.Editor.Tests.dll not valid. Loading of assembly skipped.
Assembly Unity.PathTracing.Runtime.Tests.dll at Library/ScriptAssemblies/Unity.PathTracing.Runtime.Tests.dll not valid. Loading of assembly skipped.
Assembly Unity.RenderPipelines.Core.Editor.Tests.dll at Library/ScriptAssemblies/Unity.RenderPipelines.Core.Editor.Tests.dll not valid. Loading of assembly skipped.
Assembly Unity.RenderPipelines.Core.Runtime.Tests.dll at Library/ScriptAssemblies/Unity.RenderPipelines.Core.Runtime.Tests.dll not valid. Loading of assembly skipped.
Assembly Unity.RenderPipelines.Universal.Config.Editor.Tests.dll at Library/ScriptAssemblies/Unity.RenderPipelines.Universal.Config.Editor.Tests.dll not valid. Loading of assembly skipped.
Assembly Unity.RenderPipelines.Universal.Editor.Tests.dll at Library/ScriptAssemblies/Unity.RenderPipelines.Universal.Editor.Tests.dll not valid. Loading of assembly skipped.
Assembly Unity.RenderPipelines.Universal.Runtime.Tests.dll at Library/ScriptAssemblies/Unity.RenderPipelines.Universal.Runtime.Tests.dll not valid. Loading of assembly skipped.
Assembly Unity.Searcher.EditorTests.dll at Library/ScriptAssemblies/Unity.Searcher.EditorTests.dll not valid. Loading of assembly skipped.
Assembly Unity.ShaderGraph.Editor.Tests.dll at Library/ScriptAssemblies/Unity.ShaderGraph.Editor.Tests.dll not valid. Loading of assembly skipped.
Assembly Unity.TextMeshPro.Editor.Tests.dll at Library/ScriptAssemblies/Unity.TextMeshPro.Editor.Tests.dll not valid. Loading of assembly skipped.
Assembly Unity.TextMeshPro.Tests.dll at Library/ScriptAssemblies/Unity.TextMeshPro.Tests.dll not valid. Loading of assembly skipped.
Assembly Unity.UnifiedRayTracing.Editor.Tests.dll at Library/ScriptAssemblies/Unity.UnifiedRayTracing.Editor.Tests.dll not valid. Loading of assembly skipped.
Assembly UnityEditor.UI.Common.Tests.dll at Library/ScriptAssemblies/UnityEditor.UI.Common.Tests.dll not valid. Loading of assembly skipped.
Assembly UnityEditor.UI.EditorTests.dll at Library/ScriptAssemblies/UnityEditor.UI.EditorTests.dll not valid. Loading of assembly skipped.
Assembly UnityEditor.XR.LegacyInputHelpers.Tests.dll at Library/ScriptAssemblies/UnityEditor.XR.LegacyInputHelpers.Tests.dll not valid. Loading of assembly skipped.
Assembly UnityEngine.Advertisements.Editor.Tests.dll at Library/ScriptAssemblies/UnityEngine.Advertisements.Editor.Tests.dll not valid. Loading of assembly skipped.
Assembly UnityEngine.Advertisements.Tests.dll at Library/ScriptAssemblies/UnityEngine.Advertisements.Tests.dll not valid. Loading of assembly skipped.
Assembly UnityEngine.Purchasing.Apple.dll at Library/ScriptAssemblies/UnityEngine.Purchasing.Apple.dll not valid. Loading of assembly skipped.
Assembly UnityEngine.Purchasing.AppleMacos.dll at Library/ScriptAssemblies/UnityEngine.Purchasing.AppleMacos.dll not valid. Loading of assembly skipped.
Assembly UnityEngine.Purchasing.Security.dll at Library/ScriptAssemblies/UnityEngine.Purchasing.Security.dll not valid. Loading of assembly skipped.
Assembly UnityEngine.Purchasing.WinRT.dll at Library/ScriptAssemblies/UnityEngine.Purchasing.WinRT.dll not valid. Loading of assembly skipped.
Assembly UnityEngine.SpatialTracking.Tests.dll at Library/ScriptAssemblies/UnityEngine.SpatialTracking.Tests.dll not valid. Loading of assembly skipped.
Assembly UnityEngine.UI.Tests.dll at Library/ScriptAssemblies/UnityEngine.UI.Tests.dll not valid. Loading of assembly skipped.
Symbol file LoadedFromMemory is not a mono symbol file
OnLevelWasLoaded was found on MatchManager
This message has been deprecated and will be removed in a later version of Unity.
Add a delegate to SceneManager.sceneLoaded instead to get notifications after scene loading has completed
Refreshing native plugins compatible for Editor in 14.65 ms, found 2 plugins.
OnLevelWasLoaded was found on MatchManager
This message has been deprecated and will be removed in a later version of Unity.
Add a delegate to SceneManager.sceneLoaded instead to get notifications after scene loading has completed
Native extension for Android target not found
Native extension for WindowsStandalone target not found
[Package Manager] Failed to launch server process. Reason: Unity was launched with the -noUpm command-line argument
[Package Manager] Unable to send message (not connected to server process).
[Package Manager] Cannot connect to Unity Package Manager local server
[Package Manager] Failed to launch server process. Reason: Unity was launched with the -noUpm command-line argument
[Package Manager] Unable to send message (not connected to server process).
[Package Manager] Cannot connect to Unity Package Manager local server
ScheduleIndexationOnStartup MainProcess:False IndexOnStartup:True
Mono: successfully reloaded assembly
- Finished resetting the current domain, in  1.629 seconds
Domain Reload Profiling: 6229ms
	BeginReloadAssembly (626ms)
		DisableScriptedObjects (38ms)
		CreateAndSetChildDomain (194ms)
	RebuildCommonClasses (200ms)
	RebuildNativeTypeToScriptingClass (19ms)
	initialDomainReloadingComplete (97ms)
	LoadAllAssembliesAndSetupDomain (3659ms)
		LoadAssemblies (3069ms)
		AnalyzeDomain (802ms)
			TypeCache.Refresh (13ms)
			BuildScriptInfoCaches (700ms)
			ResolveRequiredComponents (77ms)
	FinalizeReload (1629ms)
		SetupLoadedEditorAssemblies (0ms)
			InitializePlatformSupportModulesInManaged (16ms)
			BeforeProcessingInitializeOnLoad (266ms)
			ProcessInitializeOnLoadAttributes (404ms)
			ProcessInitializeOnLoadMethodAttributes (426ms)
			AfterProcessingInitializeOnLoad (4ms)
		AwakeInstancesAfterBackupRestoration (23ms)
Refreshing native plugins compatible for Editor in 6.96 ms, found 2 plugins.
Unloading 24 Unused Serialized files (Serialized files now loaded: 0)
Unloading 5652 unused Assets / (5.8 MB). Loaded Objects now: 6553.
Memory consumption went from 175.0 MB to 169.2 MB.
Total: 17.343100 ms (FindLiveObjects: 0.886700 ms CreateObjectMapping: 0.591700 ms MarkObjects: 11.406000 ms  DeleteObjects: 4.456800 ms)

Prepare: number of updated asset objects reloaded= 0
========================================================================
Received Prepare
Begin MonoManager ReloadAssembly
Duplicate assembly 'Newtonsoft.Json.dll' with different versions detected, using 'Packages/com.unity.nuget.newtonsoft-json/Runtime/Newtonsoft.Json.dll, AssemblyName=Newtonsoft.Json, Version=13.0.0.0, Culture=neutral, PublicKeyToken=30ad4fe6b2a6aeed' and ignoring 'Assets/Assemblies/Newtonsoft.Json.dll, AssemblyName=Newtonsoft.Json, Version=6.0.0.0, Culture=neutral, PublicKeyToken=30ad4fe6b2a6aeed'.Assembly Assembly-CSharp-Editor-firstpass.dll at Library/ScriptAssemblies/Assembly-CSharp-Editor-firstpass.dll not valid. Loading of assembly skipped.
Assembly DocCodeExamples.dll at Library/ScriptAssemblies/DocCodeExamples.dll not valid. Loading of assembly skipped.
Assembly TestNewCustomAssembly.dll at Library/ScriptAssemblies/TestNewCustomAssembly.dll not valid. Loading of assembly skipped.
Assembly Unity.2D.Sprite.Package.EditorTests.dll at Library/ScriptAssemblies/Unity.2D.Sprite.Package.EditorTests.dll not valid. Loading of assembly skipped.
Assembly Unity.2D.Tilemap.Package.EditorTests.dll at Library/ScriptAssemblies/Unity.2D.Tilemap.Package.EditorTests.dll not valid. Loading of assembly skipped.
Assembly Unity.Analytics.DataPrivacy.Tests.dll at Library/ScriptAssemblies/Unity.Analytics.DataPrivacy.Tests.dll not valid. Loading of assembly skipped.
Assembly Unity.Analytics.StandardEvents.EditorTests.dll at Library/ScriptAssemblies/Unity.Analytics.StandardEvents.EditorTests.dll not valid. Loading of assembly skipped.
Assembly Unity.Collections.BurstCompatibilityGen.dll at Library/ScriptAssemblies/Unity.Collections.BurstCompatibilityGen.dll not valid. Loading of assembly skipped.
Assembly Unity.Collections.DocCodeSamples.dll at Library/ScriptAssemblies/Unity.Collections.DocCodeSamples.dll not valid. Loading of assembly skipped.
Assembly Unity.Collections.PerformanceTests.dll at Library/ScriptAssemblies/Unity.Collections.PerformanceTests.dll not valid. Loading of assembly skipped.
Assembly Unity.Collections.Tests.dll at Library/ScriptAssemblies/Unity.Collections.Tests.dll not valid. Loading of assembly skipped.
Assembly Unity.Collections.Tests.Playmode.dll at Library/ScriptAssemblies/Unity.Collections.Tests.Playmode.dll not valid. Loading of assembly skipped.
Assembly Unity.Mathematics.Tests.dll at Library/ScriptAssemblies/Unity.Mathematics.Tests.dll not valid. Loading of assembly skipped.
Assembly Unity.Multiplayer.Center.Editor.Tests.dll at Library/ScriptAssemblies/Unity.Multiplayer.Center.Editor.Tests.dll not valid. Loading of assembly skipped.
Assembly Unity.Multiplayer.Center.Tests.dll at Library/ScriptAssemblies/Unity.Multiplayer.Center.Tests.dll not valid. Loading of assembly skipped.
Assembly Unity.Nuget.Mono-Cecil.dll at Library/ScriptAssemblies/Unity.Nuget.Mono-Cecil.dll not valid. Loading of assembly skipped.
Assembly Unity.PathTracing.Editor.Tests.dll at Library/ScriptAssemblies/Unity.PathTracing.Editor.Tests.dll not valid. Loading of assembly skipped.
Assembly Unity.PathTracing.Runtime.Tests.dll at Library/ScriptAssemblies/Unity.PathTracing.Runtime.Tests.dll not valid. Loading of assembly skipped.
Assembly Unity.RenderPipelines.Core.Editor.Tests.dll at Library/ScriptAssemblies/Unity.RenderPipelines.Core.Editor.Tests.dll not valid. Loading of assembly skipped.
Assembly Unity.RenderPipelines.Core.Runtime.Tests.dll at Library/ScriptAssemblies/Unity.RenderPipelines.Core.Runtime.Tests.dll not valid. Loading of assembly skipped.
Assembly Unity.RenderPipelines.Universal.Config.Editor.Tests.dll at Library/ScriptAssemblies/Unity.RenderPipelines.Universal.Config.Editor.Tests.dll not valid. Loading of assembly skipped.
Assembly Unity.RenderPipelines.Universal.Editor.Tests.dll at Library/ScriptAssemblies/Unity.RenderPipelines.Universal.Editor.Tests.dll not valid. Loading of assembly skipped.
Assembly Unity.RenderPipelines.Universal.Runtime.Tests.dll at Library/ScriptAssemblies/Unity.RenderPipelines.Universal.Runtime.Tests.dll not valid. Loading of assembly skipped.
Assembly Unity.Searcher.EditorTests.dll at Library/ScriptAssemblies/Unity.Searcher.EditorTests.dll not valid. Loading of assembly skipped.
Assembly Unity.ShaderGraph.Editor.Tests.dll at Library/ScriptAssemblies/Unity.ShaderGraph.Editor.Tests.dll not valid. Loading of assembly skipped.
Assembly Unity.TextMeshPro.Editor.Tests.dll at Library/ScriptAssemblies/Unity.TextMeshPro.Editor.Tests.dll not valid. Loading of assembly skipped.
Assembly Unity.TextMeshPro.Tests.dll at Library/ScriptAssemblies/Unity.TextMeshPro.Tests.dll not valid. Loading of assembly skipped.
Assembly Unity.UnifiedRayTracing.Editor.Tests.dll at Library/ScriptAssemblies/Unity.UnifiedRayTracing.Editor.Tests.dll not valid. Loading of assembly skipped.
Assembly UnityEditor.UI.Common.Tests.dll at Library/ScriptAssemblies/UnityEditor.UI.Common.Tests.dll not valid. Loading of assembly skipped.
Assembly UnityEditor.UI.EditorTests.dll at Library/ScriptAssemblies/UnityEditor.UI.EditorTests.dll not valid. Loading of assembly skipped.
Assembly UnityEditor.XR.LegacyInputHelpers.Tests.dll at Library/ScriptAssemblies/UnityEditor.XR.LegacyInputHelpers.Tests.dll not valid. Loading of assembly skipped.
Assembly UnityEngine.Advertisements.Editor.Tests.dll at Library/ScriptAssemblies/UnityEngine.Advertisements.Editor.Tests.dll not valid. Loading of assembly skipped.
Assembly UnityEngine.Advertisements.Tests.dll at Library/ScriptAssemblies/UnityEngine.Advertisements.Tests.dll not valid. Loading of assembly skipped.
Assembly UnityEngine.Purchasing.Apple.dll at Library/ScriptAssemblies/UnityEngine.Purchasing.Apple.dll not valid. Loading of assembly skipped.
Assembly UnityEngine.Purchasing.AppleMacos.dll at Library/ScriptAssemblies/UnityEngine.Purchasing.AppleMacos.dll not valid. Loading of assembly skipped.
Assembly UnityEngine.Purchasing.Security.dll at Library/ScriptAssemblies/UnityEngine.Purchasing.Security.dll not valid. Loading of assembly skipped.
Assembly UnityEngine.Purchasing.WinRT.dll at Library/ScriptAssemblies/UnityEngine.Purchasing.WinRT.dll not valid. Loading of assembly skipped.
Assembly UnityEngine.SpatialTracking.Tests.dll at Library/ScriptAssemblies/UnityEngine.SpatialTracking.Tests.dll not valid. Loading of assembly skipped.
Assembly UnityEngine.UI.Tests.dll at Library/ScriptAssemblies/UnityEngine.UI.Tests.dll not valid. Loading of assembly skipped.
Symbol file LoadedFromMemory is not a mono symbol file
OnLevelWasLoaded was found on MatchManager
This message has been deprecated and will be removed in a later version of Unity.
Add a delegate to SceneManager.sceneLoaded instead to get notifications after scene loading has completed
Refreshing native plugins compatible for Editor in 6.15 ms, found 2 plugins.
OnLevelWasLoaded was found on MatchManager
This message has been deprecated and will be removed in a later version of Unity.
Add a delegate to SceneManager.sceneLoaded instead to get notifications after scene loading has completed
Native extension for Android target not found
Native extension for WindowsStandalone target not found
[Package Manager] Failed to launch server process. Reason: Unity was launched with the -noUpm command-line argument
[Package Manager] Unable to send message (not connected to server process).
[Package Manager] Cannot connect to Unity Package Manager local server
[Package Manager] Failed to launch server process. Reason: Unity was launched with the -noUpm command-line argument
[Package Manager] Unable to send message (not connected to server process).
[Package Manager] Cannot connect to Unity Package Manager local server
ScheduleIndexationOnStartup MainProcess:False IndexOnStartup:True
Mono: successfully reloaded assembly
- Finished resetting the current domain, in  1.045 seconds
Domain Reload Profiling: 2050ms
	BeginReloadAssembly (296ms)
		DisableScriptedObjects (9ms)
		CreateAndSetChildDomain (65ms)
	RebuildCommonClasses (41ms)
	RebuildNativeTypeToScriptingClass (13ms)
	initialDomainReloadingComplete (81ms)
	LoadAllAssembliesAndSetupDomain (574ms)
		LoadAssemblies (488ms)
		AnalyzeDomain (209ms)
			TypeCache.Refresh (6ms)
			BuildScriptInfoCaches (186ms)
			ResolveRequiredComponents (14ms)
	FinalizeReload (1045ms)
		SetupLoadedEditorAssemblies (0ms)
			InitializePlatformSupportModulesInManaged (11ms)
			BeforeProcessingInitializeOnLoad (177ms)
			ProcessInitializeOnLoadAttributes (297ms)
			ProcessInitializeOnLoadMethodAttributes (331ms)
			AfterProcessingInitializeOnLoad (3ms)
		AwakeInstancesAfterBackupRestoration (19ms)
Refreshing native plugins compatible for Editor in 6.48 ms, found 2 plugins.
Unloading 24 Unused Serialized files (Serialized files now loaded: 0)
Unloading 5650 unused Assets / (5.6 MB). Loaded Objects now: 6556.
Memory consumption went from 180.7 MB to 175.1 MB.
Total: 19.611700 ms (FindLiveObjects: 0.837600 ms CreateObjectMapping: 0.623000 ms MarkObjects: 14.539300 ms  DeleteObjects: 3.610500 ms)

Prepare: number of updated asset objects reloaded= 0
========================================================================
Received Prepare
Begin MonoManager ReloadAssembly
Duplicate assembly 'Newtonsoft.Json.dll' with different versions detected, using 'Packages/com.unity.nuget.newtonsoft-json/Runtime/Newtonsoft.Json.dll, AssemblyName=Newtonsoft.Json, Version=13.0.0.0, Culture=neutral, PublicKeyToken=30ad4fe6b2a6aeed' and ignoring 'Assets/Assemblies/Newtonsoft.Json.dll, AssemblyName=Newtonsoft.Json, Version=6.0.0.0, Culture=neutral, PublicKeyToken=30ad4fe6b2a6aeed'.Assembly Assembly-CSharp-Editor-firstpass.dll at Library/ScriptAssemblies/Assembly-CSharp-Editor-firstpass.dll not valid. Loading of assembly skipped.
Assembly DocCodeExamples.dll at Library/ScriptAssemblies/DocCodeExamples.dll not valid. Loading of assembly skipped.
Assembly TestNewCustomAssembly.dll at Library/ScriptAssemblies/TestNewCustomAssembly.dll not valid. Loading of assembly skipped.
Assembly Unity.2D.Sprite.Package.EditorTests.dll at Library/ScriptAssemblies/Unity.2D.Sprite.Package.EditorTests.dll not valid. Loading of assembly skipped.
Assembly Unity.2D.Tilemap.Package.EditorTests.dll at Library/ScriptAssemblies/Unity.2D.Tilemap.Package.EditorTests.dll not valid. Loading of assembly skipped.
Assembly Unity.Analytics.DataPrivacy.Tests.dll at Library/ScriptAssemblies/Unity.Analytics.DataPrivacy.Tests.dll not valid. Loading of assembly skipped.
Assembly Unity.Analytics.StandardEvents.EditorTests.dll at Library/ScriptAssemblies/Unity.Analytics.StandardEvents.EditorTests.dll not valid. Loading of assembly skipped.
Assembly Unity.Collections.BurstCompatibilityGen.dll at Library/ScriptAssemblies/Unity.Collections.BurstCompatibilityGen.dll not valid. Loading of assembly skipped.
Assembly Unity.Collections.DocCodeSamples.dll at Library/ScriptAssemblies/Unity.Collections.DocCodeSamples.dll not valid. Loading of assembly skipped.
Assembly Unity.Collections.PerformanceTests.dll at Library/ScriptAssemblies/Unity.Collections.PerformanceTests.dll not valid. Loading of assembly skipped.
Assembly Unity.Collections.Tests.dll at Library/ScriptAssemblies/Unity.Collections.Tests.dll not valid. Loading of assembly skipped.
Assembly Unity.Collections.Tests.Playmode.dll at Library/ScriptAssemblies/Unity.Collections.Tests.Playmode.dll not valid. Loading of assembly skipped.
Assembly Unity.Mathematics.Tests.dll at Library/ScriptAssemblies/Unity.Mathematics.Tests.dll not valid. Loading of assembly skipped.
Assembly Unity.Multiplayer.Center.Editor.Tests.dll at Library/ScriptAssemblies/Unity.Multiplayer.Center.Editor.Tests.dll not valid. Loading of assembly skipped.
Assembly Unity.Multiplayer.Center.Tests.dll at Library/ScriptAssemblies/Unity.Multiplayer.Center.Tests.dll not valid. Loading of assembly skipped.
Assembly Unity.Nuget.Mono-Cecil.dll at Library/ScriptAssemblies/Unity.Nuget.Mono-Cecil.dll not valid. Loading of assembly skipped.
Assembly Unity.PathTracing.Editor.Tests.dll at Library/ScriptAssemblies/Unity.PathTracing.Editor.Tests.dll not valid. Loading of assembly skipped.
Assembly Unity.PathTracing.Runtime.Tests.dll at Library/ScriptAssemblies/Unity.PathTracing.Runtime.Tests.dll not valid. Loading of assembly skipped.
Assembly Unity.RenderPipelines.Core.Editor.Tests.dll at Library/ScriptAssemblies/Unity.RenderPipelines.Core.Editor.Tests.dll not valid. Loading of assembly skipped.
Assembly Unity.RenderPipelines.Core.Runtime.Tests.dll at Library/ScriptAssemblies/Unity.RenderPipelines.Core.Runtime.Tests.dll not valid. Loading of assembly skipped.
Assembly Unity.RenderPipelines.Universal.Config.Editor.Tests.dll at Library/ScriptAssemblies/Unity.RenderPipelines.Universal.Config.Editor.Tests.dll not valid. Loading of assembly skipped.
Assembly Unity.RenderPipelines.Universal.Editor.Tests.dll at Library/ScriptAssemblies/Unity.RenderPipelines.Universal.Editor.Tests.dll not valid. Loading of assembly skipped.
Assembly Unity.RenderPipelines.Universal.Runtime.Tests.dll at Library/ScriptAssemblies/Unity.RenderPipelines.Universal.Runtime.Tests.dll not valid. Loading of assembly skipped.
Assembly Unity.Searcher.EditorTests.dll at Library/ScriptAssemblies/Unity.Searcher.EditorTests.dll not valid. Loading of assembly skipped.
Assembly Unity.ShaderGraph.Editor.Tests.dll at Library/ScriptAssemblies/Unity.ShaderGraph.Editor.Tests.dll not valid. Loading of assembly skipped.
Assembly Unity.TextMeshPro.Editor.Tests.dll at Library/ScriptAssemblies/Unity.TextMeshPro.Editor.Tests.dll not valid. Loading of assembly skipped.
Assembly Unity.TextMeshPro.Tests.dll at Library/ScriptAssemblies/Unity.TextMeshPro.Tests.dll not valid. Loading of assembly skipped.
Assembly Unity.UnifiedRayTracing.Editor.Tests.dll at Library/ScriptAssemblies/Unity.UnifiedRayTracing.Editor.Tests.dll not valid. Loading of assembly skipped.
Assembly UnityEditor.UI.Common.Tests.dll at Library/ScriptAssemblies/UnityEditor.UI.Common.Tests.dll not valid. Loading of assembly skipped.
Assembly UnityEditor.UI.EditorTests.dll at Library/ScriptAssemblies/UnityEditor.UI.EditorTests.dll not valid. Loading of assembly skipped.
Assembly UnityEditor.XR.LegacyInputHelpers.Tests.dll at Library/ScriptAssemblies/UnityEditor.XR.LegacyInputHelpers.Tests.dll not valid. Loading of assembly skipped.
Assembly UnityEngine.Advertisements.Editor.Tests.dll at Library/ScriptAssemblies/UnityEngine.Advertisements.Editor.Tests.dll not valid. Loading of assembly skipped.
Assembly UnityEngine.Advertisements.Tests.dll at Library/ScriptAssemblies/UnityEngine.Advertisements.Tests.dll not valid. Loading of assembly skipped.
Assembly UnityEngine.Purchasing.Apple.dll at Library/ScriptAssemblies/UnityEngine.Purchasing.Apple.dll not valid. Loading of assembly skipped.
Assembly UnityEngine.Purchasing.AppleMacos.dll at Library/ScriptAssemblies/UnityEngine.Purchasing.AppleMacos.dll not valid. Loading of assembly skipped.
Assembly UnityEngine.Purchasing.Security.dll at Library/ScriptAssemblies/UnityEngine.Purchasing.Security.dll not valid. Loading of assembly skipped.
Assembly UnityEngine.Purchasing.WinRT.dll at Library/ScriptAssemblies/UnityEngine.Purchasing.WinRT.dll not valid. Loading of assembly skipped.
Assembly UnityEngine.SpatialTracking.Tests.dll at Library/ScriptAssemblies/UnityEngine.SpatialTracking.Tests.dll not valid. Loading of assembly skipped.
Assembly UnityEngine.UI.Tests.dll at Library/ScriptAssemblies/UnityEngine.UI.Tests.dll not valid. Loading of assembly skipped.
Symbol file LoadedFromMemory is not a mono symbol file
OnLevelWasLoaded was found on MatchManager
This message has been deprecated and will be removed in a later version of Unity.
Add a delegate to SceneManager.sceneLoaded instead to get notifications after scene loading has completed
Refreshing native plugins compatible for Editor in 7.50 ms, found 2 plugins.
OnLevelWasLoaded was found on MatchManager
This message has been deprecated and will be removed in a later version of Unity.
Add a delegate to SceneManager.sceneLoaded instead to get notifications after scene loading has completed
Native extension for Android target not found
Native extension for WindowsStandalone target not found
[Package Manager] Failed to launch server process. Reason: Unity was launched with the -noUpm command-line argument
[Package Manager] Unable to send message (not connected to server process).
[Package Manager] Cannot connect to Unity Package Manager local server
[Package Manager] Failed to launch server process. Reason: Unity was launched with the -noUpm command-line argument
[Package Manager] Unable to send message (not connected to server process).
[Package Manager] Cannot connect to Unity Package Manager local server
ScheduleIndexationOnStartup MainProcess:False IndexOnStartup:True
Mono: successfully reloaded assembly
- Finished resetting the current domain, in  1.051 seconds
Domain Reload Profiling: 2059ms
	BeginReloadAssembly (338ms)
		DisableScriptedObjects (43ms)
		CreateAndSetChildDomain (65ms)
	RebuildCommonClasses (44ms)
	RebuildNativeTypeToScriptingClass (15ms)
	initialDomainReloadingComplete (76ms)
	LoadAllAssembliesAndSetupDomain (534ms)
		LoadAssemblies (479ms)
		AnalyzeDomain (184ms)
			TypeCache.Refresh (6ms)
			BuildScriptInfoCaches (165ms)
			ResolveRequiredComponents (11ms)
	FinalizeReload (1052ms)
		SetupLoadedEditorAssemblies (0ms)
			InitializePlatformSupportModulesInManaged (13ms)
			BeforeProcessingInitializeOnLoad (168ms)
			ProcessInitializeOnLoadAttributes (284ms)
			ProcessInitializeOnLoadMethodAttributes (340ms)
		AwakeInstancesAfterBackupRestoration (25ms)
Refreshing native plugins compatible for Editor in 10.51 ms, found 2 plugins.
Unloading 24 Unused Serialized files (Serialized files now loaded: 0)
Unloading 5650 unused Assets / (5.2 MB). Loaded Objects now: 6559.
Memory consumption went from 185.2 MB to 180.0 MB.
Total: 19.288000 ms (FindLiveObjects: 1.082700 ms CreateObjectMapping: 0.631400 ms MarkObjects: 13.261400 ms  DeleteObjects: 4.311300 ms)

Prepare: number of updated asset objects reloaded= 0
========================================================================
Received Import Request.
  Time since last request: 111.930055 seconds.
  path: Assets/Art/Characters/14 Metal Sanic
  importAddress: Guid(a0098669216ac204b9dba34ec2da4dde) Importer(815301076,1909f56bfc062723c751e8b465ee728b)
Start importing Assets/Art/Characters/14 Metal Sanic using Guid(a0098669216ac204b9dba34ec2da4dde) Importer(815301076,1909f56bfc062723c751e8b465ee728b) (PreviewImporter) -> (Import Result ID: 'c9d225520be1f54f6c5a6fa6fc249696') in 0.0141312 seconds [static and dynamic dependencies]. Details - ImportResultOutputID=d3b662d2dfb49762113cd5a5cd292c14 DependenciesID=c4045e309605127d6048f236aef4f5c7 StaticDependenciesID=9d9afa3d7b1bbda87b22ba8ed73fc555 
Number of updated asset objects reloaded before import = 0Number of asset objects unloaded after import = 0

========================================================================
Received Import Request.
  Time since last request: 0.000022 seconds.
  path: Assets/Art/Characters/14 Metal Sanic/MetalSanic.mat
  importAddress: Guid(2c3ba655008b52e42992ab8cc6c354ca) Importer(815301076,1909f56bfc062723c751e8b465ee728b)
Start importing Assets/Art/Characters/14 Metal Sanic/MetalSanic.mat using Guid(2c3ba655008b52e42992ab8cc6c354ca) Importer(815301076,1909f56bfc062723c751e8b465ee728b) (PreviewImporter) -> (Import Result ID: '93ff16750f0f833c9bfee563dcbfb3b7') in 0.5930806 seconds [static and dynamic dependencies]. Details - ImportResultOutputID=43132de86c92c2684e66dc00a73402ba DependenciesID=902000501432596555f3dea3d0f209d0 StaticDependenciesID=3eacec4a471d04bc94c9aaa5707c6442 
Number of updated asset objects reloaded before import = 0Number of asset objects unloaded after import = 4

========================================================================
Received Import Request.
  Time since last request: 2.135382 seconds.
  path: Assets/Art/Characters/13 Vactor
  importAddress: Guid(a5993ead7c28094428f68424a61e22c5) Importer(815301076,1909f56bfc062723c751e8b465ee728b)
Start importing Assets/Art/Characters/13 Vactor using Guid(a5993ead7c28094428f68424a61e22c5) Importer(815301076,1909f56bfc062723c751e8b465ee728b) (PreviewImporter) -> (Import Result ID: 'f0daa301d503831e4b32164d8c23a17c') in 0.0007473 seconds [static and dynamic dependencies]. Details - ImportResultOutputID=fb6ad63b18ff2ac545d5efa0d6157661 DependenciesID=7a2644fa6abe4221e4b51731bf3a3adc StaticDependenciesID=62911460b6168ff945abf4afded5abf5 
Number of updated asset objects reloaded before import = 0Number of asset objects unloaded after import = 0

========================================================================
Received Import Request.
  Time since last request: 0.001412 seconds.
  path: Assets/Art/Characters/13 Vactor/Vactor.fbx
  importAddress: Guid(62feaf2fb2598524dab37715d8a44e7a) Importer(815301076,1909f56bfc062723c751e8b465ee728b)
Start importing Assets/Art/Characters/13 Vactor/Vactor.fbx using Guid(62feaf2fb2598524dab37715d8a44e7a) Importer(815301076,1909f56bfc062723c751e8b465ee728b) (PreviewImporter) -> (Import Result ID: '8261943fce279afb0b02205edac53575') in 0.1085434 seconds [static and dynamic dependencies]. Details - ImportResultOutputID=7424dc38bdc2a1c3eab96e52a72da1e1 DependenciesID=61760298df4a5ca90f937629f8d536a3 StaticDependenciesID=747a28684bab074dfe05ba060ceed365 
Number of updated asset objects reloaded before import = 0Number of asset objects unloaded after import = 7

========================================================================
Received Import Request.
  Time since last request: 0.000025 seconds.
  path: Assets/Art/Characters/13 Vactor/VactorTrail.mat
  importAddress: Guid(aeddd812ea4ea9a41ac427dfc4c5257d) Importer(815301076,1909f56bfc062723c751e8b465ee728b)
Start importing Assets/Art/Characters/13 Vactor/VactorTrail.mat using Guid(aeddd812ea4ea9a41ac427dfc4c5257d) Importer(815301076,1909f56bfc062723c751e8b465ee728b) (PreviewImporter) -> (Import Result ID: '06c649d6733c556fdb3753995d3b1542') in 0.0282179 seconds [static and dynamic dependencies]. Details - ImportResultOutputID=40e0a1132680a8626dd7193cf38878fc DependenciesID=cb0b7f6c4d1fb36e1b3a0c7c69919fef StaticDependenciesID=902764d3fcdcb937603c15b1171cb3ef 
Number of updated asset objects reloaded before import = 0Number of asset objects unloaded after import = 2

========================================================================
Received Import Request.
  Time since last request: 1.464045 seconds.
  path: Assets/Art/Characters/12 Bloze
  importAddress: Guid(d3df3fda2e95ded489a5a482ec6a9785) Importer(815301076,1909f56bfc062723c751e8b465ee728b)
Start importing Assets/Art/Characters/12 Bloze using Guid(d3df3fda2e95ded489a5a482ec6a9785) Importer(815301076,1909f56bfc062723c751e8b465ee728b) (PreviewImporter) -> (Import Result ID: '660a14518ed9a1a4b699640f32054cc0') in 0.0013363 seconds [static and dynamic dependencies]. Details - ImportResultOutputID=059babd2b20cd1981bf86272ca61e9f6 DependenciesID=3b2c3b672de3c902f2775eefeb87af66 StaticDependenciesID=e368bc5480cd12e3ab260cead04bf846 
Number of updated asset objects reloaded before import = 0Number of asset objects unloaded after import = 0

========================================================================
Received Prepare
Begin MonoManager ReloadAssembly
[Licensing::Client] Successfully resolved entitlement details
[Licensing::Module] License group:
  Id: F4-MESN-GUW7-62D3-FRZW-XXXX
  Product: Unity Personal
  Type: ULF
  Expiration: Unlimited
[Licensing::Module] License group:
  Id: 9071283907225-UnityPersXXXX
  Product: Unity Personal
  Type: Assigned
  Expiration: Unlimited
Duplicate assembly 'Newtonsoft.Json.dll' with different versions detected, using 'Packages/com.unity.nuget.newtonsoft-json/Runtime/Newtonsoft.Json.dll, AssemblyName=Newtonsoft.Json, Version=13.0.0.0, Culture=neutral, PublicKeyToken=30ad4fe6b2a6aeed' and ignoring 'Assets/Assemblies/Newtonsoft.Json.dll, AssemblyName=Newtonsoft.Json, Version=6.0.0.0, Culture=neutral, PublicKeyToken=30ad4fe6b2a6aeed'.Assembly Assembly-CSharp-Editor-firstpass.dll at Library/ScriptAssemblies/Assembly-CSharp-Editor-firstpass.dll not valid. Loading of assembly skipped.
Assembly DocCodeExamples.dll at Library/ScriptAssemblies/DocCodeExamples.dll not valid. Loading of assembly skipped.
Assembly TestNewCustomAssembly.dll at Library/ScriptAssemblies/TestNewCustomAssembly.dll not valid. Loading of assembly skipped.
Assembly Unity.2D.Sprite.Package.EditorTests.dll at Library/ScriptAssemblies/Unity.2D.Sprite.Package.EditorTests.dll not valid. Loading of assembly skipped.
Assembly Unity.2D.Tilemap.Package.EditorTests.dll at Library/ScriptAssemblies/Unity.2D.Tilemap.Package.EditorTests.dll not valid. Loading of assembly skipped.
Assembly Unity.Analytics.DataPrivacy.Tests.dll at Library/ScriptAssemblies/Unity.Analytics.DataPrivacy.Tests.dll not valid. Loading of assembly skipped.
Assembly Unity.Analytics.StandardEvents.EditorTests.dll at Library/ScriptAssemblies/Unity.Analytics.StandardEvents.EditorTests.dll not valid. Loading of assembly skipped.
Assembly Unity.Collections.BurstCompatibilityGen.dll at Library/ScriptAssemblies/Unity.Collections.BurstCompatibilityGen.dll not valid. Loading of assembly skipped.
Assembly Unity.Collections.DocCodeSamples.dll at Library/ScriptAssemblies/Unity.Collections.DocCodeSamples.dll not valid. Loading of assembly skipped.
Assembly Unity.Collections.PerformanceTests.dll at Library/ScriptAssemblies/Unity.Collections.PerformanceTests.dll not valid. Loading of assembly skipped.
Assembly Unity.Collections.Tests.dll at Library/ScriptAssemblies/Unity.Collections.Tests.dll not valid. Loading of assembly skipped.
Assembly Unity.Collections.Tests.Playmode.dll at Library/ScriptAssemblies/Unity.Collections.Tests.Playmode.dll not valid. Loading of assembly skipped.
Assembly Unity.Mathematics.Tests.dll at Library/ScriptAssemblies/Unity.Mathematics.Tests.dll not valid. Loading of assembly skipped.
Assembly Unity.Multiplayer.Center.Editor.Tests.dll at Library/ScriptAssemblies/Unity.Multiplayer.Center.Editor.Tests.dll not valid. Loading of assembly skipped.
Assembly Unity.Multiplayer.Center.Tests.dll at Library/ScriptAssemblies/Unity.Multiplayer.Center.Tests.dll not valid. Loading of assembly skipped.
Assembly Unity.Nuget.Mono-Cecil.dll at Library/ScriptAssemblies/Unity.Nuget.Mono-Cecil.dll not valid. Loading of assembly skipped.
Assembly Unity.PathTracing.Editor.Tests.dll at Library/ScriptAssemblies/Unity.PathTracing.Editor.Tests.dll not valid. Loading of assembly skipped.
Assembly Unity.PathTracing.Runtime.Tests.dll at Library/ScriptAssemblies/Unity.PathTracing.Runtime.Tests.dll not valid. Loading of assembly skipped.
Assembly Unity.RenderPipelines.Core.Editor.Tests.dll at Library/ScriptAssemblies/Unity.RenderPipelines.Core.Editor.Tests.dll not valid. Loading of assembly skipped.
Assembly Unity.RenderPipelines.Core.Runtime.Tests.dll at Library/ScriptAssemblies/Unity.RenderPipelines.Core.Runtime.Tests.dll not valid. Loading of assembly skipped.
Assembly Unity.RenderPipelines.Universal.Config.Editor.Tests.dll at Library/ScriptAssemblies/Unity.RenderPipelines.Universal.Config.Editor.Tests.dll not valid. Loading of assembly skipped.
Assembly Unity.RenderPipelines.Universal.Editor.Tests.dll at Library/ScriptAssemblies/Unity.RenderPipelines.Universal.Editor.Tests.dll not valid. Loading of assembly skipped.
Assembly Unity.RenderPipelines.Universal.Runtime.Tests.dll at Library/ScriptAssemblies/Unity.RenderPipelines.Universal.Runtime.Tests.dll not valid. Loading of assembly skipped.
Assembly Unity.Searcher.EditorTests.dll at Library/ScriptAssemblies/Unity.Searcher.EditorTests.dll not valid. Loading of assembly skipped.
Assembly Unity.ShaderGraph.Editor.Tests.dll at Library/ScriptAssemblies/Unity.ShaderGraph.Editor.Tests.dll not valid. Loading of assembly skipped.
Assembly Unity.TextMeshPro.Editor.Tests.dll at Library/ScriptAssemblies/Unity.TextMeshPro.Editor.Tests.dll not valid. Loading of assembly skipped.
Assembly Unity.TextMeshPro.Tests.dll at Library/ScriptAssemblies/Unity.TextMeshPro.Tests.dll not valid. Loading of assembly skipped.
Assembly Unity.UnifiedRayTracing.Editor.Tests.dll at Library/ScriptAssemblies/Unity.UnifiedRayTracing.Editor.Tests.dll not valid. Loading of assembly skipped.
Assembly UnityEditor.UI.Common.Tests.dll at Library/ScriptAssemblies/UnityEditor.UI.Common.Tests.dll not valid. Loading of assembly skipped.
Assembly UnityEditor.UI.EditorTests.dll at Library/ScriptAssemblies/UnityEditor.UI.EditorTests.dll not valid. Loading of assembly skipped.
Assembly UnityEditor.XR.LegacyInputHelpers.Tests.dll at Library/ScriptAssemblies/UnityEditor.XR.LegacyInputHelpers.Tests.dll not valid. Loading of assembly skipped.
Assembly UnityEngine.Advertisements.Editor.Tests.dll at Library/ScriptAssemblies/UnityEngine.Advertisements.Editor.Tests.dll not valid. Loading of assembly skipped.
Assembly UnityEngine.Advertisements.Tests.dll at Library/ScriptAssemblies/UnityEngine.Advertisements.Tests.dll not valid. Loading of assembly skipped.
Assembly UnityEngine.Purchasing.Apple.dll at Library/ScriptAssemblies/UnityEngine.Purchasing.Apple.dll not valid. Loading of assembly skipped.
Assembly UnityEngine.Purchasing.AppleMacos.dll at Library/ScriptAssemblies/UnityEngine.Purchasing.AppleMacos.dll not valid. Loading of assembly skipped.
Assembly UnityEngine.Purchasing.Security.dll at Library/ScriptAssemblies/UnityEngine.Purchasing.Security.dll not valid. Loading of assembly skipped.
Assembly UnityEngine.Purchasing.WinRT.dll at Library/ScriptAssemblies/UnityEngine.Purchasing.WinRT.dll not valid. Loading of assembly skipped.
Assembly UnityEngine.SpatialTracking.Tests.dll at Library/ScriptAssemblies/UnityEngine.SpatialTracking.Tests.dll not valid. Loading of assembly skipped.
Assembly UnityEngine.UI.Tests.dll at Library/ScriptAssemblies/UnityEngine.UI.Tests.dll not valid. Loading of assembly skipped.
Symbol file LoadedFromMemory is not a mono symbol file
OnLevelWasLoaded was found on MatchManager
This message has been deprecated and will be removed in a later version of Unity.
Add a delegate to SceneManager.sceneLoaded instead to get notifications after scene loading has completed
Refreshing native plugins compatible for Editor in 6.25 ms, found 2 plugins.
OnLevelWasLoaded was found on MatchManager
This message has been deprecated and will be removed in a later version of Unity.
Add a delegate to SceneManager.sceneLoaded instead to get notifications after scene loading has completed
Native extension for Android target not found
Native extension for WindowsStandalone target not found
[Package Manager] Failed to launch server process. Reason: Unity was launched with the -noUpm command-line argument
[Package Manager] Unable to send message (not connected to server process).
[Package Manager] Cannot connect to Unity Package Manager local server
[Package Manager] Failed to launch server process. Reason: Unity was launched with the -noUpm command-line argument
[Package Manager] Unable to send message (not connected to server process).
[Package Manager] Cannot connect to Unity Package Manager local server
ScheduleIndexationOnStartup MainProcess:False IndexOnStartup:True
Mono: successfully reloaded assembly
- Finished resetting the current domain, in  1.096 seconds
Domain Reload Profiling: 2115ms
	BeginReloadAssembly (343ms)
		DisableScriptedObjects (65ms)
		CreateAndSetChildDomain (74ms)
	RebuildCommonClasses (47ms)
	RebuildNativeTypeToScriptingClass (13ms)
	initialDomainReloadingComplete (80ms)
	LoadAllAssembliesAndSetupDomain (536ms)
		LoadAssemblies (470ms)
		AnalyzeDomain (189ms)
			TypeCache.Refresh (6ms)
			BuildScriptInfoCaches (170ms)
			ResolveRequiredComponents (11ms)
	FinalizeReload (1097ms)
		SetupLoadedEditorAssemblies (0ms)
			InitializePlatformSupportModulesInManaged (11ms)
			BeforeProcessingInitializeOnLoad (169ms)
			ProcessInitializeOnLoadAttributes (287ms)
			ProcessInitializeOnLoadMethodAttributes (390ms)
			AfterProcessingInitializeOnLoad (3ms)
		AwakeInstancesAfterBackupRestoration (23ms)
Refreshing native plugins compatible for Editor in 7.89 ms, found 2 plugins.
Unloading 24 Unused Serialized files (Serialized files now loaded: 0)
Unloading 5652 unused Assets / (5.6 MB). Loaded Objects now: 6628.
Memory consumption went from 184.4 MB to 178.8 MB.
Total: 16.782500 ms (FindLiveObjects: 0.855900 ms CreateObjectMapping: 0.516600 ms MarkObjects: 11.153300 ms  DeleteObjects: 4.255400 ms)

Prepare: number of updated asset objects reloaded= 0
========================================================================
Received Import Request.
  Time since last request: 52.650272 seconds.
  path: Assets/Art/Characters/07 Asspio/AsspioTrail.mat
  importAddress: Guid(5eb3bbf05aefbd44593b0b15905804a5) Importer(815301076,1909f56bfc062723c751e8b465ee728b)
Start importing Assets/Art/Characters/07 Asspio/AsspioTrail.mat using Guid(5eb3bbf05aefbd44593b0b15905804a5) Importer(815301076,1909f56bfc062723c751e8b465ee728b) (PreviewImporter) -> (Import Result ID: '17a04f62a84bbf21fb9dc88984499b14') in 0.6886168 seconds [static and dynamic dependencies]. Details - ImportResultOutputID=7e4029cb7e270725d034a852f166bab2 DependenciesID=46e521f91346a3dc080a75b175a70049 StaticDependenciesID=7e9c59d6bb9815b93f3bff6007dc01b7 
Number of updated asset objects reloaded before import = 0Number of asset objects unloaded after import = 3

========================================================================
Received Import Request.
  Time since last request: 26.987696 seconds.
  path: Assets/Art/Characters/Effects/SpeedFire.mat
  importAddress: Guid(80c2a62dae912484e84f49f67eb49c32) Importer(815301076,1909f56bfc062723c751e8b465ee728b)
Start importing Assets/Art/Characters/Effects/SpeedFire.mat using Guid(80c2a62dae912484e84f49f67eb49c32) Importer(815301076,1909f56bfc062723c751e8b465ee728b) (PreviewImporter) -> (Import Result ID: 'a3f28530ba90b11e2fe5d50fcfede31a') in 0.0425235 seconds [static and dynamic dependencies]. Details - ImportResultOutputID=29dc63e7ecce47fc468f3144404c4d51 DependenciesID=cc9a42fbd4e2e7cdf427fc95463e448e StaticDependenciesID=1643839275834e322d004e24349c3922 
Number of updated asset objects reloaded before import = 0Number of asset objects unloaded after import = 2

========================================================================
Received Prepare
Begin MonoManager ReloadAssembly
[Licensing::Client] Successfully resolved entitlement details
[Licensing::Module] License group:
  Id: F4-MESN-GUW7-62D3-FRZW-XXXX
  Product: Unity Personal
  Type: ULF
  Expiration: Unlimited
[Licensing::Module] License group:
  Id: 9071283907225-UnityPersXXXX
  Product: Unity Personal
  Type: Assigned
  Expiration: Unlimited
Duplicate assembly 'Newtonsoft.Json.dll' with different versions detected, using 'Packages/com.unity.nuget.newtonsoft-json/Runtime/Newtonsoft.Json.dll, AssemblyName=Newtonsoft.Json, Version=13.0.0.0, Culture=neutral, PublicKeyToken=30ad4fe6b2a6aeed' and ignoring 'Assets/Assemblies/Newtonsoft.Json.dll, AssemblyName=Newtonsoft.Json, Version=6.0.0.0, Culture=neutral, PublicKeyToken=30ad4fe6b2a6aeed'.Assembly Assembly-CSharp-Editor-firstpass.dll at Library/ScriptAssemblies/Assembly-CSharp-Editor-firstpass.dll not valid. Loading of assembly skipped.
Assembly DocCodeExamples.dll at Library/ScriptAssemblies/DocCodeExamples.dll not valid. Loading of assembly skipped.
Assembly TestNewCustomAssembly.dll at Library/ScriptAssemblies/TestNewCustomAssembly.dll not valid. Loading of assembly skipped.
Assembly Unity.2D.Sprite.Package.EditorTests.dll at Library/ScriptAssemblies/Unity.2D.Sprite.Package.EditorTests.dll not valid. Loading of assembly skipped.
Assembly Unity.2D.Tilemap.Package.EditorTests.dll at Library/ScriptAssemblies/Unity.2D.Tilemap.Package.EditorTests.dll not valid. Loading of assembly skipped.
Assembly Unity.Analytics.DataPrivacy.Tests.dll at Library/ScriptAssemblies/Unity.Analytics.DataPrivacy.Tests.dll not valid. Loading of assembly skipped.
Assembly Unity.Analytics.StandardEvents.EditorTests.dll at Library/ScriptAssemblies/Unity.Analytics.StandardEvents.EditorTests.dll not valid. Loading of assembly skipped.
Assembly Unity.Collections.BurstCompatibilityGen.dll at Library/ScriptAssemblies/Unity.Collections.BurstCompatibilityGen.dll not valid. Loading of assembly skipped.
Assembly Unity.Collections.DocCodeSamples.dll at Library/ScriptAssemblies/Unity.Collections.DocCodeSamples.dll not valid. Loading of assembly skipped.
Assembly Unity.Collections.PerformanceTests.dll at Library/ScriptAssemblies/Unity.Collections.PerformanceTests.dll not valid. Loading of assembly skipped.
Assembly Unity.Collections.Tests.dll at Library/ScriptAssemblies/Unity.Collections.Tests.dll not valid. Loading of assembly skipped.
Assembly Unity.Collections.Tests.Playmode.dll at Library/ScriptAssemblies/Unity.Collections.Tests.Playmode.dll not valid. Loading of assembly skipped.
Assembly Unity.Mathematics.Tests.dll at Library/ScriptAssemblies/Unity.Mathematics.Tests.dll not valid. Loading of assembly skipped.
Assembly Unity.Multiplayer.Center.Editor.Tests.dll at Library/ScriptAssemblies/Unity.Multiplayer.Center.Editor.Tests.dll not valid. Loading of assembly skipped.
Assembly Unity.Multiplayer.Center.Tests.dll at Library/ScriptAssemblies/Unity.Multiplayer.Center.Tests.dll not valid. Loading of assembly skipped.
Assembly Unity.Nuget.Mono-Cecil.dll at Library/ScriptAssemblies/Unity.Nuget.Mono-Cecil.dll not valid. Loading of assembly skipped.
Assembly Unity.PathTracing.Editor.Tests.dll at Library/ScriptAssemblies/Unity.PathTracing.Editor.Tests.dll not valid. Loading of assembly skipped.
Assembly Unity.PathTracing.Runtime.Tests.dll at Library/ScriptAssemblies/Unity.PathTracing.Runtime.Tests.dll not valid. Loading of assembly skipped.
Assembly Unity.RenderPipelines.Core.Editor.Tests.dll at Library/ScriptAssemblies/Unity.RenderPipelines.Core.Editor.Tests.dll not valid. Loading of assembly skipped.
Assembly Unity.RenderPipelines.Core.Runtime.Tests.dll at Library/ScriptAssemblies/Unity.RenderPipelines.Core.Runtime.Tests.dll not valid. Loading of assembly skipped.
Assembly Unity.RenderPipelines.Universal.Config.Editor.Tests.dll at Library/ScriptAssemblies/Unity.RenderPipelines.Universal.Config.Editor.Tests.dll not valid. Loading of assembly skipped.
Assembly Unity.RenderPipelines.Universal.Editor.Tests.dll at Library/ScriptAssemblies/Unity.RenderPipelines.Universal.Editor.Tests.dll not valid. Loading of assembly skipped.
Assembly Unity.RenderPipelines.Universal.Runtime.Tests.dll at Library/ScriptAssemblies/Unity.RenderPipelines.Universal.Runtime.Tests.dll not valid. Loading of assembly skipped.
Assembly Unity.Searcher.EditorTests.dll at Library/ScriptAssemblies/Unity.Searcher.EditorTests.dll not valid. Loading of assembly skipped.
Assembly Unity.ShaderGraph.Editor.Tests.dll at Library/ScriptAssemblies/Unity.ShaderGraph.Editor.Tests.dll not valid. Loading of assembly skipped.
Assembly Unity.TextMeshPro.Editor.Tests.dll at Library/ScriptAssemblies/Unity.TextMeshPro.Editor.Tests.dll not valid. Loading of assembly skipped.
Assembly Unity.TextMeshPro.Tests.dll at Library/ScriptAssemblies/Unity.TextMeshPro.Tests.dll not valid. Loading of assembly skipped.
Assembly Unity.UnifiedRayTracing.Editor.Tests.dll at Library/ScriptAssemblies/Unity.UnifiedRayTracing.Editor.Tests.dll not valid. Loading of assembly skipped.
Assembly UnityEditor.UI.Common.Tests.dll at Library/ScriptAssemblies/UnityEditor.UI.Common.Tests.dll not valid. Loading of assembly skipped.
Assembly UnityEditor.UI.EditorTests.dll at Library/ScriptAssemblies/UnityEditor.UI.EditorTests.dll not valid. Loading of assembly skipped.
Assembly UnityEditor.XR.LegacyInputHelpers.Tests.dll at Library/ScriptAssemblies/UnityEditor.XR.LegacyInputHelpers.Tests.dll not valid. Loading of assembly skipped.
Assembly UnityEngine.Advertisements.Editor.Tests.dll at Library/ScriptAssemblies/UnityEngine.Advertisements.Editor.Tests.dll not valid. Loading of assembly skipped.
Assembly UnityEngine.Advertisements.Tests.dll at Library/ScriptAssemblies/UnityEngine.Advertisements.Tests.dll not valid. Loading of assembly skipped.
Assembly UnityEngine.Purchasing.Apple.dll at Library/ScriptAssemblies/UnityEngine.Purchasing.Apple.dll not valid. Loading of assembly skipped.
Assembly UnityEngine.Purchasing.AppleMacos.dll at Library/ScriptAssemblies/UnityEngine.Purchasing.AppleMacos.dll not valid. Loading of assembly skipped.
Assembly UnityEngine.Purchasing.Security.dll at Library/ScriptAssemblies/UnityEngine.Purchasing.Security.dll not valid. Loading of assembly skipped.
Assembly UnityEngine.Purchasing.WinRT.dll at Library/ScriptAssemblies/UnityEngine.Purchasing.WinRT.dll not valid. Loading of assembly skipped.
Assembly UnityEngine.SpatialTracking.Tests.dll at Library/ScriptAssemblies/UnityEngine.SpatialTracking.Tests.dll not valid. Loading of assembly skipped.
Assembly UnityEngine.UI.Tests.dll at Library/ScriptAssemblies/UnityEngine.UI.Tests.dll not valid. Loading of assembly skipped.
Symbol file LoadedFromMemory is not a mono symbol file
OnLevelWasLoaded was found on MatchManager
This message has been deprecated and will be removed in a later version of Unity.
Add a delegate to SceneManager.sceneLoaded instead to get notifications after scene loading has completed
Refreshing native plugins compatible for Editor in 5.57 ms, found 2 plugins.
OnLevelWasLoaded was found on MatchManager
This message has been deprecated and will be removed in a later version of Unity.
Add a delegate to SceneManager.sceneLoaded instead to get notifications after scene loading has completed
Native extension for Android target not found
Native extension for WindowsStandalone target not found
[Package Manager] Failed to launch server process. Reason: Unity was launched with the -noUpm command-line argument
[Package Manager] Unable to send message (not connected to server process).
[Package Manager] Cannot connect to Unity Package Manager local server
[Package Manager] Failed to launch server process. Reason: Unity was launched with the -noUpm command-line argument
[Package Manager] Unable to send message (not connected to server process).
[Package Manager] Cannot connect to Unity Package Manager local server
ScheduleIndexationOnStartup MainProcess:False IndexOnStartup:True
Mono: successfully reloaded assembly
- Finished resetting the current domain, in  1.132 seconds
Domain Reload Profiling: 2034ms
	BeginReloadAssembly (279ms)
		DisableScriptedObjects (37ms)
		CreateAndSetChildDomain (56ms)
	RebuildCommonClasses (43ms)
	RebuildNativeTypeToScriptingClass (15ms)
	initialDomainReloadingComplete (67ms)
	LoadAllAssembliesAndSetupDomain (497ms)
		LoadAssemblies (430ms)
		AnalyzeDomain (188ms)
			TypeCache.Refresh (7ms)
			BuildScriptInfoCaches (165ms)
			ResolveRequiredComponents (12ms)
	FinalizeReload (1132ms)
		SetupLoadedEditorAssemblies (0ms)
			InitializePlatformSupportModulesInManaged (12ms)
			BeforeProcessingInitializeOnLoad (172ms)
			ProcessInitializeOnLoadAttributes (314ms)
			ProcessInitializeOnLoadMethodAttributes (394ms)
			AfterProcessingInitializeOnLoad (3ms)
		AwakeInstancesAfterBackupRestoration (27ms)
Refreshing native plugins compatible for Editor in 6.43 ms, found 2 plugins.
Unloading 24 Unused Serialized files (Serialized files now loaded: 0)
Unloading 5652 unused Assets / (5.1 MB). Loaded Objects now: 6651.
Memory consumption went from 184.5 MB to 179.4 MB.
Total: 15.342400 ms (FindLiveObjects: 1.035000 ms CreateObjectMapping: 1.032600 ms MarkObjects: 10.586600 ms  DeleteObjects: 2.686700 ms)

Prepare: number of updated asset objects reloaded= 0
========================================================================
Received Import Request.
  Time since last request: 37.549998 seconds.
  path: Assets/Art/Characters/Effects/SpeedFire.mat
  importAddress: Guid(80c2a62dae912484e84f49f67eb49c32) Importer(815301076,1909f56bfc062723c751e8b465ee728b)
Start importing Assets/Art/Characters/Effects/SpeedFire.mat using Guid(80c2a62dae912484e84f49f67eb49c32) Importer(815301076,1909f56bfc062723c751e8b465ee728b) (PreviewImporter) -> (Import Result ID: '79db8c11d956e44fd1391057ce4f95a0') in 0.4805254 seconds [static and dynamic dependencies]. Details - ImportResultOutputID=c42afe458dbdf76214fe9f849b4e23ad DependenciesID=9ad05d773cb459de61eb5618aee8bb10 StaticDependenciesID=c075017ab0413b4bcb05b9c6f121cd48 
Number of updated asset objects reloaded before import = 0Number of asset objects unloaded after import = 3

========================================================================
Received Prepare
Begin MonoManager ReloadAssembly
Duplicate assembly 'Newtonsoft.Json.dll' with different versions detected, using 'Packages/com.unity.nuget.newtonsoft-json/Runtime/Newtonsoft.Json.dll, AssemblyName=Newtonsoft.Json, Version=13.0.0.0, Culture=neutral, PublicKeyToken=30ad4fe6b2a6aeed' and ignoring 'Assets/Assemblies/Newtonsoft.Json.dll, AssemblyName=Newtonsoft.Json, Version=6.0.0.0, Culture=neutral, PublicKeyToken=30ad4fe6b2a6aeed'.Assembly Assembly-CSharp-Editor-firstpass.dll at Library/ScriptAssemblies/Assembly-CSharp-Editor-firstpass.dll not valid. Loading of assembly skipped.
Assembly DocCodeExamples.dll at Library/ScriptAssemblies/DocCodeExamples.dll not valid. Loading of assembly skipped.
Assembly TestNewCustomAssembly.dll at Library/ScriptAssemblies/TestNewCustomAssembly.dll not valid. Loading of assembly skipped.
Assembly Unity.2D.Sprite.Package.EditorTests.dll at Library/ScriptAssemblies/Unity.2D.Sprite.Package.EditorTests.dll not valid. Loading of assembly skipped.
Assembly Unity.2D.Tilemap.Package.EditorTests.dll at Library/ScriptAssemblies/Unity.2D.Tilemap.Package.EditorTests.dll not valid. Loading of assembly skipped.
Assembly Unity.Analytics.DataPrivacy.Tests.dll at Library/ScriptAssemblies/Unity.Analytics.DataPrivacy.Tests.dll not valid. Loading of assembly skipped.
Assembly Unity.Analytics.StandardEvents.EditorTests.dll at Library/ScriptAssemblies/Unity.Analytics.StandardEvents.EditorTests.dll not valid. Loading of assembly skipped.
Assembly Unity.Collections.BurstCompatibilityGen.dll at Library/ScriptAssemblies/Unity.Collections.BurstCompatibilityGen.dll not valid. Loading of assembly skipped.
Assembly Unity.Collections.DocCodeSamples.dll at Library/ScriptAssemblies/Unity.Collections.DocCodeSamples.dll not valid. Loading of assembly skipped.
Assembly Unity.Collections.PerformanceTests.dll at Library/ScriptAssemblies/Unity.Collections.PerformanceTests.dll not valid. Loading of assembly skipped.
Assembly Unity.Collections.Tests.dll at Library/ScriptAssemblies/Unity.Collections.Tests.dll not valid. Loading of assembly skipped.
Assembly Unity.Collections.Tests.Playmode.dll at Library/ScriptAssemblies/Unity.Collections.Tests.Playmode.dll not valid. Loading of assembly skipped.
Assembly Unity.Mathematics.Tests.dll at Library/ScriptAssemblies/Unity.Mathematics.Tests.dll not valid. Loading of assembly skipped.
Assembly Unity.Multiplayer.Center.Editor.Tests.dll at Library/ScriptAssemblies/Unity.Multiplayer.Center.Editor.Tests.dll not valid. Loading of assembly skipped.
Assembly Unity.Multiplayer.Center.Tests.dll at Library/ScriptAssemblies/Unity.Multiplayer.Center.Tests.dll not valid. Loading of assembly skipped.
Assembly Unity.Nuget.Mono-Cecil.dll at Library/ScriptAssemblies/Unity.Nuget.Mono-Cecil.dll not valid. Loading of assembly skipped.
Assembly Unity.PathTracing.Editor.Tests.dll at Library/ScriptAssemblies/Unity.PathTracing.Editor.Tests.dll not valid. Loading of assembly skipped.
Assembly Unity.PathTracing.Runtime.Tests.dll at Library/ScriptAssemblies/Unity.PathTracing.Runtime.Tests.dll not valid. Loading of assembly skipped.
Assembly Unity.RenderPipelines.Core.Editor.Tests.dll at Library/ScriptAssemblies/Unity.RenderPipelines.Core.Editor.Tests.dll not valid. Loading of assembly skipped.
Assembly Unity.RenderPipelines.Core.Runtime.Tests.dll at Library/ScriptAssemblies/Unity.RenderPipelines.Core.Runtime.Tests.dll not valid. Loading of assembly skipped.
Assembly Unity.RenderPipelines.Universal.Config.Editor.Tests.dll at Library/ScriptAssemblies/Unity.RenderPipelines.Universal.Config.Editor.Tests.dll not valid. Loading of assembly skipped.
Assembly Unity.RenderPipelines.Universal.Editor.Tests.dll at Library/ScriptAssemblies/Unity.RenderPipelines.Universal.Editor.Tests.dll not valid. Loading of assembly skipped.
Assembly Unity.RenderPipelines.Universal.Runtime.Tests.dll at Library/ScriptAssemblies/Unity.RenderPipelines.Universal.Runtime.Tests.dll not valid. Loading of assembly skipped.
Assembly Unity.Searcher.EditorTests.dll at Library/ScriptAssemblies/Unity.Searcher.EditorTests.dll not valid. Loading of assembly skipped.
Assembly Unity.ShaderGraph.Editor.Tests.dll at Library/ScriptAssemblies/Unity.ShaderGraph.Editor.Tests.dll not valid. Loading of assembly skipped.
Assembly Unity.TextMeshPro.Editor.Tests.dll at Library/ScriptAssemblies/Unity.TextMeshPro.Editor.Tests.dll not valid. Loading of assembly skipped.
Assembly Unity.TextMeshPro.Tests.dll at Library/ScriptAssemblies/Unity.TextMeshPro.Tests.dll not valid. Loading of assembly skipped.
Assembly Unity.UnifiedRayTracing.Editor.Tests.dll at Library/ScriptAssemblies/Unity.UnifiedRayTracing.Editor.Tests.dll not valid. Loading of assembly skipped.
Assembly UnityEditor.UI.Common.Tests.dll at Library/ScriptAssemblies/UnityEditor.UI.Common.Tests.dll not valid. Loading of assembly skipped.
Assembly UnityEditor.UI.EditorTests.dll at Library/ScriptAssemblies/UnityEditor.UI.EditorTests.dll not valid. Loading of assembly skipped.
Assembly UnityEditor.XR.LegacyInputHelpers.Tests.dll at Library/ScriptAssemblies/UnityEditor.XR.LegacyInputHelpers.Tests.dll not valid. Loading of assembly skipped.
Assembly UnityEngine.Advertisements.Editor.Tests.dll at Library/ScriptAssemblies/UnityEngine.Advertisements.Editor.Tests.dll not valid. Loading of assembly skipped.
Assembly UnityEngine.Advertisements.Tests.dll at Library/ScriptAssemblies/UnityEngine.Advertisements.Tests.dll not valid. Loading of assembly skipped.
Assembly UnityEngine.Purchasing.Apple.dll at Library/ScriptAssemblies/UnityEngine.Purchasing.Apple.dll not valid. Loading of assembly skipped.
Assembly UnityEngine.Purchasing.AppleMacos.dll at Library/ScriptAssemblies/UnityEngine.Purchasing.AppleMacos.dll not valid. Loading of assembly skipped.
Assembly UnityEngine.Purchasing.Security.dll at Library/ScriptAssemblies/UnityEngine.Purchasing.Security.dll not valid. Loading of assembly skipped.
Assembly UnityEngine.Purchasing.WinRT.dll at Library/ScriptAssemblies/UnityEngine.Purchasing.WinRT.dll not valid. Loading of assembly skipped.
Assembly UnityEngine.SpatialTracking.Tests.dll at Library/ScriptAssemblies/UnityEngine.SpatialTracking.Tests.dll not valid. Loading of assembly skipped.
Assembly UnityEngine.UI.Tests.dll at Library/ScriptAssemblies/UnityEngine.UI.Tests.dll not valid. Loading of assembly skipped.
Symbol file LoadedFromMemory is not a mono symbol file
OnLevelWasLoaded was found on MatchManager
This message has been deprecated and will be removed in a later version of Unity.
Add a delegate to SceneManager.sceneLoaded instead to get notifications after scene loading has completed
Refreshing native plugins compatible for Editor in 7.03 ms, found 2 plugins.
OnLevelWasLoaded was found on MatchManager
This message has been deprecated and will be removed in a later version of Unity.
Add a delegate to SceneManager.sceneLoaded instead to get notifications after scene loading has completed
Native extension for Android target not found
Native extension for WindowsStandalone target not found
[Package Manager] Failed to launch server process. Reason: Unity was launched with the -noUpm command-line argument
[Package Manager] Unable to send message (not connected to server process).
[Package Manager] Cannot connect to Unity Package Manager local server
[Package Manager] Failed to launch server process. Reason: Unity was launched with the -noUpm command-line argument
[Package Manager] Unable to send message (not connected to server process).
[Package Manager] Cannot connect to Unity Package Manager local server
ScheduleIndexationOnStartup MainProcess:False IndexOnStartup:True
Mono: successfully reloaded assembly
- Finished resetting the current domain, in  1.092 seconds
Domain Reload Profiling: 1981ms
	BeginReloadAssembly (272ms)
		DisableScriptedObjects (22ms)
		CreateAndSetChildDomain (62ms)
	RebuildCommonClasses (40ms)
	RebuildNativeTypeToScriptingClass (14ms)
	initialDomainReloadingComplete (72ms)
	LoadAllAssembliesAndSetupDomain (490ms)
		LoadAssemblies (408ms)
		AnalyzeDomain (184ms)
			TypeCache.Refresh (6ms)
			BuildScriptInfoCaches (165ms)
			ResolveRequiredComponents (12ms)
	FinalizeReload (1093ms)
		SetupLoadedEditorAssemblies (0ms)
			InitializePlatformSupportModulesInManaged (13ms)
			BeforeProcessingInitializeOnLoad (176ms)
			ProcessInitializeOnLoadAttributes (300ms)
			ProcessInitializeOnLoadMethodAttributes (358ms)
		AwakeInstancesAfterBackupRestoration (26ms)
Refreshing native plugins compatible for Editor in 8.10 ms, found 2 plugins.
Unloading 24 Unused Serialized files (Serialized files now loaded: 0)
Unloading 5652 unused Assets / (5.5 MB). Loaded Objects now: 6674.
Memory consumption went from 184.6 MB to 179.1 MB.
Total: 16.344100 ms (FindLiveObjects: 0.700000 ms CreateObjectMapping: 0.412800 ms MarkObjects: 11.612800 ms  DeleteObjects: 3.617100 ms)

Prepare: number of updated asset objects reloaded= 0
========================================================================
Received Prepare
Begin MonoManager ReloadAssembly
[Licensing::Client] Successfully resolved entitlement details
[Licensing::Module] License group:
  Id: F4-MESN-GUW7-62D3-FRZW-XXXX
  Product: Unity Personal
  Type: ULF
  Expiration: Unlimited
[Licensing::Module] License group:
  Id: 9071283907225-UnityPersXXXX
  Product: Unity Personal
  Type: Assigned
  Expiration: Unlimited
Duplicate assembly 'Newtonsoft.Json.dll' with different versions detected, using 'Packages/com.unity.nuget.newtonsoft-json/Runtime/Newtonsoft.Json.dll, AssemblyName=Newtonsoft.Json, Version=13.0.0.0, Culture=neutral, PublicKeyToken=30ad4fe6b2a6aeed' and ignoring 'Assets/Assemblies/Newtonsoft.Json.dll, AssemblyName=Newtonsoft.Json, Version=6.0.0.0, Culture=neutral, PublicKeyToken=30ad4fe6b2a6aeed'.Assembly Assembly-CSharp-Editor-firstpass.dll at Library/ScriptAssemblies/Assembly-CSharp-Editor-firstpass.dll not valid. Loading of assembly skipped.
Assembly DocCodeExamples.dll at Library/ScriptAssemblies/DocCodeExamples.dll not valid. Loading of assembly skipped.
Assembly TestNewCustomAssembly.dll at Library/ScriptAssemblies/TestNewCustomAssembly.dll not valid. Loading of assembly skipped.
Assembly Unity.2D.Sprite.Package.EditorTests.dll at Library/ScriptAssemblies/Unity.2D.Sprite.Package.EditorTests.dll not valid. Loading of assembly skipped.
Assembly Unity.2D.Tilemap.Package.EditorTests.dll at Library/ScriptAssemblies/Unity.2D.Tilemap.Package.EditorTests.dll not valid. Loading of assembly skipped.
Assembly Unity.Analytics.DataPrivacy.Tests.dll at Library/ScriptAssemblies/Unity.Analytics.DataPrivacy.Tests.dll not valid. Loading of assembly skipped.
Assembly Unity.Analytics.StandardEvents.EditorTests.dll at Library/ScriptAssemblies/Unity.Analytics.StandardEvents.EditorTests.dll not valid. Loading of assembly skipped.
Assembly Unity.Collections.BurstCompatibilityGen.dll at Library/ScriptAssemblies/Unity.Collections.BurstCompatibilityGen.dll not valid. Loading of assembly skipped.
Assembly Unity.Collections.DocCodeSamples.dll at Library/ScriptAssemblies/Unity.Collections.DocCodeSamples.dll not valid. Loading of assembly skipped.
Assembly Unity.Collections.PerformanceTests.dll at Library/ScriptAssemblies/Unity.Collections.PerformanceTests.dll not valid. Loading of assembly skipped.
Assembly Unity.Collections.Tests.dll at Library/ScriptAssemblies/Unity.Collections.Tests.dll not valid. Loading of assembly skipped.
Assembly Unity.Collections.Tests.Playmode.dll at Library/ScriptAssemblies/Unity.Collections.Tests.Playmode.dll not valid. Loading of assembly skipped.
Assembly Unity.Mathematics.Tests.dll at Library/ScriptAssemblies/Unity.Mathematics.Tests.dll not valid. Loading of assembly skipped.
Assembly Unity.Multiplayer.Center.Editor.Tests.dll at Library/ScriptAssemblies/Unity.Multiplayer.Center.Editor.Tests.dll not valid. Loading of assembly skipped.
Assembly Unity.Multiplayer.Center.Tests.dll at Library/ScriptAssemblies/Unity.Multiplayer.Center.Tests.dll not valid. Loading of assembly skipped.
Assembly Unity.Nuget.Mono-Cecil.dll at Library/ScriptAssemblies/Unity.Nuget.Mono-Cecil.dll not valid. Loading of assembly skipped.
Assembly Unity.PathTracing.Editor.Tests.dll at Library/ScriptAssemblies/Unity.PathTracing.Editor.Tests.dll not valid. Loading of assembly skipped.
Assembly Unity.PathTracing.Runtime.Tests.dll at Library/ScriptAssemblies/Unity.PathTracing.Runtime.Tests.dll not valid. Loading of assembly skipped.
Assembly Unity.RenderPipelines.Core.Editor.Tests.dll at Library/ScriptAssemblies/Unity.RenderPipelines.Core.Editor.Tests.dll not valid. Loading of assembly skipped.
Assembly Unity.RenderPipelines.Core.Runtime.Tests.dll at Library/ScriptAssemblies/Unity.RenderPipelines.Core.Runtime.Tests.dll not valid. Loading of assembly skipped.
Assembly Unity.RenderPipelines.Universal.Config.Editor.Tests.dll at Library/ScriptAssemblies/Unity.RenderPipelines.Universal.Config.Editor.Tests.dll not valid. Loading of assembly skipped.
Assembly Unity.RenderPipelines.Universal.Editor.Tests.dll at Library/ScriptAssemblies/Unity.RenderPipelines.Universal.Editor.Tests.dll not valid. Loading of assembly skipped.
Assembly Unity.RenderPipelines.Universal.Runtime.Tests.dll at Library/ScriptAssemblies/Unity.RenderPipelines.Universal.Runtime.Tests.dll not valid. Loading of assembly skipped.
Assembly Unity.Searcher.EditorTests.dll at Library/ScriptAssemblies/Unity.Searcher.EditorTests.dll not valid. Loading of assembly skipped.
Assembly Unity.ShaderGraph.Editor.Tests.dll at Library/ScriptAssemblies/Unity.ShaderGraph.Editor.Tests.dll not valid. Loading of assembly skipped.
Assembly Unity.TextMeshPro.Editor.Tests.dll at Library/ScriptAssemblies/Unity.TextMeshPro.Editor.Tests.dll not valid. Loading of assembly skipped.
Assembly Unity.TextMeshPro.Tests.dll at Library/ScriptAssemblies/Unity.TextMeshPro.Tests.dll not valid. Loading of assembly skipped.
Assembly Unity.UnifiedRayTracing.Editor.Tests.dll at Library/ScriptAssemblies/Unity.UnifiedRayTracing.Editor.Tests.dll not valid. Loading of assembly skipped.
Assembly UnityEditor.UI.Common.Tests.dll at Library/ScriptAssemblies/UnityEditor.UI.Common.Tests.dll not valid. Loading of assembly skipped.
Assembly UnityEditor.UI.EditorTests.dll at Library/ScriptAssemblies/UnityEditor.UI.EditorTests.dll not valid. Loading of assembly skipped.
Assembly UnityEditor.XR.LegacyInputHelpers.Tests.dll at Library/ScriptAssemblies/UnityEditor.XR.LegacyInputHelpers.Tests.dll not valid. Loading of assembly skipped.
Assembly UnityEngine.Advertisements.Editor.Tests.dll at Library/ScriptAssemblies/UnityEngine.Advertisements.Editor.Tests.dll not valid. Loading of assembly skipped.
Assembly UnityEngine.Advertisements.Tests.dll at Library/ScriptAssemblies/UnityEngine.Advertisements.Tests.dll not valid. Loading of assembly skipped.
Assembly UnityEngine.Purchasing.Apple.dll at Library/ScriptAssemblies/UnityEngine.Purchasing.Apple.dll not valid. Loading of assembly skipped.
Assembly UnityEngine.Purchasing.AppleMacos.dll at Library/ScriptAssemblies/UnityEngine.Purchasing.AppleMacos.dll not valid. Loading of assembly skipped.
Assembly UnityEngine.Purchasing.Security.dll at Library/ScriptAssemblies/UnityEngine.Purchasing.Security.dll not valid. Loading of assembly skipped.
Assembly UnityEngine.Purchasing.WinRT.dll at Library/ScriptAssemblies/UnityEngine.Purchasing.WinRT.dll not valid. Loading of assembly skipped.
Assembly UnityEngine.SpatialTracking.Tests.dll at Library/ScriptAssemblies/UnityEngine.SpatialTracking.Tests.dll not valid. Loading of assembly skipped.
Assembly UnityEngine.UI.Tests.dll at Library/ScriptAssemblies/UnityEngine.UI.Tests.dll not valid. Loading of assembly skipped.
Symbol file LoadedFromMemory is not a mono symbol file
OnLevelWasLoaded was found on MatchManager
This message has been deprecated and will be removed in a later version of Unity.
Add a delegate to SceneManager.sceneLoaded instead to get notifications after scene loading has completed
Refreshing native plugins compatible for Editor in 5.45 ms, found 2 plugins.
OnLevelWasLoaded was found on MatchManager
This message has been deprecated and will be removed in a later version of Unity.
Add a delegate to SceneManager.sceneLoaded instead to get notifications after scene loading has completed
Native extension for Android target not found
Native extension for WindowsStandalone target not found
[Package Manager] Failed to launch server process. Reason: Unity was launched with the -noUpm command-line argument
[Package Manager] Unable to send message (not connected to server process).
[Package Manager] Cannot connect to Unity Package Manager local server
[Package Manager] Failed to launch server process. Reason: Unity was launched with the -noUpm command-line argument
[Package Manager] Unable to send message (not connected to server process).
[Package Manager] Cannot connect to Unity Package Manager local server
ScheduleIndexationOnStartup MainProcess:False IndexOnStartup:True
Mono: successfully reloaded assembly
- Finished resetting the current domain, in  1.214 seconds
Domain Reload Profiling: 2093ms
	BeginReloadAssembly (251ms)
		DisableScriptedObjects (12ms)
		CreateAndSetChildDomain (72ms)
	RebuildCommonClasses (39ms)
	RebuildNativeTypeToScriptingClass (11ms)
	initialDomainReloadingComplete (70ms)
	LoadAllAssembliesAndSetupDomain (506ms)
		LoadAssemblies (412ms)
		AnalyzeDomain (184ms)
			TypeCache.Refresh (7ms)
			BuildScriptInfoCaches (163ms)
			ResolveRequiredComponents (12ms)
	FinalizeReload (1215ms)
		SetupLoadedEditorAssemblies (0ms)
			InitializePlatformSupportModulesInManaged (12ms)
			BeforeProcessingInitializeOnLoad (186ms)
			ProcessInitializeOnLoadAttributes (312ms)
			ProcessInitializeOnLoadMethodAttributes (449ms)
		AwakeInstancesAfterBackupRestoration (33ms)
Refreshing native plugins compatible for Editor in 6.97 ms, found 2 plugins.
Unloading 24 Unused Serialized files (Serialized files now loaded: 0)
Unloading 5650 unused Assets / (5.4 MB). Loaded Objects now: 6677.
Memory consumption went from 188.9 MB to 183.5 MB.
Total: 13.514600 ms (FindLiveObjects: 0.676300 ms CreateObjectMapping: 0.391600 ms MarkObjects: 9.928400 ms  DeleteObjects: 2.516900 ms)

Prepare: number of updated asset objects reloaded= 0
========================================================================
Received Import Request.
  Time since last request: 113.363222 seconds.
  path: Assets/Art/Characters/Effects/SpeedFire.mat
  importAddress: Guid(80c2a62dae912484e84f49f67eb49c32) Importer(815301076,1909f56bfc062723c751e8b465ee728b)
Start importing Assets/Art/Characters/Effects/SpeedFire.mat using Guid(80c2a62dae912484e84f49f67eb49c32) Importer(815301076,1909f56bfc062723c751e8b465ee728b) (PreviewImporter) -> (Import Result ID: '356eacdb48d3545e4cfeceec99fd43ea') in 0.4914241 seconds [static and dynamic dependencies]. Details - ImportResultOutputID=22c670651f8ce28e3a3bf5f480e2e27f DependenciesID=bde3aacc90426671280716c11d1d32fe StaticDependenciesID=77f8459e92ee31009a5e1075fd9d3965 
Number of updated asset objects reloaded before import = 0Number of asset objects unloaded after import = 3

========================================================================
Received Prepare
Begin MonoManager ReloadAssembly
Duplicate assembly 'Newtonsoft.Json.dll' with different versions detected, using 'Packages/com.unity.nuget.newtonsoft-json/Runtime/Newtonsoft.Json.dll, AssemblyName=Newtonsoft.Json, Version=13.0.0.0, Culture=neutral, PublicKeyToken=30ad4fe6b2a6aeed' and ignoring 'Assets/Assemblies/Newtonsoft.Json.dll, AssemblyName=Newtonsoft.Json, Version=6.0.0.0, Culture=neutral, PublicKeyToken=30ad4fe6b2a6aeed'.Assembly Assembly-CSharp-Editor-firstpass.dll at Library/ScriptAssemblies/Assembly-CSharp-Editor-firstpass.dll not valid. Loading of assembly skipped.
Assembly DocCodeExamples.dll at Library/ScriptAssemblies/DocCodeExamples.dll not valid. Loading of assembly skipped.
Assembly TestNewCustomAssembly.dll at Library/ScriptAssemblies/TestNewCustomAssembly.dll not valid. Loading of assembly skipped.
Assembly Unity.2D.Sprite.Package.EditorTests.dll at Library/ScriptAssemblies/Unity.2D.Sprite.Package.EditorTests.dll not valid. Loading of assembly skipped.
Assembly Unity.2D.Tilemap.Package.EditorTests.dll at Library/ScriptAssemblies/Unity.2D.Tilemap.Package.EditorTests.dll not valid. Loading of assembly skipped.
Assembly Unity.Analytics.DataPrivacy.Tests.dll at Library/ScriptAssemblies/Unity.Analytics.DataPrivacy.Tests.dll not valid. Loading of assembly skipped.
Assembly Unity.Analytics.StandardEvents.EditorTests.dll at Library/ScriptAssemblies/Unity.Analytics.StandardEvents.EditorTests.dll not valid. Loading of assembly skipped.
Assembly Unity.Collections.BurstCompatibilityGen.dll at Library/ScriptAssemblies/Unity.Collections.BurstCompatibilityGen.dll not valid. Loading of assembly skipped.
Assembly Unity.Collections.DocCodeSamples.dll at Library/ScriptAssemblies/Unity.Collections.DocCodeSamples.dll not valid. Loading of assembly skipped.
Assembly Unity.Collections.PerformanceTests.dll at Library/ScriptAssemblies/Unity.Collections.PerformanceTests.dll not valid. Loading of assembly skipped.
Assembly Unity.Collections.Tests.dll at Library/ScriptAssemblies/Unity.Collections.Tests.dll not valid. Loading of assembly skipped.
Assembly Unity.Collections.Tests.Playmode.dll at Library/ScriptAssemblies/Unity.Collections.Tests.Playmode.dll not valid. Loading of assembly skipped.
Assembly Unity.Mathematics.Tests.dll at Library/ScriptAssemblies/Unity.Mathematics.Tests.dll not valid. Loading of assembly skipped.
Assembly Unity.Multiplayer.Center.Editor.Tests.dll at Library/ScriptAssemblies/Unity.Multiplayer.Center.Editor.Tests.dll not valid. Loading of assembly skipped.
Assembly Unity.Multiplayer.Center.Tests.dll at Library/ScriptAssemblies/Unity.Multiplayer.Center.Tests.dll not valid. Loading of assembly skipped.
Assembly Unity.Nuget.Mono-Cecil.dll at Library/ScriptAssemblies/Unity.Nuget.Mono-Cecil.dll not valid. Loading of assembly skipped.
Assembly Unity.PathTracing.Editor.Tests.dll at Library/ScriptAssemblies/Unity.PathTracing.Editor.Tests.dll not valid. Loading of assembly skipped.
Assembly Unity.PathTracing.Runtime.Tests.dll at Library/ScriptAssemblies/Unity.PathTracing.Runtime.Tests.dll not valid. Loading of assembly skipped.
Assembly Unity.RenderPipelines.Core.Editor.Tests.dll at Library/ScriptAssemblies/Unity.RenderPipelines.Core.Editor.Tests.dll not valid. Loading of assembly skipped.
Assembly Unity.RenderPipelines.Core.Runtime.Tests.dll at Library/ScriptAssemblies/Unity.RenderPipelines.Core.Runtime.Tests.dll not valid. Loading of assembly skipped.
Assembly Unity.RenderPipelines.Universal.Config.Editor.Tests.dll at Library/ScriptAssemblies/Unity.RenderPipelines.Universal.Config.Editor.Tests.dll not valid. Loading of assembly skipped.
Assembly Unity.RenderPipelines.Universal.Editor.Tests.dll at Library/ScriptAssemblies/Unity.RenderPipelines.Universal.Editor.Tests.dll not valid. Loading of assembly skipped.
Assembly Unity.RenderPipelines.Universal.Runtime.Tests.dll at Library/ScriptAssemblies/Unity.RenderPipelines.Universal.Runtime.Tests.dll not valid. Loading of assembly skipped.
Assembly Unity.Searcher.EditorTests.dll at Library/ScriptAssemblies/Unity.Searcher.EditorTests.dll not valid. Loading of assembly skipped.
Assembly Unity.ShaderGraph.Editor.Tests.dll at Library/ScriptAssemblies/Unity.ShaderGraph.Editor.Tests.dll not valid. Loading of assembly skipped.
Assembly Unity.TextMeshPro.Editor.Tests.dll at Library/ScriptAssemblies/Unity.TextMeshPro.Editor.Tests.dll not valid. Loading of assembly skipped.
Assembly Unity.TextMeshPro.Tests.dll at Library/ScriptAssemblies/Unity.TextMeshPro.Tests.dll not valid. Loading of assembly skipped.
Assembly Unity.UnifiedRayTracing.Editor.Tests.dll at Library/ScriptAssemblies/Unity.UnifiedRayTracing.Editor.Tests.dll not valid. Loading of assembly skipped.
Assembly UnityEditor.UI.Common.Tests.dll at Library/ScriptAssemblies/UnityEditor.UI.Common.Tests.dll not valid. Loading of assembly skipped.
Assembly UnityEditor.UI.EditorTests.dll at Library/ScriptAssemblies/UnityEditor.UI.EditorTests.dll not valid. Loading of assembly skipped.
Assembly UnityEditor.XR.LegacyInputHelpers.Tests.dll at Library/ScriptAssemblies/UnityEditor.XR.LegacyInputHelpers.Tests.dll not valid. Loading of assembly skipped.
Assembly UnityEngine.Advertisements.Editor.Tests.dll at Library/ScriptAssemblies/UnityEngine.Advertisements.Editor.Tests.dll not valid. Loading of assembly skipped.
Assembly UnityEngine.Advertisements.Tests.dll at Library/ScriptAssemblies/UnityEngine.Advertisements.Tests.dll not valid. Loading of assembly skipped.
Assembly UnityEngine.Purchasing.Apple.dll at Library/ScriptAssemblies/UnityEngine.Purchasing.Apple.dll not valid. Loading of assembly skipped.
Assembly UnityEngine.Purchasing.AppleMacos.dll at Library/ScriptAssemblies/UnityEngine.Purchasing.AppleMacos.dll not valid. Loading of assembly skipped.
Assembly UnityEngine.Purchasing.Security.dll at Library/ScriptAssemblies/UnityEngine.Purchasing.Security.dll not valid. Loading of assembly skipped.
Assembly UnityEngine.Purchasing.WinRT.dll at Library/ScriptAssemblies/UnityEngine.Purchasing.WinRT.dll not valid. Loading of assembly skipped.
Assembly UnityEngine.SpatialTracking.Tests.dll at Library/ScriptAssemblies/UnityEngine.SpatialTracking.Tests.dll not valid. Loading of assembly skipped.
Assembly UnityEngine.UI.Tests.dll at Library/ScriptAssemblies/UnityEngine.UI.Tests.dll not valid. Loading of assembly skipped.
Symbol file LoadedFromMemory is not a mono symbol file
OnLevelWasLoaded was found on MatchManager
This message has been deprecated and will be removed in a later version of Unity.
Add a delegate to SceneManager.sceneLoaded instead to get notifications after scene loading has completed
Refreshing native plugins compatible for Editor in 6.21 ms, found 2 plugins.
OnLevelWasLoaded was found on MatchManager
This message has been deprecated and will be removed in a later version of Unity.
Add a delegate to SceneManager.sceneLoaded instead to get notifications after scene loading has completed
Native extension for Android target not found
Native extension for WindowsStandalone target not found
[Package Manager] Failed to launch server process. Reason: Unity was launched with the -noUpm command-line argument
[Package Manager] Unable to send message (not connected to server process).
[Package Manager] Cannot connect to Unity Package Manager local server
[Package Manager] Failed to launch server process. Reason: Unity was launched with the -noUpm command-line argument
[Package Manager] Unable to send message (not connected to server process).
[Package Manager] Cannot connect to Unity Package Manager local server
ScheduleIndexationOnStartup MainProcess:False IndexOnStartup:True
Mono: successfully reloaded assembly
- Finished resetting the current domain, in  1.166 seconds
Domain Reload Profiling: 2055ms
	BeginReloadAssembly (277ms)
		DisableScriptedObjects (27ms)
		CreateAndSetChildDomain (67ms)
	RebuildCommonClasses (37ms)
	RebuildNativeTypeToScriptingClass (14ms)
	initialDomainReloadingComplete (68ms)
	LoadAllAssembliesAndSetupDomain (492ms)
		LoadAssemblies (412ms)
		AnalyzeDomain (178ms)
			TypeCache.Refresh (8ms)
			BuildScriptInfoCaches (157ms)
			ResolveRequiredComponents (12ms)
	FinalizeReload (1167ms)
		SetupLoadedEditorAssemblies (0ms)
			InitializePlatformSupportModulesInManaged (13ms)
			BeforeProcessingInitializeOnLoad (180ms)
			ProcessInitializeOnLoadAttributes (309ms)
			ProcessInitializeOnLoadMethodAttributes (421ms)
			AfterProcessingInitializeOnLoad (3ms)
		AwakeInstancesAfterBackupRestoration (26ms)
Refreshing native plugins compatible for Editor in 8.03 ms, found 2 plugins.
Unloading 24 Unused Serialized files (Serialized files now loaded: 0)
Unloading 5652 unused Assets / (5.6 MB). Loaded Objects now: 6700.
Memory consumption went from 184.7 MB to 179.1 MB.
Total: 17.039400 ms (FindLiveObjects: 1.840900 ms CreateObjectMapping: 1.073600 ms MarkObjects: 10.882900 ms  DeleteObjects: 3.240400 ms)

Prepare: number of updated asset objects reloaded= 0
========================================================================
Received Import Request.
  Time since last request: 67.752985 seconds.
  path: Assets/Art/Characters/01 Sanic/SanicTrail.mat
  importAddress: Guid(9ce71dd0ced43204d80391225a2d06fa) Importer(815301076,1909f56bfc062723c751e8b465ee728b)
Start importing Assets/Art/Characters/01 Sanic/SanicTrail.mat using Guid(9ce71dd0ced43204d80391225a2d06fa) Importer(815301076,1909f56bfc062723c751e8b465ee728b) (PreviewImporter) -> (Import Result ID: '93c56bf681688327c6d9c7030849bfdb') in 0.5037714 seconds [static and dynamic dependencies]. Details - ImportResultOutputID=868651eba937707bb97aaf37227d1611 DependenciesID=b39a44ddcb5544c9dd4fb482d82e7bdc StaticDependenciesID=15b5a710d13fb52d78fc6943dd645341 
Number of updated asset objects reloaded before import = 0Number of asset objects unloaded after import = 4

========================================================================
Received Prepare
Begin MonoManager ReloadAssembly
[Licensing::Client] Successfully resolved entitlement details
[Licensing::Module] License group:
  Id: F4-MESN-GUW7-62D3-FRZW-XXXX
  Product: Unity Personal
  Type: ULF
  Expiration: Unlimited
[Licensing::Module] License group:
  Id: 9071283907225-UnityPersXXXX
  Product: Unity Personal
  Type: Assigned
  Expiration: Unlimited
Duplicate assembly 'Newtonsoft.Json.dll' with different versions detected, using 'Packages/com.unity.nuget.newtonsoft-json/Runtime/Newtonsoft.Json.dll, AssemblyName=Newtonsoft.Json, Version=13.0.0.0, Culture=neutral, PublicKeyToken=30ad4fe6b2a6aeed' and ignoring 'Assets/Assemblies/Newtonsoft.Json.dll, AssemblyName=Newtonsoft.Json, Version=6.0.0.0, Culture=neutral, PublicKeyToken=30ad4fe6b2a6aeed'.Assembly Assembly-CSharp-Editor-firstpass.dll at Library/ScriptAssemblies/Assembly-CSharp-Editor-firstpass.dll not valid. Loading of assembly skipped.
Assembly DocCodeExamples.dll at Library/ScriptAssemblies/DocCodeExamples.dll not valid. Loading of assembly skipped.
Assembly TestNewCustomAssembly.dll at Library/ScriptAssemblies/TestNewCustomAssembly.dll not valid. Loading of assembly skipped.
Assembly Unity.2D.Sprite.Package.EditorTests.dll at Library/ScriptAssemblies/Unity.2D.Sprite.Package.EditorTests.dll not valid. Loading of assembly skipped.
Assembly Unity.2D.Tilemap.Package.EditorTests.dll at Library/ScriptAssemblies/Unity.2D.Tilemap.Package.EditorTests.dll not valid. Loading of assembly skipped.
Assembly Unity.Analytics.DataPrivacy.Tests.dll at Library/ScriptAssemblies/Unity.Analytics.DataPrivacy.Tests.dll not valid. Loading of assembly skipped.
Assembly Unity.Analytics.StandardEvents.EditorTests.dll at Library/ScriptAssemblies/Unity.Analytics.StandardEvents.EditorTests.dll not valid. Loading of assembly skipped.
Assembly Unity.Collections.BurstCompatibilityGen.dll at Library/ScriptAssemblies/Unity.Collections.BurstCompatibilityGen.dll not valid. Loading of assembly skipped.
Assembly Unity.Collections.DocCodeSamples.dll at Library/ScriptAssemblies/Unity.Collections.DocCodeSamples.dll not valid. Loading of assembly skipped.
Assembly Unity.Collections.PerformanceTests.dll at Library/ScriptAssemblies/Unity.Collections.PerformanceTests.dll not valid. Loading of assembly skipped.
Assembly Unity.Collections.Tests.dll at Library/ScriptAssemblies/Unity.Collections.Tests.dll not valid. Loading of assembly skipped.
Assembly Unity.Collections.Tests.Playmode.dll at Library/ScriptAssemblies/Unity.Collections.Tests.Playmode.dll not valid. Loading of assembly skipped.
Assembly Unity.Mathematics.Tests.dll at Library/ScriptAssemblies/Unity.Mathematics.Tests.dll not valid. Loading of assembly skipped.
Assembly Unity.Multiplayer.Center.Editor.Tests.dll at Library/ScriptAssemblies/Unity.Multiplayer.Center.Editor.Tests.dll not valid. Loading of assembly skipped.
Assembly Unity.Multiplayer.Center.Tests.dll at Library/ScriptAssemblies/Unity.Multiplayer.Center.Tests.dll not valid. Loading of assembly skipped.
Assembly Unity.Nuget.Mono-Cecil.dll at Library/ScriptAssemblies/Unity.Nuget.Mono-Cecil.dll not valid. Loading of assembly skipped.
Assembly Unity.PathTracing.Editor.Tests.dll at Library/ScriptAssemblies/Unity.PathTracing.Editor.Tests.dll not valid. Loading of assembly skipped.
Assembly Unity.PathTracing.Runtime.Tests.dll at Library/ScriptAssemblies/Unity.PathTracing.Runtime.Tests.dll not valid. Loading of assembly skipped.
Assembly Unity.RenderPipelines.Core.Editor.Tests.dll at Library/ScriptAssemblies/Unity.RenderPipelines.Core.Editor.Tests.dll not valid. Loading of assembly skipped.
Assembly Unity.RenderPipelines.Core.Runtime.Tests.dll at Library/ScriptAssemblies/Unity.RenderPipelines.Core.Runtime.Tests.dll not valid. Loading of assembly skipped.
Assembly Unity.RenderPipelines.Universal.Config.Editor.Tests.dll at Library/ScriptAssemblies/Unity.RenderPipelines.Universal.Config.Editor.Tests.dll not valid. Loading of assembly skipped.
Assembly Unity.RenderPipelines.Universal.Editor.Tests.dll at Library/ScriptAssemblies/Unity.RenderPipelines.Universal.Editor.Tests.dll not valid. Loading of assembly skipped.
Assembly Unity.RenderPipelines.Universal.Runtime.Tests.dll at Library/ScriptAssemblies/Unity.RenderPipelines.Universal.Runtime.Tests.dll not valid. Loading of assembly skipped.
Assembly Unity.Searcher.EditorTests.dll at Library/ScriptAssemblies/Unity.Searcher.EditorTests.dll not valid. Loading of assembly skipped.
Assembly Unity.ShaderGraph.Editor.Tests.dll at Library/ScriptAssemblies/Unity.ShaderGraph.Editor.Tests.dll not valid. Loading of assembly skipped.
Assembly Unity.TextMeshPro.Editor.Tests.dll at Library/ScriptAssemblies/Unity.TextMeshPro.Editor.Tests.dll not valid. Loading of assembly skipped.
Assembly Unity.TextMeshPro.Tests.dll at Library/ScriptAssemblies/Unity.TextMeshPro.Tests.dll not valid. Loading of assembly skipped.
Assembly Unity.UnifiedRayTracing.Editor.Tests.dll at Library/ScriptAssemblies/Unity.UnifiedRayTracing.Editor.Tests.dll not valid. Loading of assembly skipped.
Assembly UnityEditor.UI.Common.Tests.dll at Library/ScriptAssemblies/UnityEditor.UI.Common.Tests.dll not valid. Loading of assembly skipped.
Assembly UnityEditor.UI.EditorTests.dll at Library/ScriptAssemblies/UnityEditor.UI.EditorTests.dll not valid. Loading of assembly skipped.
Assembly UnityEditor.XR.LegacyInputHelpers.Tests.dll at Library/ScriptAssemblies/UnityEditor.XR.LegacyInputHelpers.Tests.dll not valid. Loading of assembly skipped.
Assembly UnityEngine.Advertisements.Editor.Tests.dll at Library/ScriptAssemblies/UnityEngine.Advertisements.Editor.Tests.dll not valid. Loading of assembly skipped.
Assembly UnityEngine.Advertisements.Tests.dll at Library/ScriptAssemblies/UnityEngine.Advertisements.Tests.dll not valid. Loading of assembly skipped.
Assembly UnityEngine.Purchasing.Apple.dll at Library/ScriptAssemblies/UnityEngine.Purchasing.Apple.dll not valid. Loading of assembly skipped.
Assembly UnityEngine.Purchasing.AppleMacos.dll at Library/ScriptAssemblies/UnityEngine.Purchasing.AppleMacos.dll not valid. Loading of assembly skipped.
Assembly UnityEngine.Purchasing.Security.dll at Library/ScriptAssemblies/UnityEngine.Purchasing.Security.dll not valid. Loading of assembly skipped.
Assembly UnityEngine.Purchasing.WinRT.dll at Library/ScriptAssemblies/UnityEngine.Purchasing.WinRT.dll not valid. Loading of assembly skipped.
Assembly UnityEngine.SpatialTracking.Tests.dll at Library/ScriptAssemblies/UnityEngine.SpatialTracking.Tests.dll not valid. Loading of assembly skipped.
Assembly UnityEngine.UI.Tests.dll at Library/ScriptAssemblies/UnityEngine.UI.Tests.dll not valid. Loading of assembly skipped.
Symbol file LoadedFromMemory is not a mono symbol file
OnLevelWasLoaded was found on MatchManager
This message has been deprecated and will be removed in a later version of Unity.
Add a delegate to SceneManager.sceneLoaded instead to get notifications after scene loading has completed
Refreshing native plugins compatible for Editor in 6.66 ms, found 2 plugins.
OnLevelWasLoaded was found on MatchManager
This message has been deprecated and will be removed in a later version of Unity.
Add a delegate to SceneManager.sceneLoaded instead to get notifications after scene loading has completed
Native extension for Android target not found
Native extension for WindowsStandalone target not found
[Package Manager] Failed to launch server process. Reason: Unity was launched with the -noUpm command-line argument
[Package Manager] Unable to send message (not connected to server process).
[Package Manager] Cannot connect to Unity Package Manager local server
[Package Manager] Failed to launch server process. Reason: Unity was launched with the -noUpm command-line argument
[Package Manager] Unable to send message (not connected to server process).
[Package Manager] Cannot connect to Unity Package Manager local server
ScheduleIndexationOnStartup MainProcess:False IndexOnStartup:True
Mono: successfully reloaded assembly
- Finished resetting the current domain, in  1.106 seconds
Domain Reload Profiling: 2033ms
	BeginReloadAssembly (292ms)
		DisableScriptedObjects (52ms)
		CreateAndSetChildDomain (60ms)
	RebuildCommonClasses (40ms)
	RebuildNativeTypeToScriptingClass (13ms)
	initialDomainReloadingComplete (72ms)
	LoadAllAssembliesAndSetupDomain (510ms)
		LoadAssemblies (435ms)
		AnalyzeDomain (183ms)
			TypeCache.Refresh (6ms)
			BuildScriptInfoCaches (163ms)
			ResolveRequiredComponents (12ms)
	FinalizeReload (1106ms)
		SetupLoadedEditorAssemblies (0ms)
			InitializePlatformSupportModulesInManaged (11ms)
			BeforeProcessingInitializeOnLoad (178ms)
			ProcessInitializeOnLoadAttributes (301ms)
			ProcessInitializeOnLoadMethodAttributes (367ms)
			AfterProcessingInitializeOnLoad (3ms)
		AwakeInstancesAfterBackupRestoration (27ms)
Refreshing native plugins compatible for Editor in 8.51 ms, found 2 plugins.
Unloading 24 Unused Serialized files (Serialized files now loaded: 0)
Unloading 5652 unused Assets / (5.4 MB). Loaded Objects now: 6723.
Memory consumption went from 184.8 MB to 179.4 MB.
Total: 17.948800 ms (FindLiveObjects: 0.814200 ms CreateObjectMapping: 0.512600 ms MarkObjects: 13.435300 ms  DeleteObjects: 3.185400 ms)

Prepare: number of updated asset objects reloaded= 0
========================================================================
Received Import Request.
  Time since last request: 44.649870 seconds.
  path: Assets/Art/Characters/02 Knackles/KnacklesTrail.mat
  importAddress: Guid(fcd053a6f7d7b944b8b6d0010cb70063) Importer(815301076,1909f56bfc062723c751e8b465ee728b)
Start importing Assets/Art/Characters/02 Knackles/KnacklesTrail.mat using Guid(fcd053a6f7d7b944b8b6d0010cb70063) Importer(815301076,1909f56bfc062723c751e8b465ee728b) (PreviewImporter) -> (Import Result ID: '1e3de115752b98c243c56c5ec7d34658') in 0.5751927 seconds [static and dynamic dependencies]. Details - ImportResultOutputID=39c619b6c5d1093abfab4b4d2d9e3e72 DependenciesID=f237c071f8b0bcf897fde261efbe89da StaticDependenciesID=538435b1872f629632873fbf24eaaf95 
Number of updated asset objects reloaded before import = 0Number of asset objects unloaded after import = 4

========================================================================
Received Import Request.
  Time since last request: 2.693071 seconds.
  path: Assets/Art/Characters/03 Taels/Taels.mat
  importAddress: Guid(634206cf18f1bb0449c3110a366eaeb5) Importer(815301076,1909f56bfc062723c751e8b465ee728b)
Start importing Assets/Art/Characters/03 Taels/Taels.mat using Guid(634206cf18f1bb0449c3110a366eaeb5) Importer(815301076,1909f56bfc062723c751e8b465ee728b) (PreviewImporter) -> (Import Result ID: '1d2ae58afee01ceb65e03ec18bc32f4c') in 0.0325491 seconds [static and dynamic dependencies]. Details - ImportResultOutputID=48b0272ea538bdb6b21f79b7f20bca8b DependenciesID=bbbf15e6e61eaa0f3fb0a819dbd83141 StaticDependenciesID=4d49ea887a81738b9ac8a21253fe2e0f 
Number of updated asset objects reloaded before import = 0Number of asset objects unloaded after import = 2

========================================================================
Received Import Request.
  Time since last request: 12.316747 seconds.
  path: Assets/Standard Assets/Effects/Lens Flares/Art Assets/laser.psd
  importAddress: Guid(f6e8a425cb28249b09ad686f25ae8a2b) Importer(815301076,1909f56bfc062723c751e8b465ee728b)
Start importing Assets/Standard Assets/Effects/Lens Flares/Art Assets/laser.psd using Guid(f6e8a425cb28249b09ad686f25ae8a2b) Importer(815301076,1909f56bfc062723c751e8b465ee728b) (PreviewImporter)[Licensing::Client] Successfully resolved entitlement details
[Licensing::Module] License group:
  Id: F4-MESN-GUW7-62D3-FRZW-XXXX
  Product: Unity Personal
  Type: ULF
  Expiration: Unlimited
[Licensing::Module] License group:
  Id: 9071283907225-UnityPersXXXX
  Product: Unity Personal
  Type: Assigned
  Expiration: Unlimited
 -> (Import Result ID: '2608f2b08e80de119f3a9c1648d39455') in 0.0266972 seconds [static and dynamic dependencies]. Details - ImportResultOutputID=a4aa0a29b54a1920b96150f1dea6cebb DependenciesID=063d175865be46bb1f60119af07282d6 StaticDependenciesID=cfd80251816f455318f1477440e7b2db 
Number of updated asset objects reloaded before import = 0Number of asset objects unloaded after import = 2

========================================================================
Received Import Request.
  Time since last request: 0.000029 seconds.
  path: Assets/Standard Assets/Effects/ImageEffects/Textures/NoiseEffectScratch.png
  importAddress: Guid(6205c27cc031f4e66b8ea90d1bfaa158) Importer(815301076,1909f56bfc062723c751e8b465ee728b)
Start importing Assets/Standard Assets/Effects/ImageEffects/Textures/NoiseEffectScratch.png using Guid(6205c27cc031f4e66b8ea90d1bfaa158) Importer(815301076,1909f56bfc062723c751e8b465ee728b) (PreviewImporter) -> (Import Result ID: '75a3df07dbbbe5ece21600abc233bd41') in 0.0180617 seconds [static and dynamic dependencies]. Details - ImportResultOutputID=e53d0783e65a670cadc5d87819a06535 DependenciesID=b319694dba425bb90fc1c506893eec8e StaticDependenciesID=7386bcfca0086f945f0acb515b254f3b 
Number of updated asset objects reloaded before import = 0Number of asset objects unloaded after import = 2

========================================================================
Received Import Request.
  Time since last request: 0.000036 seconds.
  path: Assets/Standard Assets/Effects/ImageEffects/Textures/NoiseAndGrain.png
  importAddress: Guid(7a632f967e8ad42f5bd275898151ab6a) Importer(815301076,1909f56bfc062723c751e8b465ee728b)
Start importing Assets/Standard Assets/Effects/ImageEffects/Textures/NoiseAndGrain.png using Guid(7a632f967e8ad42f5bd275898151ab6a) Importer(815301076,1909f56bfc062723c751e8b465ee728b) (PreviewImporter) -> (Import Result ID: 'c02bb2656555770102b95b9458774828') in 0.0206797 seconds [static and dynamic dependencies]. Details - ImportResultOutputID=98f2b14bbf1ad51cd51754dd1a5b4d49 DependenciesID=c6434052d7a2693c6912ff834e0ede21 StaticDependenciesID=473deec28a118f6927be30e5ad8d6558 
Number of updated asset objects reloaded before import = 0Number of asset objects unloaded after import = 2

========================================================================
Received Import Request.
  Time since last request: 7.011841 seconds.
  path: Assets/Unused/Textures/coldsteel.png
  importAddress: Guid(cc9c07216c040db41b535af9867d973b) Importer(815301076,1909f56bfc062723c751e8b465ee728b)
Start importing Assets/Unused/Textures/coldsteel.png using Guid(cc9c07216c040db41b535af9867d973b) Importer(815301076,1909f56bfc062723c751e8b465ee728b) (PreviewImporter) -> (Import Result ID: '1f6cbd89aa247845acad2ecdb5e37eda') in 0.0160286 seconds [static and dynamic dependencies]. Details - ImportResultOutputID=fa1c23a10611b209ef6ab43be3a6914e DependenciesID=85153146d0573692e16f1d993d8c3c29 StaticDependenciesID=a6fbc50653f0521f9554876bb42785f5 
Number of updated asset objects reloaded before import = 0Number of asset objects unloaded after import = 2

========================================================================
Received Import Request.
  Time since last request: 0.000041 seconds.
  path: Assets/Art/Easter eggs/Dank Train/Textures/DankTrain.png
  importAddress: Guid(5c7d444a63fb7ca4e97783ed83ee9425) Importer(815301076,1909f56bfc062723c751e8b465ee728b)
Start importing Assets/Art/Easter eggs/Dank Train/Textures/DankTrain.png using Guid(5c7d444a63fb7ca4e97783ed83ee9425) Importer(815301076,1909f56bfc062723c751e8b465ee728b) (PreviewImporter) -> (Import Result ID: '61fe2ed3fa11fea7163abcc6a6f25c95') in 0.0158199 seconds [static and dynamic dependencies]. Details - ImportResultOutputID=cce4967b64eda8800bd078be3cf832ed DependenciesID=a9362b19a94edb1f3318f677795571a7 StaticDependenciesID=954d935c9d3272c219d9a955ad869c4e 
Number of updated asset objects reloaded before import = 0Number of asset objects unloaded after import = 2

========================================================================
Received Import Request.
  Time since last request: 0.000054 seconds.
  path: Assets/Art/User Interface/Textures/GradientDown.psd
  importAddress: Guid(c28e1d3e9ef41dd419f5679fae58af8b) Importer(815301076,1909f56bfc062723c751e8b465ee728b)
Start importing Assets/Art/User Interface/Textures/GradientDown.psd using Guid(c28e1d3e9ef41dd419f5679fae58af8b) Importer(815301076,1909f56bfc062723c751e8b465ee728b) (PreviewImporter) -> (Import Result ID: '7ed49b8a5a7f743bba85796fd9d147f3') in 0.0307454 seconds [static and dynamic dependencies]. Details - ImportResultOutputID=0f9610c58fc5a581316823805102c292 DependenciesID=743509cfd5f6312f0edb2c9b214f3fa1 StaticDependenciesID=b5d25838aade40950f9597d2c1c4dd16 
Number of updated asset objects reloaded before import = 0Number of asset objects unloaded after import = 3

========================================================================
Received Import Request.
  Time since last request: 0.000042 seconds.
  path: Assets/Scenes/Menu/Lightmap-1_comp_dir.png
  importAddress: Guid(5b660d5518244ce48b1830f55606e5ab) Importer(815301076,1909f56bfc062723c751e8b465ee728b)
Start importing Assets/Scenes/Menu/Lightmap-1_comp_dir.png using Guid(5b660d5518244ce48b1830f55606e5ab) Importer(815301076,1909f56bfc062723c751e8b465ee728b) (PreviewImporter) -> (Import Result ID: '12dfa5decd10cce78539a4a249bda700') in 0.0174586 seconds [static and dynamic dependencies]. Details - ImportResultOutputID=a4160b9e88c09da565dde30ce8808d37 DependenciesID=8ebdd2a091fe060cf3cd44fc629df26b StaticDependenciesID=75328e9d5db4ab6d19ae644fc21ca343 
Number of updated asset objects reloaded before import = 0Number of asset objects unloaded after import = 2

========================================================================
Received Import Request.
  Time since last request: 0.000030 seconds.
  path: Assets/Art/Environment/05 Dusty Desert/Textures/Dry.bmp
  importAddress: Guid(3040951647278cf4f985a448bd2f2bd1) Importer(815301076,1909f56bfc062723c751e8b465ee728b)
Start importing Assets/Art/Environment/05 Dusty Desert/Textures/Dry.bmp using Guid(3040951647278cf4f985a448bd2f2bd1) Importer(815301076,1909f56bfc062723c751e8b465ee728b) (PreviewImporter) -> (Import Result ID: '744fc2ce9203efb5910387536acf1111') in 0.0188601 seconds [static and dynamic dependencies]. Details - ImportResultOutputID=666866424f5e35c29d41553de3d060c7 DependenciesID=842dc5ec7951e6b7a0154fc045a251a1 StaticDependenciesID=770a28293a9e23b536b8207c27656619 
Number of updated asset objects reloaded before import = 0Number of asset objects unloaded after import = 2

========================================================================
Received Import Request.
  Time since last request: 0.000027 seconds.
  path: Assets/Art/Gameplay/Dash Panel/Textures/DashPanelScreen.psd
  importAddress: Guid(8b0a498ee2fcb1241b01b0c44be231e7) Importer(815301076,1909f56bfc062723c751e8b465ee728b)
Start importing Assets/Art/Gameplay/Dash Panel/Textures/DashPanelScreen.psd using Guid(8b0a498ee2fcb1241b01b0c44be231e7) Importer(815301076,1909f56bfc062723c751e8b465ee728b) (PreviewImporter) -> (Import Result ID: '3db02b7429915c7a2b6b95f7b1b5b803') in 0.0250809 seconds [static and dynamic dependencies]. Details - ImportResultOutputID=ee57a60a61b118af48f2e78e027db28e DependenciesID=3e4f892114bc1ba1792d80d483d95006 StaticDependenciesID=ae9921983dc5383f25bb948aa73fa43c 
Number of updated asset objects reloaded before import = 0Number of asset objects unloaded after import = 2

========================================================================
Received Import Request.
  Time since last request: 0.000027 seconds.
  path: Assets/Standard Assets/Effects/ImageEffects/Textures/RandomVectors.png
  importAddress: Guid(a181ca8e3c62f3e4b8f183f6c586b032) Importer(815301076,1909f56bfc062723c751e8b465ee728b)
Start importing Assets/Standard Assets/Effects/ImageEffects/Textures/RandomVectors.png using Guid(a181ca8e3c62f3e4b8f183f6c586b032) Importer(815301076,1909f56bfc062723c751e8b465ee728b) (PreviewImporter) -> (Import Result ID: '1a06a248911cad0977df2f840ac33268') in 0.0154807 seconds [static and dynamic dependencies]. Details - ImportResultOutputID=a4b06ec36b13481a50647a69a280fda2 DependenciesID=8ceb65d27675882186d9360f4b17f2f1 StaticDependenciesID=496358fb2a09db921a77f4c2c82c1726 
Number of updated asset objects reloaded before import = 0Number of asset objects unloaded after import = 2

========================================================================
Received Import Request.
  Time since last request: 0.000043 seconds.
  path: Assets/Scenes/Menu/Lightmap-0_comp_dir.png
  importAddress: Guid(cc8c7b647dc21274aaab85bea06f1ec4) Importer(815301076,1909f56bfc062723c751e8b465ee728b)
Start importing Assets/Scenes/Menu/Lightmap-0_comp_dir.png using Guid(cc8c7b647dc21274aaab85bea06f1ec4) Importer(815301076,1909f56bfc062723c751e8b465ee728b) (PreviewImporter) -> (Import Result ID: '8209e4aec0ba36ac84506dc5a7579b79') in 0.04396 seconds [static and dynamic dependencies]. Details - ImportResultOutputID=62f880fbd2004f49dcda9860a910e3d4 DependenciesID=3d6171bd48309234ba3f4e5ea904d539 StaticDependenciesID=0f3fad1c4953339d9a4a387dc466a87e 
Number of updated asset objects reloaded before import = 0Number of asset objects unloaded after import = 2

========================================================================
Received Import Request.
  Time since last request: 0.000058 seconds.
  path: Assets/Art/User Interface/Textures/GradientRight.psd
  importAddress: Guid(85fea51c8b8798f42ae984c5e025fef3) Importer(815301076,1909f56bfc062723c751e8b465ee728b)
Start importing Assets/Art/User Interface/Textures/GradientRight.psd using Guid(85fea51c8b8798f42ae984c5e025fef3) Importer(815301076,1909f56bfc062723c751e8b465ee728b) (PreviewImporter) -> (Import Result ID: 'a9f7aff8de7d7bf87fe77fb3a39d55ee') in 0.021286 seconds [static and dynamic dependencies]. Details - ImportResultOutputID=2a8b960cb24bedd0430857611c57c548 DependenciesID=a192cabdbd004932b9dc63130c2472e5 StaticDependenciesID=1b3558be626982322b3b93132cc9437d 
Number of updated asset objects reloaded before import = 0Number of asset objects unloaded after import = 3

========================================================================
Received Import Request.
  Time since last request: 0.000037 seconds.
  path: Assets/Scenes/TestingTrack/Lightmap-0_comp_dir.exr
  importAddress: Guid(cf1e0160386f34c45a760b4d696a0653) Importer(815301076,1909f56bfc062723c751e8b465ee728b)
Start importing Assets/Scenes/TestingTrack/Lightmap-0_comp_dir.exr using Guid(cf1e0160386f34c45a760b4d696a0653) Importer(815301076,1909f56bfc062723c751e8b465ee728b) (PreviewImporter) -> (Import Result ID: '2e2f73fc711e5cd74d968a4f8368036b') in 0.0178051 seconds [static and dynamic dependencies]. Details - ImportResultOutputID=66180e5d7c42ad00a7c4434d5564fc49 DependenciesID=fb62a8e67b5466bdb479db569d6668cf StaticDependenciesID=8391058f56988c5b4e3c7e67026f4522 
Number of updated asset objects reloaded before import = 0Number of asset objects unloaded after import = 2

========================================================================
Received Import Request.
  Time since last request: 0.000043 seconds.
  path: Assets/Art/Environment/05 Dusty Desert/Textures/Dunes_Normal.jpg
  importAddress: Guid(46e4800419a47e04c835aedc3394b2c5) Importer(815301076,1909f56bfc062723c751e8b465ee728b)
Start importing Assets/Art/Environment/05 Dusty Desert/Textures/Dunes_Normal.jpg using Guid(46e4800419a47e04c835aedc3394b2c5) Importer(815301076,1909f56bfc062723c751e8b465ee728b) (PreviewImporter) -> (Import Result ID: '01b43dd48c4adb599bc2ec1e72822846') in 0.0290792 seconds [static and dynamic dependencies]. Details - ImportResultOutputID=723ed6934f518564f9f121c79a394cee DependenciesID=606ecfecd8987870efb210ae56c0236c StaticDependenciesID=eeb85d20bcbda25543dd6c7910fd2716 
Number of updated asset objects reloaded before import = 0Number of asset objects unloaded after import = 2

========================================================================
Received Import Request.
  Time since last request: 0.000052 seconds.
  path: Assets/Art/Environment/04 Rainbow Road/Textures/RainbowRoad.png
  importAddress: Guid(1f7a90d182b330a42b7d57ea866c386c) Importer(815301076,1909f56bfc062723c751e8b465ee728b)
Start importing Assets/Art/Environment/04 Rainbow Road/Textures/RainbowRoad.png using Guid(1f7a90d182b330a42b7d57ea866c386c) Importer(815301076,1909f56bfc062723c751e8b465ee728b) (PreviewImporter) -> (Import Result ID: 'f5dc5f4ebf85ec9ab18b17ef4199cf86') in 0.0159991 seconds [static and dynamic dependencies]. Details - ImportResultOutputID=3e4e332415b79ea71ccbf61eb0c912d2 DependenciesID=62fc37a61c2eff13de1b02a2cb03966a StaticDependenciesID=4fa91bad80141f62e0e75c1488fc8689 
Number of updated asset objects reloaded before import = 0Number of asset objects unloaded after import = 2

========================================================================
Received Import Request.
  Time since last request: 11.315176 seconds.
  path: Assets/Art/Characters/03 Taels/TaelsTrail.mat
  importAddress: Guid(0949736aaab96bc4396ffff86bb87475) Importer(815301076,1909f56bfc062723c751e8b465ee728b)
Start importing Assets/Art/Characters/03 Taels/TaelsTrail.mat using Guid(0949736aaab96bc4396ffff86bb87475) Importer(815301076,1909f56bfc062723c751e8b465ee728b) (PreviewImporter) -> (Import Result ID: '0d484a3168297c525b358610034548d6') in 0.0189398 seconds [static and dynamic dependencies]. Details - ImportResultOutputID=4c78de0b0746949d9a43c750c70c3d42 DependenciesID=0d090dd548bf8eff42b1dfcf8daa75ab StaticDependenciesID=41c64f1bb4b09691fc1b8138f3fa6bf1 
Number of updated asset objects reloaded before import = 0Number of asset objects unloaded after import = 3

========================================================================
Received Import Request.
  Time since last request: 5.260631 seconds.
  path: Assets/Art/Characters/03 Taels/TaelsTrail.mat
  importAddress: Guid(0949736aaab96bc4396ffff86bb87475) Importer(815301076,1909f56bfc062723c751e8b465ee728b)
Start importing Assets/Art/Characters/03 Taels/TaelsTrail.mat using Guid(0949736aaab96bc4396ffff86bb87475) Importer(815301076,1909f56bfc062723c751e8b465ee728b) (PreviewImporter) -> (Import Result ID: '8a824454bfebf77bcfbc97d1bfcc9e3d') in 0.0202725 seconds [static and dynamic dependencies]. Details - ImportResultOutputID=2e4d42660425b5371e874026b81ab826 DependenciesID=d912e2afbc4dd4a49ad78202068dea42 StaticDependenciesID=71734f3899e80d1039056d8f5a6fb49b 
Number of updated asset objects reloaded before import = 0Number of asset objects unloaded after import = 3

========================================================================
Received Import Request.
  Time since last request: 3.091365 seconds.
  path: Assets/Art/Characters/03 Taels/TaelsTrail.mat
  importAddress: Guid(0949736aaab96bc4396ffff86bb87475) Importer(815301076,1909f56bfc062723c751e8b465ee728b)
Start importing Assets/Art/Characters/03 Taels/TaelsTrail.mat using Guid(0949736aaab96bc4396ffff86bb87475) Importer(815301076,1909f56bfc062723c751e8b465ee728b) (PreviewImporter) -> (Import Result ID: '50d631da3d4794a0697066512dcc1e2b') in 0.0191667 seconds [static and dynamic dependencies]. Details - ImportResultOutputID=4b5658386ca8976bf93a489ee2cb5045 DependenciesID=19fe10197401d42fb3884f1bb9c04aff StaticDependenciesID=dac8f97d511769ae2a0f7fcb8a620d23 
Number of updated asset objects reloaded before import = 0Number of asset objects unloaded after import = 3

========================================================================
Received Import Request.
  Time since last request: 23.883570 seconds.
  path: Assets/Art/Characters/00 Unknown Ball/UnknownBallTrail.mat
  importAddress: Guid(efc6b24a6d0905c4fb80495380c97b60) Importer(815301076,1909f56bfc062723c751e8b465ee728b)
Start importing Assets/Art/Characters/00 Unknown Ball/UnknownBallTrail.mat using Guid(efc6b24a6d0905c4fb80495380c97b60) Importer(815301076,1909f56bfc062723c751e8b465ee728b) (PreviewImporter) -> (Import Result ID: 'bb291395ac19a8b5a317a9d47bec558d') in 0.0217721 seconds [static and dynamic dependencies]. Details - ImportResultOutputID=61b7d44759141e31bb941d547b995a7a DependenciesID=acffaab2f92d3a7cb57c3ebaaaffbef4 StaticDependenciesID=764cc75965ccce75eb3e8333ff23de98 
Number of updated asset objects reloaded before import = 0Number of asset objects unloaded after import = 3

========================================================================
Received Import Request.
  Time since last request: 4.375964 seconds.
  path: Assets/Art/Characters/04 Ame Roes/Ame.mat
  importAddress: Guid(30ed8fef8e5a5e040b1080929a0c776b) Importer(815301076,1909f56bfc062723c751e8b465ee728b)
Start importing Assets/Art/Characters/04 Ame Roes/Ame.mat using Guid(30ed8fef8e5a5e040b1080929a0c776b) Importer(815301076,1909f56bfc062723c751e8b465ee728b) (PreviewImporter) -> (Import Result ID: '97738f566edbc2c341a427bb415789d8') in 0.0271696 seconds [static and dynamic dependencies]. Details - ImportResultOutputID=faa4cbe50d04aea9daf30cf2c8772a1e DependenciesID=53df130470368f535e45c801882cb17e StaticDependenciesID=c56d0fb1821bbff602fcfe416e4b0d16 
Number of updated asset objects reloaded before import = 0Number of asset objects unloaded after import = 2

========================================================================
Received Import Request.
  Time since last request: 78.388155 seconds.
  path: Assets/Art/Characters/04 Ame Roes/AmeTrail.mat
  importAddress: Guid(6e8b0c669d7576e4797a925dfac8b219) Importer(815301076,1909f56bfc062723c751e8b465ee728b)
Start importing Assets/Art/Characters/04 Ame Roes/AmeTrail.mat using Guid(6e8b0c669d7576e4797a925dfac8b219) Importer(815301076,1909f56bfc062723c751e8b465ee728b) (PreviewImporter) -> (Import Result ID: '036ce8b2c9ef0f90ef4674728e168bb7') in 0.0201212 seconds [static and dynamic dependencies]. Details - ImportResultOutputID=6887a76980e9d13f6ae281a6c36cc473 DependenciesID=a3392ae89ed7940a058c0029b1474e38 StaticDependenciesID=4193252e64385ec7049370ae3bbd87c5 
Number of updated asset objects reloaded before import = 0Number of asset objects unloaded after import = 3

========================================================================
Received Import Request.
  Time since last request: 82.570488 seconds.
  path: Assets/Art/Characters/05 Shedew
  importAddress: Guid(f3fc9b34c0f1267499ad5e688cc9457a) Importer(815301076,1909f56bfc062723c751e8b465ee728b)
Start importing Assets/Art/Characters/05 Shedew using Guid(f3fc9b34c0f1267499ad5e688cc9457a) Importer(815301076,1909f56bfc062723c751e8b465ee728b) (PreviewImporter) -> (Import Result ID: '142ae162bcc365dee75fdada60468a12') in 0.0012936 seconds [static and dynamic dependencies]. Details - ImportResultOutputID=8d72a0920e67a90c3af3c6d618b841ae DependenciesID=f9c90b847ae2aad0ff415014631a1c6f StaticDependenciesID=c5c084432c67ddc65f8ab792913dd35b 
Number of updated asset objects reloaded before import = 0Number of asset objects unloaded after import = 0

========================================================================
Received Import Request.
  Time since last request: 0.000023 seconds.
  path: Assets/Art/Characters/05 Shedew/Shedew.mat
  importAddress: Guid(5d66e63183aa4cf4882213543bfb2a52) Importer(815301076,1909f56bfc062723c751e8b465ee728b)
Start importing Assets/Art/Characters/05 Shedew/Shedew.mat using Guid(5d66e63183aa4cf4882213543bfb2a52) Importer(815301076,1909f56bfc062723c751e8b465ee728b) (PreviewImporter) -> (Import Result ID: '8abb9b9fe400ee4c3d60b21358cd3b84') in 0.0321305 seconds [static and dynamic dependencies]. Details - ImportResultOutputID=0811e4b793fa19c8d4edf4fba8f1f4f4 DependenciesID=cdeb48c83c08f38455f787cae1035ae1 StaticDependenciesID=a72d6ab1c2c6954127c8ad82a1fba50f 
Number of updated asset objects reloaded before import = 0Number of asset objects unloaded after import = 2

========================================================================
Received Import Request.
  Time since last request: 26.987806 seconds.
  path: Assets/Art/Characters/05 Shedew/ShedewTrail.mat
  importAddress: Guid(9995308e30b92084cbeaab794dc8358c) Importer(815301076,1909f56bfc062723c751e8b465ee728b)
Start importing Assets/Art/Characters/05 Shedew/ShedewTrail.mat using Guid(9995308e30b92084cbeaab794dc8358c) Importer(815301076,1909f56bfc062723c751e8b465ee728b) (PreviewImporter) -> (Import Result ID: '27906d6d348d3b86e7586199b433d320') in 0.0174252 seconds [static and dynamic dependencies]. Details - ImportResultOutputID=a6296f535907f86db142222273471fcd DependenciesID=b14cf6c2664cb59131971da26f1c9dcc StaticDependenciesID=4cfab1170bb1f8c39e3eddee20685b71 
Number of updated asset objects reloaded before import = 0Number of asset objects unloaded after import = 3

========================================================================
Received Import Request.
  Time since last request: 5.829196 seconds.
  path: Assets/Art/Characters/06 Roge da Bat
  importAddress: Guid(fbdf0994b13c1df4d91a121498b9559d) Importer(815301076,1909f56bfc062723c751e8b465ee728b)
Start importing Assets/Art/Characters/06 Roge da Bat using Guid(fbdf0994b13c1df4d91a121498b9559d) Importer(815301076,1909f56bfc062723c751e8b465ee728b) (PreviewImporter) -> (Import Result ID: '58d1a8de0c7ceecfb07b284d361de5c2') in 0.0009008 seconds [static and dynamic dependencies]. Details - ImportResultOutputID=17332bdbe750a664da4e2de0b24c8600 DependenciesID=03ec4fc3e3be02098e8e26d5771fb60a StaticDependenciesID=8ccc5f38f52a62920eb93a3df468be78 
Number of updated asset objects reloaded before import = 0Number of asset objects unloaded after import = 0

========================================================================
Received Import Request.
  Time since last request: 3.339936 seconds.
  path: Assets/Art/Characters/06 Roge da Bat/Roge.mat
  importAddress: Guid(4409cf1e088daae478a2382db954b2d2) Importer(815301076,1909f56bfc062723c751e8b465ee728b)
Start importing Assets/Art/Characters/06 Roge da Bat/Roge.mat using Guid(4409cf1e088daae478a2382db954b2d2) Importer(815301076,1909f56bfc062723c751e8b465ee728b) (PreviewImporter) -> (Import Result ID: '40f625e79f60ae094749018eb8bb696d') in 0.0252615 seconds [static and dynamic dependencies]. Details - ImportResultOutputID=07f9f3b60503479e0438cc3916445592 DependenciesID=9f4f6c4c4b915008b9d40865105db09e StaticDependenciesID=fab687ce61f8d1d9cd69ad9ef9957737 
Number of updated asset objects reloaded before import = 0Number of asset objects unloaded after import = 2

========================================================================
Received Import Request.
  Time since last request: 20.750992 seconds.
  path: Assets/Art/Characters/06 Roge da Bat/RogeTrail.mat
  importAddress: Guid(7272ba08fed4b044f86525c129f421f7) Importer(815301076,1909f56bfc062723c751e8b465ee728b)
Start importing Assets/Art/Characters/06 Roge da Bat/RogeTrail.mat using Guid(7272ba08fed4b044f86525c129f421f7) Importer(815301076,1909f56bfc062723c751e8b465ee728b) (PreviewImporter) -> (Import Result ID: '76482c0b0e5becca4ed1a799a2389dc5') in 0.0160932 seconds [static and dynamic dependencies]. Details - ImportResultOutputID=55a6643f74f24e25f4e6ffe08e46939a DependenciesID=f1ca83fa58303c3ed94e3f3627b3503e StaticDependenciesID=df63497829113874578586e31661bc5a 
Number of updated asset objects reloaded before import = 0Number of asset objects unloaded after import = 3

========================================================================
Received Import Request.
  Time since last request: 43.483415 seconds.
  path: Assets/Art/Characters/07 Asspio/AsspioTrail.mat
  importAddress: Guid(5eb3bbf05aefbd44593b0b15905804a5) Importer(815301076,1909f56bfc062723c751e8b465ee728b)
Start importing Assets/Art/Characters/07 Asspio/AsspioTrail.mat using Guid(5eb3bbf05aefbd44593b0b15905804a5) Importer(815301076,1909f56bfc062723c751e8b465ee728b) (PreviewImporter) -> (Import Result ID: '413bf6a6e0879dc767358b8187b86fe3') in 0.0185834 seconds [static and dynamic dependencies]. Details - ImportResultOutputID=cad84c645593373e88042247eb14c238 DependenciesID=2980052dd074144c349099041b6ebe24 StaticDependenciesID=acc8398f325ff22a5f59a301c5847a70 
Number of updated asset objects reloaded before import = 0Number of asset objects unloaded after import = 3

========================================================================
Received Import Request.
  Time since last request: 3.860172 seconds.
  path: Assets/Art/Characters/08 Big da Cat
  importAddress: Guid(9937ab8e691969d4fbe534a7c6f9f0c0) Importer(815301076,1909f56bfc062723c751e8b465ee728b)
Start importing Assets/Art/Characters/08 Big da Cat using Guid(9937ab8e691969d4fbe534a7c6f9f0c0) Importer(815301076,1909f56bfc062723c751e8b465ee728b) (PreviewImporter) -> (Import Result ID: '49a9d9627a061423e6356cbe7b46ec51') in 0.0009843 seconds [static and dynamic dependencies]. Details - ImportResultOutputID=d154463768176f8c091907dc918b285e DependenciesID=767f3bec7dae13961bcd02448e460063 StaticDependenciesID=fcd6de61d53b968532b62b86a8315fe2 
Number of updated asset objects reloaded before import = 0Number of asset objects unloaded after import = 0

========================================================================
Received Import Request.
  Time since last request: 0.000023 seconds.
  path: Assets/Art/Characters/08 Big da Cat/Big.mat
  importAddress: Guid(2c887576be9cb3946b21daf53b2d674d) Importer(815301076,1909f56bfc062723c751e8b465ee728b)
Start importing Assets/Art/Characters/08 Big da Cat/Big.mat using Guid(2c887576be9cb3946b21daf53b2d674d) Importer(815301076,1909f56bfc062723c751e8b465ee728b) (PreviewImporter) -> (Import Result ID: '70716ce10ef627af670ba0ed154d1efc') in 0.0288541 seconds [static and dynamic dependencies]. Details - ImportResultOutputID=efc3aa7438781edbe3bca4d7785d3eff DependenciesID=b134c5fe2b53b434e9f48dad09344a6b StaticDependenciesID=0e2ae75fdc979504e9a161106fa59bcb 
Number of updated asset objects reloaded before import = 0Number of asset objects unloaded after import = 2

========================================================================
Received Import Request.
  Time since last request: 12.197237 seconds.
  path: Assets/Art/Characters/Trail textures
  importAddress: Guid(ed58f21a71d53024085dea8e30710f8e) Importer(815301076,1909f56bfc062723c751e8b465ee728b)
Start importing Assets/Art/Characters/Trail textures using Guid(ed58f21a71d53024085dea8e30710f8e) Importer(815301076,1909f56bfc062723c751e8b465ee728b) (PreviewImporter) -> (Import Result ID: '4f535a0b2f5b9387dc599f32081b40d2') in 0.0008121 seconds [static and dynamic dependencies]. Details - ImportResultOutputID=3b8d4a1441081400c641c38e03a29600 DependenciesID=a79195f48baf1d8edf6416d2d64d090e StaticDependenciesID=9ffcd5dbc9e867951ff3adae8a9f1842 
Number of updated asset objects reloaded before import = 0Number of asset objects unloaded after import = 0

========================================================================
Received Import Request.
  Time since last request: 32.049588 seconds.
  path: Assets/Art/Characters/08 Big da Cat/BigTrail.mat
  importAddress: Guid(650514d43ae140a4b93e052e528540b4) Importer(815301076,1909f56bfc062723c751e8b465ee728b)
Start importing Assets/Art/Characters/08 Big da Cat/BigTrail.mat using Guid(650514d43ae140a4b93e052e528540b4) Importer(815301076,1909f56bfc062723c751e8b465ee728b) (PreviewImporter) -> (Import Result ID: '865bd32f21e9e907dee35a0cfb5f5105') in 0.0208857 seconds [static and dynamic dependencies]. Details - ImportResultOutputID=6644d2f6e19e3cae11eb040460357ec1 DependenciesID=b672fdc1ea0240b5d15f2e0fa19dcff5 StaticDependenciesID=0562cf81e6fe37449f9018af7f251907 
Number of updated asset objects reloaded before import = 0Number of asset objects unloaded after import = 3

========================================================================
Received Import Request.
  Time since last request: 22.293845 seconds.
  path: Assets/Art/Characters/09 Dr Aggmen
  importAddress: Guid(ad0e8d81085a7e3408f82d61ee4fc4e2) Importer(815301076,1909f56bfc062723c751e8b465ee728b)
Start importing Assets/Art/Characters/09 Dr Aggmen using Guid(ad0e8d81085a7e3408f82d61ee4fc4e2) Importer(815301076,1909f56bfc062723c751e8b465ee728b) (PreviewImporter) -> (Import Result ID: '0c604da6ddf5f6b5cee93c99a62d6687') in 0.0010523 seconds [static and dynamic dependencies]. Details - ImportResultOutputID=3cc2cfeca60e819931d7c88601661cbc DependenciesID=a45ec4fc73296ccc06b2b2d2d1d5c049 StaticDependenciesID=3a52c200862b7f6790dc628fd5c67814 
Number of updated asset objects reloaded before import = 0Number of asset objects unloaded after import = 0

========================================================================
Received Import Request.
  Time since last request: 0.000022 seconds.
  path: Assets/Art/Characters/09 Dr Aggmen/Aggmen.fbx
  importAddress: Guid(f7e58024306f668428fe7ffa6a2cc208) Importer(815301076,1909f56bfc062723c751e8b465ee728b)
Start importing Assets/Art/Characters/09 Dr Aggmen/Aggmen.fbx using Guid(f7e58024306f668428fe7ffa6a2cc208) Importer(815301076,1909f56bfc062723c751e8b465ee728b) (PreviewImporter) -> (Import Result ID: 'ca7b927c5f078e94d3a44c8bfb9f02d5') in 0.0490112 seconds [static and dynamic dependencies]. Details - ImportResultOutputID=4b79375ef4db3f75f14ae19e37c64005 DependenciesID=bd750a757af0899884f3ed9727c48f7e StaticDependenciesID=1d9ef9885df85d85e81e782e3745a58b 
Number of updated asset objects reloaded before import = 0Number of asset objects unloaded after import = 7

========================================================================
Received Import Request.
  Time since last request: 1.278982 seconds.
  path: Assets/Art/Characters/09 Dr Aggmen/AggmenCollision.fbm
  importAddress: Guid(68b7e724af138c8418c5b0e028a3a60f) Importer(815301076,1909f56bfc062723c751e8b465ee728b)
Start importing Assets/Art/Characters/09 Dr Aggmen/AggmenCollision.fbm using Guid(68b7e724af138c8418c5b0e028a3a60f) Importer(815301076,1909f56bfc062723c751e8b465ee728b) (PreviewImporter) -> (Import Result ID: 'e0d44c430565b2d3ff90f1ace283113f') in 0.0007934 seconds [static and dynamic dependencies]. Details - ImportResultOutputID=cc589538bc85edfe3c93497ab72f22e7 DependenciesID=5195b5218ef142a1ff9056ac697c4c5b StaticDependenciesID=71fbfd7a598a79b6695624e249901a49 
Number of updated asset objects reloaded before import = 0Number of asset objects unloaded after import = 0

========================================================================
Received Import Request.
  Time since last request: 0.789650 seconds.
  path: Assets/Art/Characters/09 Dr Aggmen/Aggmen.fbm
  importAddress: Guid(1647c3b5b13ceda41b848b9161962944) Importer(815301076,1909f56bfc062723c751e8b465ee728b)
Start importing Assets/Art/Characters/09 Dr Aggmen/Aggmen.fbm using Guid(1647c3b5b13ceda41b848b9161962944) Importer(815301076,1909f56bfc062723c751e8b465ee728b) (PreviewImporter) -> (Import Result ID: '48c086b962dc041b6a525add590abff8') in 0.0011656 seconds [static and dynamic dependencies]. Details - ImportResultOutputID=a2cb8ae8831f92ef760c156fa0590892 DependenciesID=8ae4c33c4f9f29216402099493bbc117 StaticDependenciesID=4fd4268ee05bac3e112bac4cba43283e 
Number of updated asset objects reloaded before import = 0Number of asset objects unloaded after import = 0

========================================================================
Received Import Request.
  Time since last request: 44.879874 seconds.
  path: Assets/Art/Characters/09 Dr Aggmen/AggmenTrail.mat
  importAddress: Guid(701830a908a9cb248b59a019e7a2eea0) Importer(815301076,1909f56bfc062723c751e8b465ee728b)
Start importing Assets/Art/Characters/09 Dr Aggmen/AggmenTrail.mat using Guid(701830a908a9cb248b59a019e7a2eea0) Importer(815301076,1909f56bfc062723c751e8b465ee728b) (PreviewImporter) -> (Import Result ID: 'e27b6d501d3aea446b88128e0b4819a8') in 0.0192714 seconds [static and dynamic dependencies]. Details - ImportResultOutputID=25917eda51fe6fd6820d6c6642673e63 DependenciesID=fdc870b6d28ebaadb4a67b8aca5bb354 StaticDependenciesID=0cbe23f5682b52cd251c73ec4d1423e0 
Number of updated asset objects reloaded before import = 0Number of asset objects unloaded after import = 3

========================================================================
Received Prepare
Begin MonoManager ReloadAssembly
[Licensing::Client] Successfully resolved entitlement details
[Licensing::Module] License group:
  Id: F4-MESN-GUW7-62D3-FRZW-XXXX
  Product: Unity Personal
  Type: ULF
  Expiration: Unlimited
[Licensing::Module] License group:
  Id: 9071283907225-UnityPersXXXX
  Product: Unity Personal
  Type: Assigned
  Expiration: Unlimited
Duplicate assembly 'Newtonsoft.Json.dll' with different versions detected, using 'Packages/com.unity.nuget.newtonsoft-json/Runtime/Newtonsoft.Json.dll, AssemblyName=Newtonsoft.Json, Version=13.0.0.0, Culture=neutral, PublicKeyToken=30ad4fe6b2a6aeed' and ignoring 'Assets/Assemblies/Newtonsoft.Json.dll, AssemblyName=Newtonsoft.Json, Version=6.0.0.0, Culture=neutral, PublicKeyToken=30ad4fe6b2a6aeed'.Assembly Assembly-CSharp-Editor-firstpass.dll at Library/ScriptAssemblies/Assembly-CSharp-Editor-firstpass.dll not valid. Loading of assembly skipped.
Assembly DocCodeExamples.dll at Library/ScriptAssemblies/DocCodeExamples.dll not valid. Loading of assembly skipped.
Assembly TestNewCustomAssembly.dll at Library/ScriptAssemblies/TestNewCustomAssembly.dll not valid. Loading of assembly skipped.
Assembly Unity.2D.Sprite.Package.EditorTests.dll at Library/ScriptAssemblies/Unity.2D.Sprite.Package.EditorTests.dll not valid. Loading of assembly skipped.
Assembly Unity.2D.Tilemap.Package.EditorTests.dll at Library/ScriptAssemblies/Unity.2D.Tilemap.Package.EditorTests.dll not valid. Loading of assembly skipped.
Assembly Unity.Analytics.DataPrivacy.Tests.dll at Library/ScriptAssemblies/Unity.Analytics.DataPrivacy.Tests.dll not valid. Loading of assembly skipped.
Assembly Unity.Analytics.StandardEvents.EditorTests.dll at Library/ScriptAssemblies/Unity.Analytics.StandardEvents.EditorTests.dll not valid. Loading of assembly skipped.
Assembly Unity.Collections.BurstCompatibilityGen.dll at Library/ScriptAssemblies/Unity.Collections.BurstCompatibilityGen.dll not valid. Loading of assembly skipped.
Assembly Unity.Collections.DocCodeSamples.dll at Library/ScriptAssemblies/Unity.Collections.DocCodeSamples.dll not valid. Loading of assembly skipped.
Assembly Unity.Collections.PerformanceTests.dll at Library/ScriptAssemblies/Unity.Collections.PerformanceTests.dll not valid. Loading of assembly skipped.
Assembly Unity.Collections.Tests.dll at Library/ScriptAssemblies/Unity.Collections.Tests.dll not valid. Loading of assembly skipped.
Assembly Unity.Collections.Tests.Playmode.dll at Library/ScriptAssemblies/Unity.Collections.Tests.Playmode.dll not valid. Loading of assembly skipped.
Assembly Unity.Mathematics.Tests.dll at Library/ScriptAssemblies/Unity.Mathematics.Tests.dll not valid. Loading of assembly skipped.
Assembly Unity.Multiplayer.Center.Editor.Tests.dll at Library/ScriptAssemblies/Unity.Multiplayer.Center.Editor.Tests.dll not valid. Loading of assembly skipped.
Assembly Unity.Multiplayer.Center.Tests.dll at Library/ScriptAssemblies/Unity.Multiplayer.Center.Tests.dll not valid. Loading of assembly skipped.
Assembly Unity.Nuget.Mono-Cecil.dll at Library/ScriptAssemblies/Unity.Nuget.Mono-Cecil.dll not valid. Loading of assembly skipped.
Assembly Unity.PathTracing.Editor.Tests.dll at Library/ScriptAssemblies/Unity.PathTracing.Editor.Tests.dll not valid. Loading of assembly skipped.
Assembly Unity.PathTracing.Runtime.Tests.dll at Library/ScriptAssemblies/Unity.PathTracing.Runtime.Tests.dll not valid. Loading of assembly skipped.
Assembly Unity.RenderPipelines.Core.Editor.Tests.dll at Library/ScriptAssemblies/Unity.RenderPipelines.Core.Editor.Tests.dll not valid. Loading of assembly skipped.
Assembly Unity.RenderPipelines.Core.Runtime.Tests.dll at Library/ScriptAssemblies/Unity.RenderPipelines.Core.Runtime.Tests.dll not valid. Loading of assembly skipped.
Assembly Unity.RenderPipelines.Universal.Config.Editor.Tests.dll at Library/ScriptAssemblies/Unity.RenderPipelines.Universal.Config.Editor.Tests.dll not valid. Loading of assembly skipped.
Assembly Unity.RenderPipelines.Universal.Editor.Tests.dll at Library/ScriptAssemblies/Unity.RenderPipelines.Universal.Editor.Tests.dll not valid. Loading of assembly skipped.
Assembly Unity.RenderPipelines.Universal.Runtime.Tests.dll at Library/ScriptAssemblies/Unity.RenderPipelines.Universal.Runtime.Tests.dll not valid. Loading of assembly skipped.
Assembly Unity.Searcher.EditorTests.dll at Library/ScriptAssemblies/Unity.Searcher.EditorTests.dll not valid. Loading of assembly skipped.
Assembly Unity.ShaderGraph.Editor.Tests.dll at Library/ScriptAssemblies/Unity.ShaderGraph.Editor.Tests.dll not valid. Loading of assembly skipped.
Assembly Unity.TextMeshPro.Editor.Tests.dll at Library/ScriptAssemblies/Unity.TextMeshPro.Editor.Tests.dll not valid. Loading of assembly skipped.
Assembly Unity.TextMeshPro.Tests.dll at Library/ScriptAssemblies/Unity.TextMeshPro.Tests.dll not valid. Loading of assembly skipped.
Assembly Unity.UnifiedRayTracing.Editor.Tests.dll at Library/ScriptAssemblies/Unity.UnifiedRayTracing.Editor.Tests.dll not valid. Loading of assembly skipped.
Assembly UnityEditor.UI.Common.Tests.dll at Library/ScriptAssemblies/UnityEditor.UI.Common.Tests.dll not valid. Loading of assembly skipped.
Assembly UnityEditor.UI.EditorTests.dll at Library/ScriptAssemblies/UnityEditor.UI.EditorTests.dll not valid. Loading of assembly skipped.
Assembly UnityEditor.XR.LegacyInputHelpers.Tests.dll at Library/ScriptAssemblies/UnityEditor.XR.LegacyInputHelpers.Tests.dll not valid. Loading of assembly skipped.
Assembly UnityEngine.Advertisements.Editor.Tests.dll at Library/ScriptAssemblies/UnityEngine.Advertisements.Editor.Tests.dll not valid. Loading of assembly skipped.
Assembly UnityEngine.Advertisements.Tests.dll at Library/ScriptAssemblies/UnityEngine.Advertisements.Tests.dll not valid. Loading of assembly skipped.
Assembly UnityEngine.Purchasing.Apple.dll at Library/ScriptAssemblies/UnityEngine.Purchasing.Apple.dll not valid. Loading of assembly skipped.
Assembly UnityEngine.Purchasing.AppleMacos.dll at Library/ScriptAssemblies/UnityEngine.Purchasing.AppleMacos.dll not valid. Loading of assembly skipped.
Assembly UnityEngine.Purchasing.Security.dll at Library/ScriptAssemblies/UnityEngine.Purchasing.Security.dll not valid. Loading of assembly skipped.
Assembly UnityEngine.Purchasing.WinRT.dll at Library/ScriptAssemblies/UnityEngine.Purchasing.WinRT.dll not valid. Loading of assembly skipped.
Assembly UnityEngine.SpatialTracking.Tests.dll at Library/ScriptAssemblies/UnityEngine.SpatialTracking.Tests.dll not valid. Loading of assembly skipped.
Assembly UnityEngine.UI.Tests.dll at Library/ScriptAssemblies/UnityEngine.UI.Tests.dll not valid. Loading of assembly skipped.
Symbol file LoadedFromMemory is not a mono symbol file
OnLevelWasLoaded was found on MatchManager
This message has been deprecated and will be removed in a later version of Unity.
Add a delegate to SceneManager.sceneLoaded instead to get notifications after scene loading has completed
Refreshing native plugins compatible for Editor in 7.07 ms, found 2 plugins.
OnLevelWasLoaded was found on MatchManager
This message has been deprecated and will be removed in a later version of Unity.
Add a delegate to SceneManager.sceneLoaded instead to get notifications after scene loading has completed
Native extension for Android target not found
Native extension for WindowsStandalone target not found
[Package Manager] Failed to launch server process. Reason: Unity was launched with the -noUpm command-line argument
[Package Manager] Unable to send message (not connected to server process).
[Package Manager] Cannot connect to Unity Package Manager local server
[Package Manager] Failed to launch server process. Reason: Unity was launched with the -noUpm command-line argument
[Package Manager] Unable to send message (not connected to server process).
[Package Manager] Cannot connect to Unity Package Manager local server
ScheduleIndexationOnStartup MainProcess:False IndexOnStartup:True
Mono: successfully reloaded assembly
- Finished resetting the current domain, in  1.153 seconds
Domain Reload Profiling: 2177ms
	BeginReloadAssembly (298ms)
		DisableScriptedObjects (40ms)
		CreateAndSetChildDomain (66ms)
	RebuildCommonClasses (47ms)
	RebuildNativeTypeToScriptingClass (16ms)
	initialDomainReloadingComplete (75ms)
	LoadAllAssembliesAndSetupDomain (588ms)
		LoadAssemblies (466ms)
		AnalyzeDomain (242ms)
			TypeCache.Refresh (7ms)
			BuildScriptInfoCaches (212ms)
			ResolveRequiredComponents (21ms)
	FinalizeReload (1153ms)
		SetupLoadedEditorAssemblies (0ms)
			InitializePlatformSupportModulesInManaged (11ms)
			BeforeProcessingInitializeOnLoad (173ms)
			ProcessInitializeOnLoadAttributes (309ms)
			ProcessInitializeOnLoadMethodAttributes (412ms)
			AfterProcessingInitializeOnLoad (3ms)
		AwakeInstancesAfterBackupRestoration (29ms)
Refreshing native plugins compatible for Editor in 9.41 ms, found 2 plugins.
Unloading 24 Unused Serialized files (Serialized files now loaded: 0)
Unloading 5652 unused Assets / (5.3 MB). Loaded Objects now: 6757.
Memory consumption went from 185.0 MB to 179.6 MB.
Total: 19.673900 ms (FindLiveObjects: 1.052200 ms CreateObjectMapping: 0.858400 ms MarkObjects: 14.242600 ms  DeleteObjects: 3.519000 ms)

Prepare: number of updated asset objects reloaded= 0
========================================================================
Received Import Request.
  Time since last request: 139.793907 seconds.
  path: Assets/Art/Characters/10 Chermy Bee
  importAddress: Guid(3c7c9dace6477bc47bce285578371065) Importer(815301076,1909f56bfc062723c751e8b465ee728b)
Start importing Assets/Art/Characters/10 Chermy Bee using Guid(3c7c9dace6477bc47bce285578371065) Importer(815301076,1909f56bfc062723c751e8b465ee728b) (PreviewImporter) -> (Import Result ID: '6940d184ed074187e509357d72961507') in 0.0032108 seconds [static and dynamic dependencies]. Details - ImportResultOutputID=785a3569d5f9c3e1bb8bd884f2dc8339 DependenciesID=df82c155a1a0ae6f5a50b59907e67b75 StaticDependenciesID=fbdb8848c9ec25b3192c40e58a833736 
Number of updated asset objects reloaded before import = 0Number of asset objects unloaded after import = 0

========================================================================
Received Import Request.
  Time since last request: 0.000023 seconds.
  path: Assets/Art/Characters/10 Chermy Bee/Chermy.mat
  importAddress: Guid(b1d42e999a8f60746831e0a43b2ca2cd) Importer(815301076,1909f56bfc062723c751e8b465ee728b)
Start importing Assets/Art/Characters/10 Chermy Bee/Chermy.mat using Guid(b1d42e999a8f60746831e0a43b2ca2cd) Importer(815301076,1909f56bfc062723c751e8b465ee728b) (PreviewImporter) -> (Import Result ID: '7757a3182ff980e3652b57f8c811c4ee') in 0.4750009 seconds [static and dynamic dependencies]. Details - ImportResultOutputID=d1b1d0fe60a7fdb6ed2ca91048ee3fc3 DependenciesID=f3a3d9446187010a89447135214f4bb3 StaticDependenciesID=945779cb21b9327e5ef659d96c9e98b9 
Number of updated asset objects reloaded before import = 0Number of asset objects unloaded after import = 3

========================================================================
Received Import Request.
  Time since last request: 40.962674 seconds.
  path: Assets/Art/Characters/10 Chermy Bee/ChermyTrail.mat
  importAddress: Guid(d348cbd91db4faa469bc61c9532a39c9) Importer(815301076,1909f56bfc062723c751e8b465ee728b)
Start importing Assets/Art/Characters/10 Chermy Bee/ChermyTrail.mat using Guid(d348cbd91db4faa469bc61c9532a39c9) Importer(815301076,1909f56bfc062723c751e8b465ee728b) (PreviewImporter) -> (Import Result ID: 'aae364fc6413d87c4aaf26e9531ee782') in 0.0200408 seconds [static and dynamic dependencies]. Details - ImportResultOutputID=fa77fd2e41eb6082b01d3bed9d11cec1 DependenciesID=e43abe699cab929559544965c6a1dabc StaticDependenciesID=459d75a49e997a0c4d33b708a46e2599 
Number of updated asset objects reloaded before import = 0Number of asset objects unloaded after import = 2

========================================================================
Received Import Request.
  Time since last request: 4.643847 seconds.
  path: Assets/Art/Characters/11 Sulver
  importAddress: Guid(646762753d726224a990b9176f7e3dbf) Importer(815301076,1909f56bfc062723c751e8b465ee728b)
Start importing Assets/Art/Characters/11 Sulver using Guid(646762753d726224a990b9176f7e3dbf) Importer(815301076,1909f56bfc062723c751e8b465ee728b) (PreviewImporter) -> (Import Result ID: 'be556dda8f0b77c742cc592c722b1bac') in 0.0008613 seconds [static and dynamic dependencies]. Details - ImportResultOutputID=65c72369bfc548915d5f8e942380c06b DependenciesID=e352904f064b7d5cd11c97c32636848a StaticDependenciesID=c8c581d5eb0999a132adce34d38aaba7 
Number of updated asset objects reloaded before import = 0Number of asset objects unloaded after import = 0

========================================================================
Received Import Request.
  Time since last request: 0.000026 seconds.
  path: Assets/Art/Characters/11 Sulver/Sulver.mat
  importAddress: Guid(04b217afe6f2b5049a4a352c657f5f9d) Importer(815301076,1909f56bfc062723c751e8b465ee728b)
Start importing Assets/Art/Characters/11 Sulver/Sulver.mat using Guid(04b217afe6f2b5049a4a352c657f5f9d) Importer(815301076,1909f56bfc062723c751e8b465ee728b) (PreviewImporter) -> (Import Result ID: '8f5ad0efefca3d42e28a0b7d71a227ea') in 0.0255011 seconds [static and dynamic dependencies]. Details - ImportResultOutputID=502bc67839d3d04cacabc60bab8168a6 DependenciesID=dcc8be64043b46b85d4bf60405f443c9 StaticDependenciesID=19334c2b899f39cdb994aeb68be2eed6 
Number of updated asset objects reloaded before import = 0Number of asset objects unloaded after import = 2

========================================================================
Received Import Request.
  Time since last request: 39.810224 seconds.
  path: Assets/Art/Characters/Effects
  importAddress: Guid(a10ff39e38f82bd43bf145c052e319dd) Importer(815301076,1909f56bfc062723c751e8b465ee728b)
Start importing Assets/Art/Characters/Effects using Guid(a10ff39e38f82bd43bf145c052e319dd) Importer(815301076,1909f56bfc062723c751e8b465ee728b) (PreviewImporter) -> (Import Result ID: '97aa61eb8e69b3375696720700624c53') in 0.001118 seconds [static and dynamic dependencies]. Details - ImportResultOutputID=966873797a49f2bf731d9a4811a34987 DependenciesID=2ce8c1aab607560201bacae74d326a3b StaticDependenciesID=dbb06cc5e5dfdd4613bffb052ea08ab9 
Number of updated asset objects reloaded before import = 0Number of asset objects unloaded after import = 0

========================================================================
Received Import Request.
  Time since last request: 4.118758 seconds.
  path: Assets/Art/Characters/11 Sulver/SulverTrail.mat
  importAddress: Guid(b4dbedd5a24e26d4e89f17161cbaf850) Importer(815301076,1909f56bfc062723c751e8b465ee728b)
Start importing Assets/Art/Characters/11 Sulver/SulverTrail.mat using Guid(b4dbedd5a24e26d4e89f17161cbaf850) Importer(815301076,1909f56bfc062723c751e8b465ee728b) (PreviewImporter) -> (Import Result ID: 'e0afb7f259b4f5080b39d3a2c9db7113') in 0.0226416 seconds [static and dynamic dependencies]. Details - ImportResultOutputID=2a204b87a24107c39cf20051c11a18c3 DependenciesID=0529d0f3291ad2516e4c374fd029bf34 StaticDependenciesID=d461d797cfc621b0928a724b12088e3a 
Number of updated asset objects reloaded before import = 0Number of asset objects unloaded after import = 3

========================================================================
Received Import Request.
  Time since last request: 59.129259 seconds.
  path: Assets/Art/Characters/13 Vactor/VactorTrail.mat
  importAddress: Guid(aeddd812ea4ea9a41ac427dfc4c5257d) Importer(815301076,1909f56bfc062723c751e8b465ee728b)
Start importing Assets/Art/Characters/13 Vactor/VactorTrail.mat using Guid(aeddd812ea4ea9a41ac427dfc4c5257d) Importer(815301076,1909f56bfc062723c751e8b465ee728b) (PreviewImporter) -> (Import Result ID: '6883a911ed99c21c91440baba0b37b0d') in 0.0189418 seconds [static and dynamic dependencies]. Details - ImportResultOutputID=92883eb9241ceb1b832c99ed859d71f9 DependenciesID=f778dafada53ac3f1c1550ec286f5f26 StaticDependenciesID=2d6ac7f5b422c1da8f0085775402147c 
Number of updated asset objects reloaded before import = 0Number of asset objects unloaded after import = 1

========================================================================
Received Import Request.
  Time since last request: 20.854716 seconds.
  path: Assets/Art/Characters/14 Metal Sanic/Materials
  importAddress: Guid(bb725c69e09e0cb40bae139f4a1a1cac) Importer(815301076,1909f56bfc062723c751e8b465ee728b)
Start importing Assets/Art/Characters/14 Metal Sanic/Materials using Guid(bb725c69e09e0cb40bae139f4a1a1cac) Importer(815301076,1909f56bfc062723c751e8b465ee728b) (PreviewImporter) -> (Import Result ID: 'ae0565c52cc857eb4711e7be34eedba3') in 0.0013277 seconds [static and dynamic dependencies]. Details - ImportResultOutputID=c94969cb69227bdbcb0b086c435b420a DependenciesID=92db58d637fa17412492c27230a63887 StaticDependenciesID=fd379b9c00d75d0eafd2f48d58291734 
Number of updated asset objects reloaded before import = 0Number of asset objects unloaded after import = 0

========================================================================
Received Import Request.
  Time since last request: 4.884574 seconds.
  path: Assets/Art/Characters/99 Super Sanic/SuperSanic.mat
  importAddress: Guid(ed9afe70cddfa64429bbcb920fa979f4) Importer(815301076,1909f56bfc062723c751e8b465ee728b)
Start importing Assets/Art/Characters/99 Super Sanic/SuperSanic.mat using Guid(ed9afe70cddfa64429bbcb920fa979f4) Importer(815301076,1909f56bfc062723c751e8b465ee728b) (PreviewImporter) -> (Import Result ID: '56157ea9673e519e6f4f7a2da7979f1f') in 0.0174389 seconds [static and dynamic dependencies]. Details - ImportResultOutputID=6d6861a515904ee6d985e1a91da3ca3e DependenciesID=b14843db27efbe3f6199531f72247a43 StaticDependenciesID=72e4d6ac326ab560dea8db29896fe865 
Number of updated asset objects reloaded before import = 0Number of asset objects unloaded after import = 2

========================================================================
Received Import Request.
  Time since last request: 40.710395 seconds.
  path: Assets/Art/Characters/99 Super Sanic/SuperSanicTrailMLG.mat
  importAddress: Guid(535ce71ad14791d40b6cbe98a2276283) Importer(815301076,1909f56bfc062723c751e8b465ee728b)
Start importing Assets/Art/Characters/99 Super Sanic/SuperSanicTrailMLG.mat using Guid(535ce71ad14791d40b6cbe98a2276283) Importer(815301076,1909f56bfc062723c751e8b465ee728b) (PreviewImporter) -> (Import Result ID: '832175478a94adec94826f1e6f24a37c') in 0.01813 seconds [static and dynamic dependencies]. Details - ImportResultOutputID=3affac1caaea548cb651a3c025a8aa73 DependenciesID=3070ebe015b722c6943ab0c596e54f2d StaticDependenciesID=1cca25f81a85d507e0c556b9325836cb 
Number of updated asset objects reloaded before import = 0Number of asset objects unloaded after import = 2

========================================================================
Received Import Request.
  Time since last request: 27.359429 seconds.
  path: Assets/Art/Debug
  importAddress: Guid(cbf8d3be990e7724588a498936a65027) Importer(815301076,1909f56bfc062723c751e8b465ee728b)
Start importing Assets/Art/Debug using Guid(cbf8d3be990e7724588a498936a65027) Importer(815301076,1909f56bfc062723c751e8b465ee728b) (PreviewImporter) -> (Import Result ID: '15fd08c985b77a37e85dc63b66d002e1') in 0.0007746 seconds [static and dynamic dependencies]. Details - ImportResultOutputID=310a2b1454bd802b32689387b5327586 DependenciesID=d4d64f9e8860de4561a2d3363261340c StaticDependenciesID=b739b74d106434116740947b712bbcf5 
Number of updated asset objects reloaded before import = 0Number of asset objects unloaded after import = 0

========================================================================
Received Import Request.
  Time since last request: 0.865765 seconds.
  path: Assets/Art/Debug/Materials
  importAddress: Guid(0e25971138bc9ae4b8e4e9913aade773) Importer(815301076,1909f56bfc062723c751e8b465ee728b)
Start importing Assets/Art/Debug/Materials using Guid(0e25971138bc9ae4b8e4e9913aade773) Importer(815301076,1909f56bfc062723c751e8b465ee728b) (PreviewImporter) -> (Import Result ID: 'e329bac61f5a09e08dfb2d5b4ebda078') in 0.0012893 seconds [static and dynamic dependencies]. Details - ImportResultOutputID=b3ca5b3278aeecae8f7010a2da0c1ff5 DependenciesID=570c5f64ccc2b0efafbdc61f9f601dd4 StaticDependenciesID=d9ee606d769374e43549157fff7b7727 
Number of updated asset objects reloaded before import = 0Number of asset objects unloaded after import = 0

========================================================================
Received Import Request.
  Time since last request: 0.000028 seconds.
  path: Assets/Art/Debug/Materials/DebugGrid.mat
  importAddress: Guid(a35282a321f0643489277339a3ec5243) Importer(815301076,1909f56bfc062723c751e8b465ee728b)
Start importing Assets/Art/Debug/Materials/DebugGrid.mat using Guid(a35282a321f0643489277339a3ec5243) Importer(815301076,1909f56bfc062723c751e8b465ee728b) (PreviewImporter) -> (Import Result ID: 'd5492c920dc4c6152f416ccd3c7eba43') in 0.0230918 seconds [static and dynamic dependencies]. Details - ImportResultOutputID=76ef07996b1a2d79d34229d1c48d8ae3 DependenciesID=c1bd37e175d24a1c45f71841204af11b StaticDependenciesID=2258cf2a4a55fe1c4a1097b7cbd908a0 
Number of updated asset objects reloaded before import = 0Number of asset objects unloaded after import = 2

========================================================================
Received Import Request.
  Time since last request: 1.831986 seconds.
  path: Assets/Art/Easter eggs
  importAddress: Guid(57a47f66f55d04e4a8cb2471c0507fe2) Importer(815301076,1909f56bfc062723c751e8b465ee728b)
Start importing Assets/Art/Easter eggs using Guid(57a47f66f55d04e4a8cb2471c0507fe2) Importer(815301076,1909f56bfc062723c751e8b465ee728b) (PreviewImporter) -> (Import Result ID: 'd1741117199c9737b3e44d458fb4d5de') in 0.0013198 seconds [static and dynamic dependencies]. Details - ImportResultOutputID=6bd06a7f8a67cd6cf1b4c6944337caa3 DependenciesID=1660628684a59f3f2dc6391559483ffd StaticDependenciesID=c9e845cc04cebb9a75d8f46125df50b7 
Number of updated asset objects reloaded before import = 0Number of asset objects unloaded after import = 0

========================================================================
Received Import Request.
  Time since last request: 0.809913 seconds.
  path: Assets/Art/Easter eggs/MLG Mode
  importAddress: Guid(802229d0b3a0a384b892898ca016941e) Importer(815301076,1909f56bfc062723c751e8b465ee728b)
Start importing Assets/Art/Easter eggs/MLG Mode using Guid(802229d0b3a0a384b892898ca016941e) Importer(815301076,1909f56bfc062723c751e8b465ee728b) (PreviewImporter) -> (Import Result ID: '1e9f5ec2846b91a587e8f30f55a79c24') in 0.0009873 seconds [static and dynamic dependencies]. Details - ImportResultOutputID=14e357af9d95d66975c762a1e4a55e20 DependenciesID=dae6e8da8b95b95964b670940b25fe06 StaticDependenciesID=8bb784af1cdb6ce95df022b45163be32 
Number of updated asset objects reloaded before import = 0Number of asset objects unloaded after import = 0

========================================================================
Received Import Request.
  Time since last request: 1.859159 seconds.
  path: Assets/Art/Easter eggs/MLG Mode/MlgOverlay.psd
  importAddress: Guid(184399b6574d511458f1ddff79c33462) Importer(815301076,1909f56bfc062723c751e8b465ee728b)
Start importing Assets/Art/Easter eggs/MLG Mode/MlgOverlay.psd using Guid(184399b6574d511458f1ddff79c33462) Importer(815301076,1909f56bfc062723c751e8b465ee728b) (PreviewImporter) -> (Import Result ID: 'a3350fb5e71ce98a769151adbd19302c') in 0.024335 seconds [static and dynamic dependencies]. Details - ImportResultOutputID=f43553e5d52d523929d1c7c9eb404467 DependenciesID=00f84f3c130b86348e660bd1bafa86d1 StaticDependenciesID=68cb8a60c0149e6440cb731173a1ee29 
Number of updated asset objects reloaded before import = 0Number of asset objects unloaded after import = 2

========================================================================
Received Import Request.
  Time since last request: 2.866988 seconds.
  path: Assets/Art/Partcles
  importAddress: Guid(fcfddd364fa12dc4a9a5308d370b7035) Importer(815301076,1909f56bfc062723c751e8b465ee728b)
Start importing Assets/Art/Partcles using Guid(fcfddd364fa12dc4a9a5308d370b7035) Importer(815301076,1909f56bfc062723c751e8b465ee728b) (PreviewImporter) -> (Import Result ID: '2cbf2d89c55f08195ae0c90824302997') in 0.001093 seconds [static and dynamic dependencies]. Details - ImportResultOutputID=caaf6cee4de47fbbb4c5fecf3e0c1174 DependenciesID=4d1b5b36fb67a435f9c5509c078c303e StaticDependenciesID=586b80fea189916a7ec45be384c2081e 
Number of updated asset objects reloaded before import = 0Number of asset objects unloaded after import = 0

========================================================================
Received Import Request.
  Time since last request: 0.697733 seconds.
  path: Assets/Art/Partcles/Materials
  importAddress: Guid(87766d52c859cfe43b3b95c8ede866d4) Importer(815301076,1909f56bfc062723c751e8b465ee728b)
Start importing Assets/Art/Partcles/Materials using Guid(87766d52c859cfe43b3b95c8ede866d4) Importer(815301076,1909f56bfc062723c751e8b465ee728b) (PreviewImporter) -> (Import Result ID: '9c1402147851dd11ba699d6ec9084bd9') in 0.0008741 seconds [static and dynamic dependencies]. Details - ImportResultOutputID=de13f1c525f96b8da222bfa1dc6d6e49 DependenciesID=966661aa637419714b50627256423fee StaticDependenciesID=087ef8f8c3c982f2b3fafd9018e1ea3b 
Number of updated asset objects reloaded before import = 0Number of asset objects unloaded after import = 0

