[Licensing::Module] Trying to connect to existing licensing client channel...
[Licensing::IpcConnector] Successfully connected to: "LicenseClient-Maxi" at "2026-03-30T15:38:11.1915943Z"
Built from '6000.4/staging' branch; Version is '6000.4.0f1 (8cf496087c8f) revision 9237654'; Using compiler version '194234433'; Build Type 'Release'
OS: 'Windows 11  (10.0.26100) Professional' Language: 'en' Physical Memory: 16310 MB
BatchMode: 1, IsHumanControllingUs: 0, StartBugReporterOnCrash: 0, Is64bit: 1
System  architecture: x64
Process architecture: x64
Date: 2026-03-30T15:38:11Z

COMMAND LINE ARGUMENTS:
D:\Ewnety\6000.4.0f1\Editor\Unity.exe
-adb2
-batchMode
-noUpm
-name
AssetImportWorker6
-projectPath
C:/Users/Maxi/Documents/GitHub/Sanicball-DX
-logFile
Logs/AssetImportWorker6.log
-srvPort
65493
-licensingIpc
LicenseClient-Maxi
-force-d3d12
-job-worker-count
5
-background-job-worker-count
8
-gc-helper-count
1
-name
AssetImport
Successfully changed project path to: C:/Users/Maxi/Documents/GitHub/Sanicball-DX
C:/Users/Maxi/Documents/GitHub/Sanicball-DX
[UnityMemory] Configuration Parameters - Can be set up in boot.config
    "memorysetup-temp-allocator-size-gi-baking-worker=262144"
    "memorysetup-temp-allocator-size-gi-baking-worker=262144"
    "memorysetup-temp-allocator-size-gi-baking-worker=262144"
    "memorysetup-temp-allocator-size-gi-baking-worker=262144"
    "memorysetup-temp-allocator-size-gi-baking-worker=262144"
    "memorysetup-temp-allocator-size-nav-mesh-worker=65536"
    "memorysetup-temp-allocator-size-audio-worker=65536"
    "memorysetup-temp-allocator-size-cloud-worker=32768"
    "memorysetup-temp-allocator-size-gfx=262144"
    "memorysetup-temp-allocator-size-preload-manager=33554432"
    "memorysetup-temp-allocator-size-job-worker=262144"
    "memorysetup-temp-allocator-size-background-worker=32768"
    "memorysetup-allocator-temp-initial-block-size-main=262144"
    "memorysetup-allocator-temp-initial-block-size-worker=262144"
    "memorysetup-bucket-allocator-granularity=16"
    "memorysetup-bucket-allocator-bucket-count=8"
    "memorysetup-bucket-allocator-block-size=33554432"
    "memorysetup-bucket-allocator-block-count=8"
    "memorysetup-main-allocator-block-size=16777216"
    "memorysetup-thread-allocator-block-size=16777216"
    "memorysetup-gfx-main-allocator-block-size=16777216"
    "memorysetup-gfx-thread-allocator-block-size=16777216"
    "memorysetup-cache-allocator-block-size=4194304"
    "memorysetup-typetree-allocator-block-size=2097152"
    "memorysetup-profiler-bucket-allocator-granularity=16"
    "memorysetup-profiler-bucket-allocator-bucket-count=8"
    "memorysetup-profiler-bucket-allocator-block-size=33554432"
    "memorysetup-profiler-bucket-allocator-block-count=8"
    "memorysetup-profiler-allocator-block-size=16777216"
    "memorysetup-profiler-editor-allocator-block-size=1048576"
    "memorysetup-temp-allocator-size-main=16777216"
    "memorysetup-job-temp-allocator-block-size=2097152"
    "memorysetup-job-temp-allocator-block-size-background=1048576"
    "memorysetup-job-temp-allocator-reduction-small-platforms=262144"
Player connection [25704]  Target information:

Player connection [25704]  * "[IP] 192.168.59.1 [Port] 0 [Flags] 2 [Guid] 3504881346 [EditorId] 3504881346 [Version] 1048832 [Id] WindowsEditor(7,FunniPC) [Debug] 1 [PackageName] WindowsEditor [ProjectName] Editor" 

Player connection [25704]  * "[IP] 192.168.206.1 [Port] 0 [Flags] 2 [Guid] 3504881346 [EditorId] 3504881346 [Version] 1048832 [Id] WindowsEditor(7,FunniPC) [Debug] 1 [PackageName] WindowsEditor [ProjectName] Editor" 

Player connection [25704]  * "[IP] 192.168.178.168 [Port] 0 [Flags] 2 [Guid] 3504881346 [EditorId] 3504881346 [Version] 1048832 [Id] WindowsEditor(7,FunniPC) [Debug] 1 [PackageName] WindowsEditor [ProjectName] Editor" 

Player connection [25704] Host joined multi-casting on [225.0.0.222:54997]...
Player connection [25704] Host joined alternative multi-casting on [225.0.0.222:34997]...
JobSystem: Creating JobQueue using job-worker-count value 5
Input System module state changed to: Initialized.
[Physics::Module] Initialized fallback backend.
[Physics::Module] Id: 0xdecafbad
Library Redirect Path: Library/
[Physics::Module] Selected backend.
[Physics::Module] Name: PhysX
[Physics::Module] Id: 0xf2b8ea05
[Physics::Module] SDK Version: 4.1.2
[Physics::Module] Integration Version: 1.0.0
[Physics::Module] Threading Mode: Multi-Threaded
Refreshing native plugins compatible for Editor in 7.07 ms, found 2 plugins.
Initialize engine version: 6000.4.0f1 (8cf496087c8f)
[Subsystems] Discovering subsystems at path D:/Ewnety/6000.4.0f1/Editor/Data/Resources/UnitySubsystems
[Subsystems] Discovering subsystems at path C:/Users/Maxi/Documents/GitHub/Sanicball-DX/Assets
Forcing GfxDevice: Direct3D 12
GfxDevice: creating device client; kGfxThreadingModeNonThreaded
d3d12: failed to query info queue interface (0x80004002).
Direct3D:
    Version:         Direct3D 12 [level 12.2]
    Renderer:        AMD Radeon RX 7700 XT (ID=0x747e)
    Vendor:          ATI
    VRAM:            12081 MB
    App VRAM Budget: 11313 MB
    Driver:          32.0.23033.1002
Initialize mono
Mono path[0] = 'D:/Ewnety/6000.4.0f1/Editor/Data/Managed'
Mono path[1] = 'D:/Ewnety/6000.4.0f1/Editor/Data/MonoBleedingEdge/lib/mono/unityjit-win32'
Mono config path = 'D:/Ewnety/6000.4.0f1/Editor/Data/MonoBleedingEdge/etc'
Using monoOptions --debugger-agent=transport=dt_socket,embedding=1,server=y,suspend=n,address=127.0.0.1:56328
CodeReloadManager initialized
Begin MonoManager ReloadAssembly
[Licensing::Client] Error: HandshakeResponse reported an error:
	ResponseCode: 505
	ResponseStatus: Unsupported protocol version '1.18.1'.
[Licensing::Module] Error: Failed to handshake to channel: "LicenseClient-Maxi"
[Licensing::IpcConnector] LicenseClient-Maxi channel disconnected successfully.
[Licensing::IpcConnector] Successfully connected to: "LicenseClient-Maxi-6000.4.0" at "2026-03-30T15:38:12.3955123Z"
Registering precompiled unity dll's ...
Register platform support module: D:/Ewnety/6000.4.0f1/Editor/Data/PlaybackEngines/WindowsStandaloneSupport/UnityEditor.WindowsStandalone.Extensions.dll
[Licensing::Module] Licensing is not yet initialized.
[Licensing::Client] Handshaking with LicensingClient:
  Version:                 1.18.1+9fbee8e
  Session Id:              fce8a991e2c64bbda503f75db0723253
  Correlation Id:          71b3e845ab3b577325afcff24cb99aec
  External correlation Id: 4089688343426237734
  Machine Id:              IkTvWfYHITFguh6+9JakOOPq8e4=
[Licensing::Module] Successfully connected to LicensingClient on channel: "LicenseClient-Maxi-6000.4.0" (connect: 0.00s, validation: 0.00s, handshake: 1.55s)
[Licensing::IpcConnector] Successfully connected to: "LicenseClient-Maxi-6000.4.0-notifications" at "2026-03-30T15:38:13.9505647Z"
[Licensing::Module] Licensing Background thread has ended after 2.76s
[Licensing::Module] Licensing is initialized (took 1.53s).
[Licensing::Client] Successfully resolved entitlement details
[Licensing::Module] License group:
  Id: F4-MESN-GUW7-62D3-FRZW-XXXX
  Product: Unity Personal
  Type: ULF
  Expiration: Unlimited
[Licensing::Module] License group:
  Id: 9071283907225-UnityPersXXXX
  Product: Unity Personal
  Type: Assigned
  Expiration: Unlimited
Register platform support module: D:/Ewnety/6000.4.0f1/Editor/Data/PlaybackEngines/AndroidPlayer/UnityEditor.Android.Extensions.dll
Registered in 1.539946 seconds.
Native extension for Android target not found
Android Extension - Scanning For ADB Devices 328 ms
Native extension for WindowsStandalone target not found
Package Manager log level set to [2]
[Package Manager] Failed to launch server process. Reason: Unity was launched with the -noUpm command-line argument
[Package Manager] Unable to send message (not connected to server process).
[Package Manager] Cannot connect to Unity Package Manager local server
ScheduleIndexationOnStartup MainProcess:False IndexOnStartup:True
Mono: successfully reloaded assembly
- Finished resetting the current domain, in  0.896 seconds
Domain Reload Profiling: 2975ms
	BeginReloadAssembly (154ms)
	RebuildCommonClasses (49ms)
	RebuildNativeTypeToScriptingClass (16ms)
	initialDomainReloadingComplete (1618ms)
	LoadAllAssembliesAndSetupDomain (242ms)
		LoadAssemblies (153ms)
		AnalyzeDomain (231ms)
			TypeCache.Refresh (229ms)
				TypeCache.ScanAssembly (214ms)
	FinalizeReload (897ms)
		SetupLoadedEditorAssemblies (0ms)
			InitializePlatformSupportModulesInManaged (439ms)
			BeforeProcessingInitializeOnLoad (101ms)
			ProcessInitializeOnLoadAttributes (132ms)
			ProcessInitializeOnLoadMethodAttributes (137ms)
========================================================================
Worker process is ready to serve import requests
Import Worker Mode flag is 0x00
Begin MonoManager ReloadAssembly
[Licensing::Client] Successfully resolved entitlement details
[Licensing::Module] License group:
  Id: F4-MESN-GUW7-62D3-FRZW-XXXX
  Product: Unity Personal
  Type: ULF
  Expiration: Unlimited
[Licensing::Module] License group:
  Id: 9071283907225-UnityPersXXXX
  Product: Unity Personal
  Type: Assigned
  Expiration: Unlimited
Duplicate assembly 'Newtonsoft.Json.dll' with different versions detected, using 'Packages/com.unity.nuget.newtonsoft-json/Runtime/Newtonsoft.Json.dll, AssemblyName=Newtonsoft.Json, Version=13.0.0.0, Culture=neutral, PublicKeyToken=30ad4fe6b2a6aeed' and ignoring 'Assets/Assemblies/Newtonsoft.Json.dll, AssemblyName=Newtonsoft.Json, Version=6.0.0.0, Culture=neutral, PublicKeyToken=30ad4fe6b2a6aeed'.Assembly Assembly-CSharp-Editor-firstpass.dll at Library/ScriptAssemblies/Assembly-CSharp-Editor-firstpass.dll not valid. Loading of assembly skipped.
Assembly DocCodeExamples.dll at Library/ScriptAssemblies/DocCodeExamples.dll not valid. Loading of assembly skipped.
Assembly TestNewCustomAssembly.dll at Library/ScriptAssemblies/TestNewCustomAssembly.dll not valid. Loading of assembly skipped.
Assembly Unity.2D.Sprite.Package.EditorTests.dll at Library/ScriptAssemblies/Unity.2D.Sprite.Package.EditorTests.dll not valid. Loading of assembly skipped.
Assembly Unity.2D.Tilemap.Package.EditorTests.dll at Library/ScriptAssemblies/Unity.2D.Tilemap.Package.EditorTests.dll not valid. Loading of assembly skipped.
Assembly Unity.Analytics.DataPrivacy.Tests.dll at Library/ScriptAssemblies/Unity.Analytics.DataPrivacy.Tests.dll not valid. Loading of assembly skipped.
Assembly Unity.Analytics.StandardEvents.EditorTests.dll at Library/ScriptAssemblies/Unity.Analytics.StandardEvents.EditorTests.dll not valid. Loading of assembly skipped.
Assembly Unity.Collections.BurstCompatibilityGen.dll at Library/ScriptAssemblies/Unity.Collections.BurstCompatibilityGen.dll not valid. Loading of assembly skipped.
Assembly Unity.Collections.DocCodeSamples.dll at Library/ScriptAssemblies/Unity.Collections.DocCodeSamples.dll not valid. Loading of assembly skipped.
Assembly Unity.Collections.PerformanceTests.dll at Library/ScriptAssemblies/Unity.Collections.PerformanceTests.dll not valid. Loading of assembly skipped.
Assembly Unity.Collections.Tests.dll at Library/ScriptAssemblies/Unity.Collections.Tests.dll not valid. Loading of assembly skipped.
Assembly Unity.Collections.Tests.Playmode.dll at Library/ScriptAssemblies/Unity.Collections.Tests.Playmode.dll not valid. Loading of assembly skipped.
Assembly Unity.Mathematics.Tests.dll at Library/ScriptAssemblies/Unity.Mathematics.Tests.dll not valid. Loading of assembly skipped.
Assembly Unity.Multiplayer.Center.Editor.Tests.dll at Library/ScriptAssemblies/Unity.Multiplayer.Center.Editor.Tests.dll not valid. Loading of assembly skipped.
Assembly Unity.Multiplayer.Center.Tests.dll at Library/ScriptAssemblies/Unity.Multiplayer.Center.Tests.dll not valid. Loading of assembly skipped.
Assembly Unity.Nuget.Mono-Cecil.dll at Library/ScriptAssemblies/Unity.Nuget.Mono-Cecil.dll not valid. Loading of assembly skipped.
Assembly Unity.PathTracing.Editor.Tests.dll at Library/ScriptAssemblies/Unity.PathTracing.Editor.Tests.dll not valid. Loading of assembly skipped.
Assembly Unity.PathTracing.Runtime.Tests.dll at Library/ScriptAssemblies/Unity.PathTracing.Runtime.Tests.dll not valid. Loading of assembly skipped.
Assembly Unity.RenderPipelines.Core.Editor.Tests.dll at Library/ScriptAssemblies/Unity.RenderPipelines.Core.Editor.Tests.dll not valid. Loading of assembly skipped.
Assembly Unity.RenderPipelines.Core.Runtime.Tests.dll at Library/ScriptAssemblies/Unity.RenderPipelines.Core.Runtime.Tests.dll not valid. Loading of assembly skipped.
Assembly Unity.RenderPipelines.Universal.Config.Editor.Tests.dll at Library/ScriptAssemblies/Unity.RenderPipelines.Universal.Config.Editor.Tests.dll not valid. Loading of assembly skipped.
Assembly Unity.RenderPipelines.Universal.Editor.Tests.dll at Library/ScriptAssemblies/Unity.RenderPipelines.Universal.Editor.Tests.dll not valid. Loading of assembly skipped.
Assembly Unity.RenderPipelines.Universal.Runtime.Tests.dll at Library/ScriptAssemblies/Unity.RenderPipelines.Universal.Runtime.Tests.dll not valid. Loading of assembly skipped.
Assembly Unity.Searcher.EditorTests.dll at Library/ScriptAssemblies/Unity.Searcher.EditorTests.dll not valid. Loading of assembly skipped.
Assembly Unity.ShaderGraph.Editor.Tests.dll at Library/ScriptAssemblies/Unity.ShaderGraph.Editor.Tests.dll not valid. Loading of assembly skipped.
Assembly Unity.TextMeshPro.Editor.Tests.dll at Library/ScriptAssemblies/Unity.TextMeshPro.Editor.Tests.dll not valid. Loading of assembly skipped.
Assembly Unity.TextMeshPro.Tests.dll at Library/ScriptAssemblies/Unity.TextMeshPro.Tests.dll not valid. Loading of assembly skipped.
Assembly Unity.UnifiedRayTracing.Editor.Tests.dll at Library/ScriptAssemblies/Unity.UnifiedRayTracing.Editor.Tests.dll not valid. Loading of assembly skipped.
Assembly UnityEditor.UI.Common.Tests.dll at Library/ScriptAssemblies/UnityEditor.UI.Common.Tests.dll not valid. Loading of assembly skipped.
Assembly UnityEditor.UI.EditorTests.dll at Library/ScriptAssemblies/UnityEditor.UI.EditorTests.dll not valid. Loading of assembly skipped.
Assembly UnityEditor.XR.LegacyInputHelpers.Tests.dll at Library/ScriptAssemblies/UnityEditor.XR.LegacyInputHelpers.Tests.dll not valid. Loading of assembly skipped.
Assembly UnityEngine.Advertisements.Editor.Tests.dll at Library/ScriptAssemblies/UnityEngine.Advertisements.Editor.Tests.dll not valid. Loading of assembly skipped.
Assembly UnityEngine.Advertisements.Tests.dll at Library/ScriptAssemblies/UnityEngine.Advertisements.Tests.dll not valid. Loading of assembly skipped.
Assembly UnityEngine.Purchasing.Apple.dll at Library/ScriptAssemblies/UnityEngine.Purchasing.Apple.dll not valid. Loading of assembly skipped.
Assembly UnityEngine.Purchasing.AppleMacos.dll at Library/ScriptAssemblies/UnityEngine.Purchasing.AppleMacos.dll not valid. Loading of assembly skipped.
Assembly UnityEngine.Purchasing.Security.dll at Library/ScriptAssemblies/UnityEngine.Purchasing.Security.dll not valid. Loading of assembly skipped.
Assembly UnityEngine.Purchasing.WinRT.dll at Library/ScriptAssemblies/UnityEngine.Purchasing.WinRT.dll not valid. Loading of assembly skipped.
Assembly UnityEngine.SpatialTracking.Tests.dll at Library/ScriptAssemblies/UnityEngine.SpatialTracking.Tests.dll not valid. Loading of assembly skipped.
Assembly UnityEngine.UI.Tests.dll at Library/ScriptAssemblies/UnityEngine.UI.Tests.dll not valid. Loading of assembly skipped.
Symbol file LoadedFromMemory is not a mono symbol file
OnLevelWasLoaded was found on MatchManager
This message has been deprecated and will be removed in a later version of Unity.
Add a delegate to SceneManager.sceneLoaded instead to get notifications after scene loading has completed
Refreshing native plugins compatible for Editor in 5.71 ms, found 2 plugins.
OnLevelWasLoaded was found on MatchManager
This message has been deprecated and will be removed in a later version of Unity.
Add a delegate to SceneManager.sceneLoaded instead to get notifications after scene loading has completed
Native extension for Android target not found
Native extension for WindowsStandalone target not found
[Package Manager] Failed to launch server process. Reason: Unity was launched with the -noUpm command-line argument
[Package Manager] Unable to send message (not connected to server process).
[Package Manager] Cannot connect to Unity Package Manager local server
[Package Manager] Failed to launch server process. Reason: Unity was launched with the -noUpm command-line argument
[Package Manager] Unable to send message (not connected to server process).
[Package Manager] Cannot connect to Unity Package Manager local server
ScheduleIndexationOnStartup MainProcess:False IndexOnStartup:True
Mono: successfully reloaded assembly
- Finished resetting the current domain, in  1.132 seconds
Domain Reload Profiling: 2175ms
	BeginReloadAssembly (233ms)
		DisableScriptedObjects (9ms)
		CreateAndSetChildDomain (40ms)
	RebuildCommonClasses (52ms)
	RebuildNativeTypeToScriptingClass (15ms)
	initialDomainReloadingComplete (80ms)
	LoadAllAssembliesAndSetupDomain (663ms)
		LoadAssemblies (500ms)
		AnalyzeDomain (293ms)
			TypeCache.Refresh (201ms)
				TypeCache.ScanAssembly (180ms)
			BuildScriptInfoCaches (76ms)
			ResolveRequiredComponents (13ms)
	FinalizeReload (1132ms)
		SetupLoadedEditorAssemblies (0ms)
			InitializePlatformSupportModulesInManaged (11ms)
			BeforeProcessingInitializeOnLoad (181ms)
			ProcessInitializeOnLoadAttributes (304ms)
			ProcessInitializeOnLoadMethodAttributes (334ms)
		AwakeInstancesAfterBackupRestoration (9ms)
Launched and connected shader compiler UnityShaderCompiler.exe after 0.04 seconds
Refreshing native plugins compatible for Editor in 4.94 ms, found 2 plugins.
Unloading 24 Unused Serialized files (Serialized files now loaded: 0)
Unloading 5651 unused Assets / (5.6 MB). Loaded Objects now: 6522.
Memory consumption went from 168.4 MB to 162.8 MB.
Total: 13.465800 ms (FindLiveObjects: 1.109900 ms CreateObjectMapping: 0.587000 ms MarkObjects: 9.808300 ms  DeleteObjects: 1.957700 ms)

========================================================================
Received Import Request.
  Time since last request: 26530.327852 seconds.
  path: Assets/Art/Gameplay/Podium/Silver.mat
  importAddress: Guid(324b0ad0669eed6469418edf2d186a2f) Importer(815301076,1909f56bfc062723c751e8b465ee728b)
Start importing Assets/Art/Gameplay/Podium/Silver.mat using Guid(324b0ad0669eed6469418edf2d186a2f) Importer(815301076,1909f56bfc062723c751e8b465ee728b) (PreviewImporter) -> (Import Result ID: 'db2923a3132ce54d56169233e8e5ccf6') in 1.3767917 seconds [static and dynamic dependencies]. Details - ImportResultOutputID=2c4d9d8ba70ba2d6886efbcf7a48e0c9 DependenciesID=75f1526f87b24a4ae1ac2c8483d9349e StaticDependenciesID=1580487537e736424376e7dd3389846d 
Number of updated asset objects reloaded before import = 0Number of asset objects unloaded after import = 3

========================================================================
Received Import Request.
  Time since last request: 0.000039 seconds.
  path: Assets/Art/Characters/03 Taels/TaelsTrail.mat
  importAddress: Guid(0949736aaab96bc4396ffff86bb87475) Importer(815301076,1909f56bfc062723c751e8b465ee728b)
Start importing Assets/Art/Characters/03 Taels/TaelsTrail.mat using Guid(0949736aaab96bc4396ffff86bb87475) Importer(815301076,1909f56bfc062723c751e8b465ee728b) (PreviewImporter) -> (Import Result ID: 'e7022ff101b355b53dfb0a426213a073') in 0.0261601 seconds [static and dynamic dependencies]. Details - ImportResultOutputID=d6b197d2206fda8db4bc721557e3481c DependenciesID=e5bd3cd3fd42031af67901aa5383a49d StaticDependenciesID=270782c057e582d065f39c5b07b4a432 
Number of updated asset objects reloaded before import = 0Number of asset objects unloaded after import = 2

========================================================================
Received Import Request.
  Time since last request: 0.000042 seconds.
  path: Packages/com.unity.render-pipelines.universal/Runtime/Materials/Sprite-Unlit-Default.mat
  importAddress: Guid(9dfc825aed78fcd4ba02077103263b40) Importer(815301076,1909f56bfc062723c751e8b465ee728b)
Start importing Packages/com.unity.render-pipelines.universal/Runtime/Materials/Sprite-Unlit-Default.mat using Guid(9dfc825aed78fcd4ba02077103263b40) Importer(815301076,1909f56bfc062723c751e8b465ee728b) (PreviewImporter) -> (Import Result ID: 'b2c1811e519bfd9f94ab4be496620934') in 0.0222832 seconds [static and dynamic dependencies]. Details - ImportResultOutputID=5863480d54557a1f258040cce25d7c24 DependenciesID=a0a158224ee129c6949bbe1e19727083 StaticDependenciesID=ef9fcdf1979bdca913290e0af378ea5c 
Number of updated asset objects reloaded before import = 0Number of asset objects unloaded after import = 0

========================================================================
Received Import Request.
  Time since last request: 0.000026 seconds.
  path: Assets/Art/Environment/Common/Materials/Mirror.mat
  importAddress: Guid(5245f5e17d80d6b4eb84d37382f7c061) Importer(815301076,1909f56bfc062723c751e8b465ee728b)
Start importing Assets/Art/Environment/Common/Materials/Mirror.mat using Guid(5245f5e17d80d6b4eb84d37382f7c061) Importer(815301076,1909f56bfc062723c751e8b465ee728b) (PreviewImporter) -> (Import Result ID: '07321612ea7359745b082f7798f557b0') in 0.021553 seconds [static and dynamic dependencies]. Details - ImportResultOutputID=3535cfe19aa1e7e92d14455c86aa45ba DependenciesID=faa3aaac85103539a484bf5083b0e603 StaticDependenciesID=6ef1b2c15038c61dd8a10574219e51d6 
Number of updated asset objects reloaded before import = 0Number of asset objects unloaded after import = 1

========================================================================
Received Import Request.
  Time since last request: 0.000023 seconds.
  path: Assets/Art/Gameplay/Rang/Materials/Rang.mat
  importAddress: Guid(5bfb7f66a9db9e34f9576f9ad7332cf1) Importer(815301076,1909f56bfc062723c751e8b465ee728b)
Start importing Assets/Art/Gameplay/Rang/Materials/Rang.mat using Guid(5bfb7f66a9db9e34f9576f9ad7332cf1) Importer(815301076,1909f56bfc062723c751e8b465ee728b) (PreviewImporter) -> (Import Result ID: 'a689e14e9286d631d569aabe1749e424') in 0.6962378 seconds [static and dynamic dependencies]. Details - ImportResultOutputID=da8beebdf5d2e3e418ea084f625e5b88 DependenciesID=5a359537de65607182ae4dc9c8692230 StaticDependenciesID=5671437855e7c7f0497500361863f60b 
Number of updated asset objects reloaded before import = 0Number of asset objects unloaded after import = 1

========================================================================
Received Import Request.
  Time since last request: 0.000036 seconds.
  path: Assets/Art/Characters/Hats/Materials/Sunglasses.mat
  importAddress: Guid(9a7d21a8bf05e814f8eef7304d03f52c) Importer(815301076,1909f56bfc062723c751e8b465ee728b)
Start importing Assets/Art/Characters/Hats/Materials/Sunglasses.mat using Guid(9a7d21a8bf05e814f8eef7304d03f52c) Importer(815301076,1909f56bfc062723c751e8b465ee728b) (PreviewImporter) -> (Import Result ID: 'a54d3019edede88bd739f613368ff166') in 0.0227632 seconds [static and dynamic dependencies]. Details - ImportResultOutputID=b994b382a410d465c573e4e910cc0bba DependenciesID=8740b42fea8b2fdce6e75df070d7268e StaticDependenciesID=d0490f3e29666cb4c6d42a3e81bfe0cb 
Number of updated asset objects reloaded before import = 0Number of asset objects unloaded after import = 1

========================================================================
Received Import Request.
  Time since last request: 0.000034 seconds.
  path: Assets/Art/Environment/02 Flame Core/Materials/Lava.mat
  importAddress: Guid(f6eab8486f8e4de4e8ebd73a8a3e2087) Importer(815301076,1909f56bfc062723c751e8b465ee728b)
Start importing Assets/Art/Environment/02 Flame Core/Materials/Lava.mat using Guid(f6eab8486f8e4de4e8ebd73a8a3e2087) Importer(815301076,1909f56bfc062723c751e8b465ee728b) (PreviewImporter) -> (Import Result ID: '6ae7b8c59cbe98a5d84b467d9c6a1666') in 0.0258979 seconds [static and dynamic dependencies]. Details - ImportResultOutputID=b893b47b4682989bcc7a36a4919a7b41 DependenciesID=1a7d3d63afb6fddcdeb95a209655f86c StaticDependenciesID=e820147ceaae80915cbc66c9f7037db1 
Number of updated asset objects reloaded before import = 0Number of asset objects unloaded after import = 4

========================================================================
Received Import Request.
  Time since last request: 0.000022 seconds.
  path: Assets/Art/Easter eggs/Picnic/Materials/ChipsBagInside.mat
  importAddress: Guid(757a4c8de1e49294da8a0c8c883bd21a) Importer(815301076,1909f56bfc062723c751e8b465ee728b)
Start importing Assets/Art/Easter eggs/Picnic/Materials/ChipsBagInside.mat using Guid(757a4c8de1e49294da8a0c8c883bd21a) Importer(815301076,1909f56bfc062723c751e8b465ee728b) (PreviewImporter) -> (Import Result ID: 'a2807c6f8da80195b7e78b5dbd406b66') in 0.0192924 seconds [static and dynamic dependencies]. Details - ImportResultOutputID=3997791a62f37e962e4130b8acb26ef7 DependenciesID=ef637e18de61a5a3cb84be50c3f3830c StaticDependenciesID=029c7313b3e646587ae2e15d688f7901 
Number of updated asset objects reloaded before import = 0Number of asset objects unloaded after import = 1

========================================================================
Received Import Request.
  Time since last request: 0.000023 seconds.
  path: Assets/Art/Environment/Lobby/Materials/StageOverview.mat
  importAddress: Guid(c051900b88dbf1e4db5eea2348a3b304) Importer(815301076,1909f56bfc062723c751e8b465ee728b)
Start importing Assets/Art/Environment/Lobby/Materials/StageOverview.mat using Guid(c051900b88dbf1e4db5eea2348a3b304) Importer(815301076,1909f56bfc062723c751e8b465ee728b) (PreviewImporter) -> (Import Result ID: '6ea8171c28c160584bd359e5ca44f982') in 0.0182668 seconds [static and dynamic dependencies]. Details - ImportResultOutputID=86ebe196b93cd1b0ee50ac255ded310e DependenciesID=e147d653da79ee94793de343bcb7c27a StaticDependenciesID=7743a4ae612d42692aa4baf9edc25484 
Number of updated asset objects reloaded before import = 0Number of asset objects unloaded after import = 1

========================================================================
Received Import Request.
  Time since last request: 0.000024 seconds.
  path: Assets/Fonts/Tahoma.ttf
  importAddress: Guid(69967b0d3c49f7c43a167c0c7cfac323) Importer(815301076,1909f56bfc062723c751e8b465ee728b)
Start importing Assets/Fonts/Tahoma.ttf using Guid(69967b0d3c49f7c43a167c0c7cfac323) Importer(815301076,1909f56bfc062723c751e8b465ee728b) (PreviewImporter) -> (Import Result ID: 'fe188ca092ef5e95157c6da021a21384') in 0.0519533 seconds [static and dynamic dependencies]. Details - ImportResultOutputID=9e78296676fc900d255cb3e1039dfa33 DependenciesID=341a13daa8d387e7519fd4233653e73e StaticDependenciesID=f2aba18c871ddab871f1083164e80059 
Number of updated asset objects reloaded before import = 0Number of asset objects unloaded after import = 4

========================================================================
Received Import Request.
  Time since last request: 0.000055 seconds.
  path: Assets/Art/Environment/01 Green Hill Zone/Materials/Grass_Tiled64.mat
  importAddress: Guid(b22986f54136ea0479ea9be7c9f8f7fa) Importer(815301076,1909f56bfc062723c751e8b465ee728b)
Start importing Assets/Art/Environment/01 Green Hill Zone/Materials/Grass_Tiled64.mat using Guid(b22986f54136ea0479ea9be7c9f8f7fa) Importer(815301076,1909f56bfc062723c751e8b465ee728b) (PreviewImporter) -> (Import Result ID: '9ceb6b92eb0a8c293987ca7df70ec428') in 0.7248281 seconds [static and dynamic dependencies]. Details - ImportResultOutputID=4a654069161a4fde85c4066904566892 DependenciesID=446d22d3b803094f46bbdf22a2deca53 StaticDependenciesID=237cad4f35dec3b3821bc71445ef476d 
Number of updated asset objects reloaded before import = 0Number of asset objects unloaded after import = 3

========================================================================
Received Import Request.
  Time since last request: 0.000041 seconds.
  path: Packages/com.unity.render-pipelines.universal/Shaders/AutodeskInteractive/AutodeskInteractiveMasked.shadergraph
  importAddress: Guid(80aa867ac363ac043847b06ad71604cd) Importer(815301076,1909f56bfc062723c751e8b465ee728b)
Start importing Packages/com.unity.render-pipelines.universal/Shaders/AutodeskInteractive/AutodeskInteractiveMasked.shadergraph using Guid(80aa867ac363ac043847b06ad71604cd) Importer(815301076,1909f56bfc062723c751e8b465ee728b) (PreviewImporter) -> (Import Result ID: 'aeb51fa433804b11209a69fa8c8749fe') in 0.9496428 seconds [static and dynamic dependencies]. Details - ImportResultOutputID=4a092ca253f0f207d4a0e0993387b73a DependenciesID=00f2e7765b2efef8dc119127b2aa99ec StaticDependenciesID=91f8b5d6d2af4c351ba881b7f3f798b8 
Number of updated asset objects reloaded before import = 0Number of asset objects unloaded after import = 0

========================================================================
Received Import Request.
  Time since last request: 0.000032 seconds.
  path: Assets/Art/Environment/01 Green Hill Zone/Materials/Dirt_Tiled8.mat
  importAddress: Guid(6250ac388f90bbb4c8ea530cc2b962f2) Importer(815301076,1909f56bfc062723c751e8b465ee728b)
Start importing Assets/Art/Environment/01 Green Hill Zone/Materials/Dirt_Tiled8.mat using Guid(6250ac388f90bbb4c8ea530cc2b962f2) Importer(815301076,1909f56bfc062723c751e8b465ee728b) (PreviewImporter) -> (Import Result ID: '3bb5d79fa5b14a5c6e66c91664f85927') in 0.0204124 seconds [static and dynamic dependencies]. Details - ImportResultOutputID=6e1dc68fe102ad2ba9927a1eb0840481 DependenciesID=9baf949093c7b2b98682ea3108f04e67 StaticDependenciesID=3e5c30c067d0135a35023c16af091609 
Number of updated asset objects reloaded before import = 0Number of asset objects unloaded after import = 3

========================================================================
Received Import Request.
  Time since last request: 0.000040 seconds.
  path: Assets/Art/Environment/01 Green Hill Zone/Materials/Dirt_Tiled32.mat
  importAddress: Guid(d7e2c3a0398210c43b7e3609ffea18da) Importer(815301076,1909f56bfc062723c751e8b465ee728b)
Start importing Assets/Art/Environment/01 Green Hill Zone/Materials/Dirt_Tiled32.mat using Guid(d7e2c3a0398210c43b7e3609ffea18da) Importer(815301076,1909f56bfc062723c751e8b465ee728b) (PreviewImporter) -> (Import Result ID: '5537ccc61cb98a121a8ca0586a079c3a') in 0.0191657 seconds [static and dynamic dependencies]. Details - ImportResultOutputID=2ed6d5786535e67680f412e6d126086f DependenciesID=3c4a2708b1c8c63678bc6957c5fb44cc StaticDependenciesID=52c43d512b4316cb4a300c8c20c2c839 
Number of updated asset objects reloaded before import = 0Number of asset objects unloaded after import = 3

========================================================================
Received Import Request.
  Time since last request: 0.000023 seconds.
  path: Packages/com.unity.render-pipelines.universal/Runtime/Materials/PhysicalMaterial3DsMax/PhysicalMaterial3DsMaxTransparent.shadergraph
  importAddress: Guid(1a207e3bee00db44b940e6f362a8e148) Importer(815301076,1909f56bfc062723c751e8b465ee728b)
Start importing Packages/com.unity.render-pipelines.universal/Runtime/Materials/PhysicalMaterial3DsMax/PhysicalMaterial3DsMaxTransparent.shadergraph using Guid(1a207e3bee00db44b940e6f362a8e148) Importer(815301076,1909f56bfc062723c751e8b465ee728b) (PreviewImporter) -> (Import Result ID: '965855380d88ae8da7c02d50611029b2') in 0.9268109 seconds [static and dynamic dependencies]. Details - ImportResultOutputID=f0fa64048fbc078fdbcde70ba7e87748 DependenciesID=f446869f50baef019dced3269a1774fc StaticDependenciesID=d4ffeb1b60dbe06c373058435884fa7e 
Number of updated asset objects reloaded before import = 0Number of asset objects unloaded after import = 5

========================================================================
Received Import Request.
  Time since last request: 0.000024 seconds.
  path: Assets/Art/Partcles/Materials/TireSmoke.mat
  importAddress: Guid(1ac6872999517a746bdd756f2bba41ef) Importer(815301076,1909f56bfc062723c751e8b465ee728b)
Start importing Assets/Art/Partcles/Materials/TireSmoke.mat using Guid(1ac6872999517a746bdd756f2bba41ef) Importer(815301076,1909f56bfc062723c751e8b465ee728b) (PreviewImporter) -> (Import Result ID: '2ce4c6a22dfd93258217f84db69daa47') in 0.054422 seconds [static and dynamic dependencies]. Details - ImportResultOutputID=b6783db679439e829d7305988fe397f6 DependenciesID=80f0bf28f5da5448aec3a80a10bd6b6b StaticDependenciesID=01651eb5f32eafe37b47ac86b17822dc 
Number of updated asset objects reloaded before import = 0Number of asset objects unloaded after import = 2

========================================================================
Received Import Request.
  Time since last request: 0.000044 seconds.
  path: Packages/com.unity.render-pipelines.universal/Shaders/Nature/SpeedTree9_URP.shadergraph
  importAddress: Guid(cbd3e1cc4ae141c42a30e33b4d666a61) Importer(815301076,1909f56bfc062723c751e8b465ee728b)
Start importing Packages/com.unity.render-pipelines.universal/Shaders/Nature/SpeedTree9_URP.shadergraph using Guid(cbd3e1cc4ae141c42a30e33b4d666a61) Importer(815301076,1909f56bfc062723c751e8b465ee728b) (PreviewImporter) -> (Import Result ID: '61549bc36e0a98182dd70b139cfac10d') in 1.1788897 seconds [static and dynamic dependencies]. Details - ImportResultOutputID=059e20d0e58961e4263e6383cd63e1be DependenciesID=a4dd71aac86b4820982807273e0068db StaticDependenciesID=ecff24f9fb27f8850efe38891ed4803c 
Number of updated asset objects reloaded before import = 0Number of asset objects unloaded after import = 0

========================================================================
Received Import Request.
  Time since last request: 0.000026 seconds.
  path: Assets/Art/Gameplay/Dash Panel/Materials/DashPanel.mat
  importAddress: Guid(8d3e7f7e2a634fa4ab0f07066d4fd528) Importer(815301076,1909f56bfc062723c751e8b465ee728b)
Start importing Assets/Art/Gameplay/Dash Panel/Materials/DashPanel.mat using Guid(8d3e7f7e2a634fa4ab0f07066d4fd528) Importer(815301076,1909f56bfc062723c751e8b465ee728b) (PreviewImporter) -> (Import Result ID: 'd19f3ebff5d966852f14a8c6d7095b40') in 0.0193955 seconds [static and dynamic dependencies]. Details - ImportResultOutputID=e8779e57784708a489e8d0a35d88b2cf DependenciesID=276237881d0c915ab227e816a08594ef StaticDependenciesID=39a05a7eb79e7fe4a2aab88a8061f5e1 
Number of updated asset objects reloaded before import = 0Number of asset objects unloaded after import = 2

========================================================================
Received Import Request.
  Time since last request: 0.000038 seconds.
  path: Assets/Art/Partcles/Materials/Snowflake.mat
  importAddress: Guid(c89eab032978ab9419eec81c61457c63) Importer(815301076,1909f56bfc062723c751e8b465ee728b)
Start importing Assets/Art/Partcles/Materials/Snowflake.mat using Guid(c89eab032978ab9419eec81c61457c63) Importer(815301076,1909f56bfc062723c751e8b465ee728b) (PreviewImporter) -> (Import Result ID: '39a063b020c61eaf176f5abd761f75ed') in 0.0472398 seconds [static and dynamic dependencies]. Details - ImportResultOutputID=e439b8371ee4e613371c6a7eba9a19fa DependenciesID=cccac2e3714361e8f05df86fc06f2d46 StaticDependenciesID=b582d035a3337fff64b3725f7683005c 
Number of updated asset objects reloaded before import = 0Number of asset objects unloaded after import = 2

========================================================================
Received Import Request.
  Time since last request: 0.000027 seconds.
  path: Packages/com.unity.searcher/Editor/Resources/FlatSkin/Font/Roboto-BlackItalic.ttf
  importAddress: Guid(f95147a9bab9fe649b8070170fa7ebd2) Importer(815301076,1909f56bfc062723c751e8b465ee728b)
Start importing Packages/com.unity.searcher/Editor/Resources/FlatSkin/Font/Roboto-BlackItalic.ttf using Guid(f95147a9bab9fe649b8070170fa7ebd2) Importer(815301076,1909f56bfc062723c751e8b465ee728b) (PreviewImporter) -> (Import Result ID: '582f10246273b88e778574fef4fd5409') in 0.0131778 seconds [static and dynamic dependencies]. Details - ImportResultOutputID=cdac3ce35bce434b1311b10a8af2ec0c DependenciesID=5408c73c59c58ae46d8308e26d1206bd StaticDependenciesID=acb32670cddec91028ced421dc18877e 
Number of updated asset objects reloaded before import = 0Number of asset objects unloaded after import = 4

========================================================================
Received Import Request.
  Time since last request: 0.000030 seconds.
  path: Packages/com.unity.shadergraph/GraphTemplates/Cross Pipeline/0_Lit Basic.shadergraph
  importAddress: Guid(a2407126e3372f64cacb75ed466a5621) Importer(815301076,1909f56bfc062723c751e8b465ee728b)
Start importing Packages/com.unity.shadergraph/GraphTemplates/Cross Pipeline/0_Lit Basic.shadergraph using Guid(a2407126e3372f64cacb75ed466a5621) Importer(815301076,1909f56bfc062723c751e8b465ee728b) (PreviewImporter) -> (Import Result ID: 'f1297268a73b5334fcffb48da918c5ab') in 0.9244274 seconds [static and dynamic dependencies]. Details - ImportResultOutputID=6377d6b4022586b4f33dfaebc68055e1 DependenciesID=f16d23ed5a64fedac6525d2197e17c9f StaticDependenciesID=2234bfa40c0e0a931f282d67a8bd06c8 
Number of updated asset objects reloaded before import = 0Number of asset objects unloaded after import = 7

========================================================================
Received Import Request.
  Time since last request: 0.000027 seconds.
  path: Assets/Art/Characters/09 Dr Aggmen/AggmenTrail.mat
  importAddress: Guid(701830a908a9cb248b59a019e7a2eea0) Importer(815301076,1909f56bfc062723c751e8b465ee728b)
Start importing Assets/Art/Characters/09 Dr Aggmen/AggmenTrail.mat using Guid(701830a908a9cb248b59a019e7a2eea0) Importer(815301076,1909f56bfc062723c751e8b465ee728b) (PreviewImporter) -> (Import Result ID: '2b107d3f3657cb63283ab0b3feaab2a5') in 0.0102876 seconds [static and dynamic dependencies]. Details - ImportResultOutputID=f78eaa32c7c5d93c648f30ce43e2171f DependenciesID=68415546259559a994bf80b43603b476 StaticDependenciesID=0459cb3b0722c27a7ab44303342e152b 
Number of updated asset objects reloaded before import = 0Number of asset objects unloaded after import = 2

========================================================================
Received Import Request.
  Time since last request: 0.000034 seconds.
  path: Assets/Art/Environment/Skybox/Materials/TropicalSunnyDay.mat
  importAddress: Guid(c65e117fd2012114f8bbc7831fcbcd16) Importer(815301076,1909f56bfc062723c751e8b465ee728b)
Start importing Assets/Art/Environment/Skybox/Materials/TropicalSunnyDay.mat using Guid(c65e117fd2012114f8bbc7831fcbcd16) Importer(815301076,1909f56bfc062723c751e8b465ee728b) (PreviewImporter) -> (Import Result ID: '6fd27d20c53a522dbe07a8a1c65f1efc') in 0.0495634 seconds [static and dynamic dependencies]. Details - ImportResultOutputID=3b54a298f7292298489361565022e3b4 DependenciesID=0bfaac5553c4c21100dd42cc049be123 StaticDependenciesID=78d7cb4c960ba8f788cf3ced34f70726 
Number of updated asset objects reloaded before import = 0Number of asset objects unloaded after import = 7

========================================================================
Received Import Request.
  Time since last request: 0.000034 seconds.
  path: Assets/Art/Environment/Lobby/Materials/LobbyWallEngravement.mat
  importAddress: Guid(b7838b18fbc140a428a1cb59e31e7a2a) Importer(815301076,1909f56bfc062723c751e8b465ee728b)
Start importing Assets/Art/Environment/Lobby/Materials/LobbyWallEngravement.mat using Guid(b7838b18fbc140a428a1cb59e31e7a2a) Importer(815301076,1909f56bfc062723c751e8b465ee728b) (PreviewImporter) -> (Import Result ID: 'a20bd7e7b0333c6d721bc738a510df50') in 0.7585121 seconds [static and dynamic dependencies]. Details - ImportResultOutputID=634435313d407d3caac8bf4391a63165 DependenciesID=0da2b055abc00ae3c41f9c459ef6adfc StaticDependenciesID=c7fd478593b1a5106bb93f07c6b93fe0 
Number of updated asset objects reloaded before import = 0Number of asset objects unloaded after import = 3

========================================================================
Received Import Request.
  Time since last request: 0.000029 seconds.
  path: Packages/com.unity.render-pipelines.universal/Runtime/Materials/SimpleLit.mat
  importAddress: Guid(6a1143ee683302f4aa628c052723efc1) Importer(815301076,1909f56bfc062723c751e8b465ee728b)
Start importing Packages/com.unity.render-pipelines.universal/Runtime/Materials/SimpleLit.mat using Guid(6a1143ee683302f4aa628c052723efc1) Importer(815301076,1909f56bfc062723c751e8b465ee728b) (PreviewImporter) -> (Import Result ID: '087c2cba1fad3f25fb8d1bfbdc2a1364') in 0.6367235 seconds [static and dynamic dependencies]. Details - ImportResultOutputID=935580820d7e53c07c153402545ebf68 DependenciesID=cf39b965694afbcbbec1a5a2cbb96674 StaticDependenciesID=3e4d69d48d44f050fa849bc104bdfe75 
Number of updated asset objects reloaded before import = 0Number of asset objects unloaded after import = 2

========================================================================
Received Import Request.
  Time since last request: 0.000047 seconds.
  path: Packages/com.unity.render-pipelines.universal/Editor/ShaderGraph/GraphTemplates/Fullscreen Basic URP.shadergraph
  importAddress: Guid(df41eefe8c13d444ca890dddbbc61f8d) Importer(815301076,1909f56bfc062723c751e8b465ee728b)
Start importing Packages/com.unity.render-pipelines.universal/Editor/ShaderGraph/GraphTemplates/Fullscreen Basic URP.shadergraph using Guid(df41eefe8c13d444ca890dddbbc61f8d) Importer(815301076,1909f56bfc062723c751e8b465ee728b) (PreviewImporter) -> (Import Result ID: '2878528c85dbe2e0f3451bc745c989b1') in 0.1794709 seconds [static and dynamic dependencies]. Details - ImportResultOutputID=c42af07d564ff5ef6c78e4573c632246 DependenciesID=f82a57883984d247997cc101bbf33bad StaticDependenciesID=ba765e337d86629d4dad73ba5ec9cda5 
Number of updated asset objects reloaded before import = 0Number of asset objects unloaded after import = 2

========================================================================
Received Import Request.
  Time since last request: 0.000031 seconds.
  path: Assets/Unused/Minimap icons/MetalSanicMinimap.mat
  importAddress: Guid(6d6fc2becdad49744b2537d691a9e969) Importer(815301076,1909f56bfc062723c751e8b465ee728b)
Start importing Assets/Unused/Minimap icons/MetalSanicMinimap.mat using Guid(6d6fc2becdad49744b2537d691a9e969) Importer(815301076,1909f56bfc062723c751e8b465ee728b) (PreviewImporter) -> (Import Result ID: 'cc9591527cb48d6ce92f92bdc61a4530') in 0.0433208 seconds [static and dynamic dependencies]. Details - ImportResultOutputID=8f03ca5a266a4d39020300aa854e51c7 DependenciesID=d5c8a52570bedfdc287d23607b98d9e6 StaticDependenciesID=59399777c4675543420b70162724a0a2 
Number of updated asset objects reloaded before import = 0Number of asset objects unloaded after import = 2

========================================================================
Received Import Request.
  Time since last request: 0.000059 seconds.
  path: Packages/com.unity.render-pipelines.universal/Runtime/Materials/RenderAs2D-Flattening.mat
  importAddress: Guid(b697f6a938056384e968ccf6527dac83) Importer(815301076,1909f56bfc062723c751e8b465ee728b)
Start importing Packages/com.unity.render-pipelines.universal/Runtime/Materials/RenderAs2D-Flattening.mat using Guid(b697f6a938056384e968ccf6527dac83) Importer(815301076,1909f56bfc062723c751e8b465ee728b) (PreviewImporter) -> (Import Result ID: '320fb60cc7506f8ac69c3a1ff245a826') in 0.0204713 seconds [static and dynamic dependencies]. Details - ImportResultOutputID=b3164e36058a171af2204685c201d967 DependenciesID=b56f0dac0de42b265079e3c56fc45180 StaticDependenciesID=fce2a862b2dffa702ff14ecf04dd92fe 
Number of updated asset objects reloaded before import = 0Number of asset objects unloaded after import = 1

========================================================================
Received Import Request.
  Time since last request: 0.000042 seconds.
  path: Assets/Art/Environment/01 Green Hill Zone/Models/GreenHillZoneTerrain.fbx
  importAddress: Guid(93140f5f9cf85fe4d9af69cebd79a200) Importer(815301076,1909f56bfc062723c751e8b465ee728b)
Start importing Assets/Art/Environment/01 Green Hill Zone/Models/GreenHillZoneTerrain.fbx using Guid(93140f5f9cf85fe4d9af69cebd79a200) Importer(815301076,1909f56bfc062723c751e8b465ee728b) (PreviewImporter) -> (Import Result ID: '75b295b1c6dc07a489bee54ffaf241d3') in 0.8996924 seconds [static and dynamic dependencies]. Details - ImportResultOutputID=e2b83bf7030b0a83116a1351aa2b1b96 DependenciesID=9f49fcc0c9e3bbbd7444dcd9419f1435 StaticDependenciesID=2c5203f02099b74d7e6e1e04785071c5 
Number of updated asset objects reloaded before import = 0Number of asset objects unloaded after import = 43

========================================================================
Received Import Request.
  Time since last request: 0.000053 seconds.
  path: Assets/Art/Environment/Lobby/Materials/Cloth.mat
  importAddress: Guid(de3093246cf981c4c82309c56dae9b74) Importer(815301076,1909f56bfc062723c751e8b465ee728b)
Start importing Assets/Art/Environment/Lobby/Materials/Cloth.mat using Guid(de3093246cf981c4c82309c56dae9b74) Importer(815301076,1909f56bfc062723c751e8b465ee728b) (PreviewImporter) -> (Import Result ID: '28e0de83b302d594b13694a797815201') in 0.0451198 seconds [static and dynamic dependencies]. Details - ImportResultOutputID=0bf7461bf0512d69eb2bca6d6ea236b5 DependenciesID=7d9fdd8f9c04ced7a7755b724f0599ed StaticDependenciesID=54d5dd0b1e790c5289c3f5b1b3b8f780 
Number of updated asset objects reloaded before import = 0Number of asset objects unloaded after import = 3

========================================================================
Received Import Request.
  Time since last request: 0.000043 seconds.
  path: Assets/Art/Characters/04 Ame Roes/Ame.mat
  importAddress: Guid(30ed8fef8e5a5e040b1080929a0c776b) Importer(815301076,1909f56bfc062723c751e8b465ee728b)
Start importing Assets/Art/Characters/04 Ame Roes/Ame.mat using Guid(30ed8fef8e5a5e040b1080929a0c776b) Importer(815301076,1909f56bfc062723c751e8b465ee728b) (PreviewImporter) -> (Import Result ID: 'c6eb5d9fd5333375b1bf23be1cab9e52') in 0.0618955 seconds [static and dynamic dependencies]. Details - ImportResultOutputID=faa4cbe50d04aea9daf30cf2c8772a1e DependenciesID=cab056ff43795a63fdc7e0c2c7e09639 StaticDependenciesID=4e20fe1b8d84bf0b6a5cb8ecb5676978 
Number of updated asset objects reloaded before import = 0Number of asset objects unloaded after import = 2

========================================================================
Received Import Request.
  Time since last request: 0.000022 seconds.
  path: Assets/Art/Easter eggs/Super Sand/SuperSand.mat
  importAddress: Guid(38a419f08966e214f9b346753fc45b4d) Importer(815301076,1909f56bfc062723c751e8b465ee728b)
Start importing Assets/Art/Easter eggs/Super Sand/SuperSand.mat using Guid(38a419f08966e214f9b346753fc45b4d) Importer(815301076,1909f56bfc062723c751e8b465ee728b) (PreviewImporter) -> (Import Result ID: '744e99a0d54721b77c4a205e19588946') in 0.017123 seconds [static and dynamic dependencies]. Details - ImportResultOutputID=e70f7e0f55e5e8cf6b46e02399fc0c5f DependenciesID=d4f6c852823a906071f52cd581c8ac66 StaticDependenciesID=f9ef1ff76f88af6177cd3d7d65629ffc 
Number of updated asset objects reloaded before import = 0Number of asset objects unloaded after import = 2

========================================================================
Received Import Request.
  Time since last request: 0.000031 seconds.
  path: Assets/Art/Environment/04 Rainbow Road/Materials/Star.mat
  importAddress: Guid(1b70428cb6e7d284bad59a7efc287906) Importer(815301076,1909f56bfc062723c751e8b465ee728b)
Start importing Assets/Art/Environment/04 Rainbow Road/Materials/Star.mat using Guid(1b70428cb6e7d284bad59a7efc287906) Importer(815301076,1909f56bfc062723c751e8b465ee728b) (PreviewImporter) -> (Import Result ID: '7e0cde68df92e3ce5c829a42de0c4d5c') in 0.018866 seconds [static and dynamic dependencies]. Details - ImportResultOutputID=45765de91f9083661da2c091cc4e77ca DependenciesID=72f00b1c4ed6193a83e605bac5219d49 StaticDependenciesID=c2317e2d4f2ad7ae7e9405837da0be2b 
Number of updated asset objects reloaded before import = 0Number of asset objects unloaded after import = 2

========================================================================
Received Import Request.
  Time since last request: 60.198381 seconds.
  path: Assets/Art/Characters/01 Sanic/SanicTrail.mat
  importAddress: Guid(9ce71dd0ced43204d80391225a2d06fa) Importer(815301076,1909f56bfc062723c751e8b465ee728b)
Start importing Assets/Art/Characters/01 Sanic/SanicTrail.mat using Guid(9ce71dd0ced43204d80391225a2d06fa) Importer(815301076,1909f56bfc062723c751e8b465ee728b) (PreviewImporter) -> (Import Result ID: 'cff390c29f5138e9fd5447ab92184fe3') in 0.0109047 seconds [static and dynamic dependencies]. Details - ImportResultOutputID=417a546147a6a47bf8b4ac2827d11b5d DependenciesID=efa01d2651f9ac9c8ea8b23466649966 StaticDependenciesID=c45cdc92b56d6c59611b04eec75e215e 
Number of updated asset objects reloaded before import = 1Number of asset objects unloaded after import = 2

========================================================================
Received Import Request.
  Time since last request: 315.003904 seconds.
  path: Assets/Art/Characters/01 Sanic/SanicTrail.mat
  importAddress: Guid(9ce71dd0ced43204d80391225a2d06fa) Importer(815301076,1909f56bfc062723c751e8b465ee728b)
Start importing Assets/Art/Characters/01 Sanic/SanicTrail.mat using Guid(9ce71dd0ced43204d80391225a2d06fa) Importer(815301076,1909f56bfc062723c751e8b465ee728b) (PreviewImporter)Material 'SanicTrail' with Shader 'Universal Render Pipeline/Alpha Self Illumination' doesn't have a texture property '_MetallicGlossMap'
UnityEngine.Debug:ExtractStackTraceNoAlloc (byte*,int,string)
UnityEngine.StackTraceUtility:ExtractStackTrace ()
UnityEngine.Material:GetTextureImpl (int)
UnityEngine.Material:GetTexture (string)
UnityEditor.Rendering.Universal.ShaderGUI.LitGUI:SetMaterialKeywords (UnityEngine.Material) (at ./Library/PackageCache/com.unity.render-pipelines.universal@0c5162adfb45/Editor/ShaderGUI/ShadingModels/LitGUI.cs:463)
UnityEditor.BaseShaderGUI:SetMaterialKeywords (UnityEngine.Material,System.Action`1<UnityEngine.Material>,System.Action`1<UnityEngine.Material>) (at ./Library/PackageCache/com.unity.render-pipelines.universal@0c5162adfb45/Editor/ShaderGUI/BaseShaderGUI.cs:965)
UnityEditor.Rendering.Universal.ShaderGUI.LitShader:ValidateMaterial (UnityEngine.Material) (at ./Library/PackageCache/com.unity.render-pipelines.universal@0c5162adfb45/Editor/ShaderGUI/Shaders/LitShader.cs:30)
UnityEditor.ShaderGUIUtility:ValidateMaterial (UnityEngine.Material)
UnityEngine.Material:HasProperty (int)
UnityEngine.Material:HasProperty (string)
UnityEditor.Utils.PerformanceChecks:CheckMaterial (UnityEngine.Material,UnityEditor.BuildTarget)
UnityEditor.MaterialEditor:PropertiesChanged ()
UnityEditor.MaterialEditor:OnEnable ()
UnityEditor.Editor:CreateEditorWithContextInternal (UnityEngine.Object[],UnityEngine.Object,System.Type)
UnityEditor.Editor:CreateEditorWithContext (UnityEngine.Object[],UnityEngine.Object,System.Type)
UnityEditor.Editor:CreateEditor (UnityEngine.Object,System.Type)
UnityEditor.Editor:CreateEditor (UnityEngine.Object)
UnityEditor.AssetPreviewUpdater:CreatePreview (UnityEngine.Object,UnityEngine.Object[],string,int,int)
UnityEditor.AssetPreviewUpdater:CreatePreviewForAsset (UnityEngine.Object,UnityEngine.Object[],string)

[./Library/PackageCache/com.unity.render-pipelines.universal@0c5162adfb45/Editor/ShaderGUI/ShadingModels/LitGUI.cs line 463]

 -> (Import Result ID: 'd64413ab1dd775cddda77e8d1af7961d') in 0.6161557 seconds [static and dynamic dependencies]. Details - ImportResultOutputID=3d16c4f57c51abb4dcefc38e96a25030 DependenciesID=4ed8d8837a95eb8e6f67533e8fec93b5 StaticDependenciesID=c45cdc92b56d6c59611b04eec75e215e 
Number of updated asset objects reloaded before import = 1Number of asset objects unloaded after import = 3

========================================================================
Received Import Request.
  Time since last request: 0.000027 seconds.
  path: Assets/Art/Characters/05 Shedew/ShedewTrail.mat
  importAddress: Guid(9995308e30b92084cbeaab794dc8358c) Importer(815301076,1909f56bfc062723c751e8b465ee728b)
Start importing Assets/Art/Characters/05 Shedew/ShedewTrail.mat using Guid(9995308e30b92084cbeaab794dc8358c) Importer(815301076,1909f56bfc062723c751e8b465ee728b) (PreviewImporter)Material 'ShedewTrail' with Shader 'Universal Render Pipeline/Alpha Self Illumination' doesn't have a texture property '_MetallicGlossMap'
UnityEngine.Debug:ExtractStackTraceNoAlloc (byte*,int,string)
UnityEngine.StackTraceUtility:ExtractStackTrace ()
UnityEngine.Material:GetTextureImpl (int)
UnityEngine.Material:GetTexture (string)
UnityEditor.Rendering.Universal.ShaderGUI.LitGUI:SetMaterialKeywords (UnityEngine.Material) (at ./Library/PackageCache/com.unity.render-pipelines.universal@0c5162adfb45/Editor/ShaderGUI/ShadingModels/LitGUI.cs:463)
UnityEditor.BaseShaderGUI:SetMaterialKeywords (UnityEngine.Material,System.Action`1<UnityEngine.Material>,System.Action`1<UnityEngine.Material>) (at ./Library/PackageCache/com.unity.render-pipelines.universal@0c5162adfb45/Editor/ShaderGUI/BaseShaderGUI.cs:965)
UnityEditor.Rendering.Universal.ShaderGUI.LitShader:ValidateMaterial (UnityEngine.Material) (at ./Library/PackageCache/com.unity.render-pipelines.universal@0c5162adfb45/Editor/ShaderGUI/Shaders/LitShader.cs:30)
UnityEditor.ShaderGUIUtility:ValidateMaterial (UnityEngine.Material)
UnityEngine.Material:HasProperty (int)
UnityEngine.Material:HasProperty (string)
UnityEditor.Utils.PerformanceChecks:CheckMaterial (UnityEngine.Material,UnityEditor.BuildTarget)
UnityEditor.MaterialEditor:PropertiesChanged ()
UnityEditor.MaterialEditor:OnEnable ()
UnityEditor.Editor:CreateEditorWithContextInternal (UnityEngine.Object[],UnityEngine.Object,System.Type)
UnityEditor.Editor:CreateEditorWithContext (UnityEngine.Object[],UnityEngine.Object,System.Type)
UnityEditor.Editor:CreateEditor (UnityEngine.Object,System.Type)
UnityEditor.Editor:CreateEditor (UnityEngine.Object)
UnityEditor.AssetPreviewUpdater:CreatePreview (UnityEngine.Object,UnityEngine.Object[],string,int,int)
UnityEditor.AssetPreviewUpdater:CreatePreviewForAsset (UnityEngine.Object,UnityEngine.Object[],string)

[./Library/PackageCache/com.unity.render-pipelines.universal@0c5162adfb45/Editor/ShaderGUI/ShadingModels/LitGUI.cs line 463]

 -> (Import Result ID: 'd04368a2d2acdf59aa1943ae338f1fbf') in 0.0174622 seconds [static and dynamic dependencies]. Details - ImportResultOutputID=8d9e230d1088d2c395dd39e31855be6d DependenciesID=5acc00e67c5d3ae1cb25b46ee7161909 StaticDependenciesID=66a8f8281c96c9749be4fe49d460580f 
Number of updated asset objects reloaded before import = 0Number of asset objects unloaded after import = 3

========================================================================
Received Import Request.
  Time since last request: 217.761342 seconds.
  path: Assets/Art/Easter eggs/Ogre/Ogre.png
  importAddress: Guid(4457c72c0e5a76c46b869267faf7e6ab) Importer(815301076,1909f56bfc062723c751e8b465ee728b)
Start importing Assets/Art/Easter eggs/Ogre/Ogre.png using Guid(4457c72c0e5a76c46b869267faf7e6ab) Importer(815301076,1909f56bfc062723c751e8b465ee728b) (PreviewImporter)[Licensing::Client] Successfully resolved entitlement details
[Licensing::Module] License group:
  Id: F4-MESN-GUW7-62D3-FRZW-XXXX
  Product: Unity Personal
  Type: ULF
  Expiration: Unlimited
[Licensing::Module] License group:
  Id: 9071283907225-UnityPersXXXX
  Product: Unity Personal
  Type: Assigned
  Expiration: Unlimited
 -> (Import Result ID: 'ea34d0c7560fcd920c1d335ca454c6cb') in 0.020607 seconds [static and dynamic dependencies]. Details - ImportResultOutputID=c14d703af121ec66ba40756112bc5375 DependenciesID=25f23b7214fb0d130e9c813184e804ff StaticDependenciesID=dc41e10cf4131a9e1d12e6b498f46dd0 
Number of updated asset objects reloaded before import = 1Number of asset objects unloaded after import = 2

========================================================================
Received Import Request.
  Time since last request: 376.058314 seconds.
  path: Assets/Art/Characters/00 Unknown Ball/UnknownBall.png
  importAddress: Guid(c666613803a4ca6489611028765a6cdf) Importer(815301076,1909f56bfc062723c751e8b465ee728b)
Start importing Assets/Art/Characters/00 Unknown Ball/UnknownBall.png using Guid(c666613803a4ca6489611028765a6cdf) Importer(815301076,1909f56bfc062723c751e8b465ee728b) (PreviewImporter) -> (Import Result ID: '2e1dfbeba7f78a2de81649f22f3e2372') in 0.0169349 seconds [static and dynamic dependencies]. Details - ImportResultOutputID=c43fd475f317560ab3bf316e746efa38 DependenciesID=76ba4e930b90e39e1c4fea57d2fa7770 StaticDependenciesID=1180cb08e41f24516386ca2240158fd4 
Number of updated asset objects reloaded before import = 0Number of asset objects unloaded after import = 2

========================================================================
Received Import Request.
  Time since last request: 0.000027 seconds.
  path: Assets/Art/Characters/00 Unknown Ball/UnknownBallTrail.mat
  importAddress: Guid(efc6b24a6d0905c4fb80495380c97b60) Importer(815301076,1909f56bfc062723c751e8b465ee728b)
Start importing Assets/Art/Characters/00 Unknown Ball/UnknownBallTrail.mat using Guid(efc6b24a6d0905c4fb80495380c97b60) Importer(815301076,1909f56bfc062723c751e8b465ee728b) (PreviewImporter) -> (Import Result ID: '0c42d2d1da8a3b83cc60ad3396e24843') in 0.0150833 seconds [static and dynamic dependencies]. Details - ImportResultOutputID=28721c3800ebc8fc20a7b70452c95031 DependenciesID=96503801a6dc759b46c9d60db64f9e25 StaticDependenciesID=47c7afca3aa94d612be98dc165f4dfd3 
Number of updated asset objects reloaded before import = 0Number of asset objects unloaded after import = 2

========================================================================
Received Import Request.
  Time since last request: 1.138283 seconds.
  path: Assets/Art/Characters/01 Sanic/Sanic 1.png
  importAddress: Guid(5405d39a82ee43844b655b46621becb2) Importer(815301076,1909f56bfc062723c751e8b465ee728b)
Start importing Assets/Art/Characters/01 Sanic/Sanic 1.png using Guid(5405d39a82ee43844b655b46621becb2) Importer(815301076,1909f56bfc062723c751e8b465ee728b) (PreviewImporter) -> (Import Result ID: 'b2fe5d48508204405513c52b8b24debf') in 0.0132648 seconds [static and dynamic dependencies]. Details - ImportResultOutputID=44855275dce3a68abdcaca0082bfae40 DependenciesID=50700aed73f5d829631f6d4bcf91b2be StaticDependenciesID=0822c26221d4967bb6147b92bc9a6e21 
Number of updated asset objects reloaded before import = 0Number of asset objects unloaded after import = 2

========================================================================
Received Import Request.
  Time since last request: 0.000021 seconds.
  path: Assets/Art/Characters/01 Sanic/SanicIcon.png
  importAddress: Guid(45106eab8e7289244b88d1cb65eee2e1) Importer(815301076,1909f56bfc062723c751e8b465ee728b)
Start importing Assets/Art/Characters/01 Sanic/SanicIcon.png using Guid(45106eab8e7289244b88d1cb65eee2e1) Importer(815301076,1909f56bfc062723c751e8b465ee728b) (PreviewImporter) -> (Import Result ID: '661aa136c3708b64bcbcff2da023eba9') in 0.0303504 seconds [static and dynamic dependencies]. Details - ImportResultOutputID=498df070c309d54bb202c679f952ebdc DependenciesID=c88491d34c6935b46914c47584083a19 StaticDependenciesID=f928a509ab4befe4c79531347a791a35 
Number of updated asset objects reloaded before import = 0Number of asset objects unloaded after import = 3

========================================================================
Received Import Request.
  Time since last request: 6.155271 seconds.
  path: Assets/Art/Characters/07 Asspio/Asspio.mat
  importAddress: Guid(02a6a5afb08f3a043940c8f1aaed2615) Importer(2089858483,b0f066a214c2f5e87bad3c948f4d605d)
Start importing Assets/Art/Characters/07 Asspio/Asspio.mat using Guid(02a6a5afb08f3a043940c8f1aaed2615) Importer(2089858483,b0f066a214c2f5e87bad3c948f4d605d) (ScriptedImporter) -> (Import Result ID: '7660d4e3d0605f3d6a4153770e33de60') in 0.0921755 seconds [static and dynamic dependencies]. Details - ImportResultOutputID=7576db81a529953ef3683999bebdaf2e DependenciesID=4d114765127e3c4fb7f00a6ad976af53 StaticDependenciesID=92aee160d46afa284ffdd94eac8ed9d5 
Number of updated asset objects reloaded before import = 0Number of asset objects unloaded after import = 2

========================================================================
Received Import Request.
  Time since last request: 0.000021 seconds.
  path: Assets/Art/Characters/01 Sanic/SanicTrail 1.mat
  importAddress: Guid(cc0fdb58596c87745ab963216e1777e7) Importer(2089858483,b0f066a214c2f5e87bad3c948f4d605d)
Start importing Assets/Art/Characters/01 Sanic/SanicTrail 1.mat using Guid(cc0fdb58596c87745ab963216e1777e7) Importer(2089858483,b0f066a214c2f5e87bad3c948f4d605d) (ScriptedImporter) -> (Import Result ID: '9b3e1b0c14eaa26f6f5f287879963349') in 0.0136266 seconds [static and dynamic dependencies]. Details - ImportResultOutputID=5d99396533dfa03e6db5afe3f4cbabd7 DependenciesID=4df8c8c526a18015e34ec0da6ea2633c StaticDependenciesID=2991005a92a4aa14ee39d7d0971a96ff 
Number of updated asset objects reloaded before import = 0Number of asset objects unloaded after import = 2

========================================================================
Received Import Request.
  Time since last request: 0.000028 seconds.
  path: Assets/Art/Easter eggs/Dank Train/Materials/BiggieSmalls.mat
  importAddress: Guid(8720a90421b542d4aa399104c74d4ae0) Importer(2089858483,b0f066a214c2f5e87bad3c948f4d605d)
Start importing Assets/Art/Easter eggs/Dank Train/Materials/BiggieSmalls.mat using Guid(8720a90421b542d4aa399104c74d4ae0) Importer(2089858483,b0f066a214c2f5e87bad3c948f4d605d) (ScriptedImporter) -> (Import Result ID: 'ad37a67aab6beb7bb89ad61ea6593986') in 0.0177928 seconds [static and dynamic dependencies]. Details - ImportResultOutputID=7247c102ea13ec45e04ea018e90594f7 DependenciesID=77b8dfc92f4c268da9a730a5cea480ce StaticDependenciesID=2bc003425dea08a3be7c7882eddc6ae5 
Number of updated asset objects reloaded before import = 0Number of asset objects unloaded after import = 2

========================================================================
Received Prepare
Begin MonoManager ReloadAssembly
[Licensing::Client] Successfully resolved entitlement details
[Licensing::Module] License group:
  Id: F4-MESN-GUW7-62D3-FRZW-XXXX
  Product: Unity Personal
  Type: ULF
  Expiration: Unlimited
[Licensing::Module] License group:
  Id: 9071283907225-UnityPersXXXX
  Product: Unity Personal
  Type: Assigned
  Expiration: Unlimited
Duplicate assembly 'Newtonsoft.Json.dll' with different versions detected, using 'Packages/com.unity.nuget.newtonsoft-json/Runtime/Newtonsoft.Json.dll, AssemblyName=Newtonsoft.Json, Version=13.0.0.0, Culture=neutral, PublicKeyToken=30ad4fe6b2a6aeed' and ignoring 'Assets/Assemblies/Newtonsoft.Json.dll, AssemblyName=Newtonsoft.Json, Version=6.0.0.0, Culture=neutral, PublicKeyToken=30ad4fe6b2a6aeed'.Assembly Assembly-CSharp-Editor-firstpass.dll at Library/ScriptAssemblies/Assembly-CSharp-Editor-firstpass.dll not valid. Loading of assembly skipped.
Assembly DocCodeExamples.dll at Library/ScriptAssemblies/DocCodeExamples.dll not valid. Loading of assembly skipped.
Assembly TestNewCustomAssembly.dll at Library/ScriptAssemblies/TestNewCustomAssembly.dll not valid. Loading of assembly skipped.
Assembly Unity.2D.Sprite.Package.EditorTests.dll at Library/ScriptAssemblies/Unity.2D.Sprite.Package.EditorTests.dll not valid. Loading of assembly skipped.
Assembly Unity.2D.Tilemap.Package.EditorTests.dll at Library/ScriptAssemblies/Unity.2D.Tilemap.Package.EditorTests.dll not valid. Loading of assembly skipped.
Assembly Unity.Analytics.DataPrivacy.Tests.dll at Library/ScriptAssemblies/Unity.Analytics.DataPrivacy.Tests.dll not valid. Loading of assembly skipped.
Assembly Unity.Analytics.StandardEvents.EditorTests.dll at Library/ScriptAssemblies/Unity.Analytics.StandardEvents.EditorTests.dll not valid. Loading of assembly skipped.
Assembly Unity.Collections.BurstCompatibilityGen.dll at Library/ScriptAssemblies/Unity.Collections.BurstCompatibilityGen.dll not valid. Loading of assembly skipped.
Assembly Unity.Collections.DocCodeSamples.dll at Library/ScriptAssemblies/Unity.Collections.DocCodeSamples.dll not valid. Loading of assembly skipped.
Assembly Unity.Collections.PerformanceTests.dll at Library/ScriptAssemblies/Unity.Collections.PerformanceTests.dll not valid. Loading of assembly skipped.
Assembly Unity.Collections.Tests.dll at Library/ScriptAssemblies/Unity.Collections.Tests.dll not valid. Loading of assembly skipped.
Assembly Unity.Collections.Tests.Playmode.dll at Library/ScriptAssemblies/Unity.Collections.Tests.Playmode.dll not valid. Loading of assembly skipped.
Assembly Unity.Mathematics.Tests.dll at Library/ScriptAssemblies/Unity.Mathematics.Tests.dll not valid. Loading of assembly skipped.
Assembly Unity.Multiplayer.Center.Editor.Tests.dll at Library/ScriptAssemblies/Unity.Multiplayer.Center.Editor.Tests.dll not valid. Loading of assembly skipped.
Assembly Unity.Multiplayer.Center.Tests.dll at Library/ScriptAssemblies/Unity.Multiplayer.Center.Tests.dll not valid. Loading of assembly skipped.
Assembly Unity.Nuget.Mono-Cecil.dll at Library/ScriptAssemblies/Unity.Nuget.Mono-Cecil.dll not valid. Loading of assembly skipped.
Assembly Unity.PathTracing.Editor.Tests.dll at Library/ScriptAssemblies/Unity.PathTracing.Editor.Tests.dll not valid. Loading of assembly skipped.
Assembly Unity.PathTracing.Runtime.Tests.dll at Library/ScriptAssemblies/Unity.PathTracing.Runtime.Tests.dll not valid. Loading of assembly skipped.
Assembly Unity.RenderPipelines.Core.Editor.Tests.dll at Library/ScriptAssemblies/Unity.RenderPipelines.Core.Editor.Tests.dll not valid. Loading of assembly skipped.
Assembly Unity.RenderPipelines.Core.Runtime.Tests.dll at Library/ScriptAssemblies/Unity.RenderPipelines.Core.Runtime.Tests.dll not valid. Loading of assembly skipped.
Assembly Unity.RenderPipelines.Universal.Config.Editor.Tests.dll at Library/ScriptAssemblies/Unity.RenderPipelines.Universal.Config.Editor.Tests.dll not valid. Loading of assembly skipped.
Assembly Unity.RenderPipelines.Universal.Editor.Tests.dll at Library/ScriptAssemblies/Unity.RenderPipelines.Universal.Editor.Tests.dll not valid. Loading of assembly skipped.
Assembly Unity.RenderPipelines.Universal.Runtime.Tests.dll at Library/ScriptAssemblies/Unity.RenderPipelines.Universal.Runtime.Tests.dll not valid. Loading of assembly skipped.
Assembly Unity.Searcher.EditorTests.dll at Library/ScriptAssemblies/Unity.Searcher.EditorTests.dll not valid. Loading of assembly skipped.
Assembly Unity.ShaderGraph.Editor.Tests.dll at Library/ScriptAssemblies/Unity.ShaderGraph.Editor.Tests.dll not valid. Loading of assembly skipped.
Assembly Unity.TextMeshPro.Editor.Tests.dll at Library/ScriptAssemblies/Unity.TextMeshPro.Editor.Tests.dll not valid. Loading of assembly skipped.
Assembly Unity.TextMeshPro.Tests.dll at Library/ScriptAssemblies/Unity.TextMeshPro.Tests.dll not valid. Loading of assembly skipped.
Assembly Unity.UnifiedRayTracing.Editor.Tests.dll at Library/ScriptAssemblies/Unity.UnifiedRayTracing.Editor.Tests.dll not valid. Loading of assembly skipped.
Assembly UnityEditor.UI.Common.Tests.dll at Library/ScriptAssemblies/UnityEditor.UI.Common.Tests.dll not valid. Loading of assembly skipped.
Assembly UnityEditor.UI.EditorTests.dll at Library/ScriptAssemblies/UnityEditor.UI.EditorTests.dll not valid. Loading of assembly skipped.
Assembly UnityEditor.XR.LegacyInputHelpers.Tests.dll at Library/ScriptAssemblies/UnityEditor.XR.LegacyInputHelpers.Tests.dll not valid. Loading of assembly skipped.
Assembly UnityEngine.Advertisements.Editor.Tests.dll at Library/ScriptAssemblies/UnityEngine.Advertisements.Editor.Tests.dll not valid. Loading of assembly skipped.
Assembly UnityEngine.Advertisements.Tests.dll at Library/ScriptAssemblies/UnityEngine.Advertisements.Tests.dll not valid. Loading of assembly skipped.
Assembly UnityEngine.Purchasing.Apple.dll at Library/ScriptAssemblies/UnityEngine.Purchasing.Apple.dll not valid. Loading of assembly skipped.
Assembly UnityEngine.Purchasing.AppleMacos.dll at Library/ScriptAssemblies/UnityEngine.Purchasing.AppleMacos.dll not valid. Loading of assembly skipped.
Assembly UnityEngine.Purchasing.Security.dll at Library/ScriptAssemblies/UnityEngine.Purchasing.Security.dll not valid. Loading of assembly skipped.
Assembly UnityEngine.Purchasing.WinRT.dll at Library/ScriptAssemblies/UnityEngine.Purchasing.WinRT.dll not valid. Loading of assembly skipped.
Assembly UnityEngine.SpatialTracking.Tests.dll at Library/ScriptAssemblies/UnityEngine.SpatialTracking.Tests.dll not valid. Loading of assembly skipped.
Assembly UnityEngine.UI.Tests.dll at Library/ScriptAssemblies/UnityEngine.UI.Tests.dll not valid. Loading of assembly skipped.
Symbol file LoadedFromMemory is not a mono symbol file
OnLevelWasLoaded was found on MatchManager
This message has been deprecated and will be removed in a later version of Unity.
Add a delegate to SceneManager.sceneLoaded instead to get notifications after scene loading has completed
Refreshing native plugins compatible for Editor in 4.22 ms, found 2 plugins.
OnLevelWasLoaded was found on MatchManager
This message has been deprecated and will be removed in a later version of Unity.
Add a delegate to SceneManager.sceneLoaded instead to get notifications after scene loading has completed
Native extension for Android target not found
Native extension for WindowsStandalone target not found
[Package Manager] Failed to launch server process. Reason: Unity was launched with the -noUpm command-line argument
[Package Manager] Unable to send message (not connected to server process).
[Package Manager] Cannot connect to Unity Package Manager local server
[Package Manager] Failed to launch server process. Reason: Unity was launched with the -noUpm command-line argument
[Package Manager] Unable to send message (not connected to server process).
[Package Manager] Cannot connect to Unity Package Manager local server
ScheduleIndexationOnStartup MainProcess:False IndexOnStartup:True
Mono: successfully reloaded assembly
- Finished resetting the current domain, in  0.966 seconds
Domain Reload Profiling: 2041ms
	BeginReloadAssembly (307ms)
		DisableScriptedObjects (41ms)
		CreateAndSetChildDomain (93ms)
	RebuildCommonClasses (60ms)
	RebuildNativeTypeToScriptingClass (18ms)
	initialDomainReloadingComplete (80ms)
	LoadAllAssembliesAndSetupDomain (608ms)
		LoadAssemblies (550ms)
		AnalyzeDomain (166ms)
			TypeCache.Refresh (7ms)
			BuildScriptInfoCaches (144ms)
			ResolveRequiredComponents (13ms)
	FinalizeReload (967ms)
		SetupLoadedEditorAssemblies (0ms)
			InitializePlatformSupportModulesInManaged (10ms)
			BeforeProcessingInitializeOnLoad (161ms)
			ProcessInitializeOnLoadAttributes (259ms)
			ProcessInitializeOnLoadMethodAttributes (313ms)
		AwakeInstancesAfterBackupRestoration (23ms)
Refreshing native plugins compatible for Editor in 6.75 ms, found 2 plugins.
Unloading 27 Unused Serialized files (Serialized files now loaded: 0)
Unloading 5664 unused Assets / (6.0 MB). Loaded Objects now: 6616.
Memory consumption went from 181.9 MB to 176.0 MB.
Total: 13.789200 ms (FindLiveObjects: 0.910000 ms CreateObjectMapping: 0.780800 ms MarkObjects: 9.548500 ms  DeleteObjects: 2.548200 ms)

Prepare: number of updated asset objects reloaded= 0
========================================================================
Received Import Request.
  Time since last request: 73.644179 seconds.
  path: Assets/Art/Characters/07 Asspio
  importAddress: Guid(9bab3f769236286479003283b37232c8) Importer(815301076,1909f56bfc062723c751e8b465ee728b)
Start importing Assets/Art/Characters/07 Asspio using Guid(9bab3f769236286479003283b37232c8) Importer(815301076,1909f56bfc062723c751e8b465ee728b) (PreviewImporter) -> (Import Result ID: '99f8c23f8e7a9a62fd345f9b944bcbf3') in 0.0039772 seconds [static and dynamic dependencies]. Details - ImportResultOutputID=57edb200559072a4df4fe14c118bc2dd DependenciesID=3340e0adb81871a7c3d646519a53c58f StaticDependenciesID=a496dbab287c6cfb16de38740dc99aab 
Number of updated asset objects reloaded before import = 0Number of asset objects unloaded after import = 0

========================================================================
Received Import Request.
  Time since last request: 0.009605 seconds.
  path: Assets/Art/Characters/07 Asspio/Asspio.mat
  importAddress: Guid(02a6a5afb08f3a043940c8f1aaed2615) Importer(815301076,1909f56bfc062723c751e8b465ee728b)
Start importing Assets/Art/Characters/07 Asspio/Asspio.mat using Guid(02a6a5afb08f3a043940c8f1aaed2615) Importer(815301076,1909f56bfc062723c751e8b465ee728b) (PreviewImporter) -> (Import Result ID: '4d627c2dea2f653f65d5e87fa0c98106') in 0.4884994 seconds [static and dynamic dependencies]. Details - ImportResultOutputID=6f04e091413dce6b8c5c42c4df5a4fdd DependenciesID=d998bfd05b81d5e029775e0f8744b66c StaticDependenciesID=6916ab947d0ceb87e1ca55d0fcec3856 
Number of updated asset objects reloaded before import = 0Number of asset objects unloaded after import = 3

========================================================================
Received Import Request.
  Time since last request: 6.666196 seconds.
  path: Assets/Art/Characters/07 Asspio/AsspioTrail.mat
  importAddress: Guid(5eb3bbf05aefbd44593b0b15905804a5) Importer(815301076,1909f56bfc062723c751e8b465ee728b)
Start importing Assets/Art/Characters/07 Asspio/AsspioTrail.mat using Guid(5eb3bbf05aefbd44593b0b15905804a5) Importer(815301076,1909f56bfc062723c751e8b465ee728b) (PreviewImporter) -> (Import Result ID: '7477d397af781e1fcdc069346e819be1') in 0.2561105 seconds [static and dynamic dependencies]. Details - ImportResultOutputID=c9c67f12568413b4e9a501d97c676e38 DependenciesID=cebc055bb726242c7657b26d2c9956ed StaticDependenciesID=94620777cef5e26774f2cd93112a85ad 
Number of updated asset objects reloaded before import = 0Number of asset objects unloaded after import = 7

========================================================================
Received Prepare
Begin MonoManager ReloadAssembly
Duplicate assembly 'Newtonsoft.Json.dll' with different versions detected, using 'Packages/com.unity.nuget.newtonsoft-json/Runtime/Newtonsoft.Json.dll, AssemblyName=Newtonsoft.Json, Version=13.0.0.0, Culture=neutral, PublicKeyToken=30ad4fe6b2a6aeed' and ignoring 'Assets/Assemblies/Newtonsoft.Json.dll, AssemblyName=Newtonsoft.Json, Version=6.0.0.0, Culture=neutral, PublicKeyToken=30ad4fe6b2a6aeed'.Assembly Assembly-CSharp-Editor-firstpass.dll at Library/ScriptAssemblies/Assembly-CSharp-Editor-firstpass.dll not valid. Loading of assembly skipped.
Assembly DocCodeExamples.dll at Library/ScriptAssemblies/DocCodeExamples.dll not valid. Loading of assembly skipped.
Assembly TestNewCustomAssembly.dll at Library/ScriptAssemblies/TestNewCustomAssembly.dll not valid. Loading of assembly skipped.
Assembly Unity.2D.Sprite.Package.EditorTests.dll at Library/ScriptAssemblies/Unity.2D.Sprite.Package.EditorTests.dll not valid. Loading of assembly skipped.
Assembly Unity.2D.Tilemap.Package.EditorTests.dll at Library/ScriptAssemblies/Unity.2D.Tilemap.Package.EditorTests.dll not valid. Loading of assembly skipped.
Assembly Unity.Analytics.DataPrivacy.Tests.dll at Library/ScriptAssemblies/Unity.Analytics.DataPrivacy.Tests.dll not valid. Loading of assembly skipped.
Assembly Unity.Analytics.StandardEvents.EditorTests.dll at Library/ScriptAssemblies/Unity.Analytics.StandardEvents.EditorTests.dll not valid. Loading of assembly skipped.
Assembly Unity.Collections.BurstCompatibilityGen.dll at Library/ScriptAssemblies/Unity.Collections.BurstCompatibilityGen.dll not valid. Loading of assembly skipped.
Assembly Unity.Collections.DocCodeSamples.dll at Library/ScriptAssemblies/Unity.Collections.DocCodeSamples.dll not valid. Loading of assembly skipped.
Assembly Unity.Collections.PerformanceTests.dll at Library/ScriptAssemblies/Unity.Collections.PerformanceTests.dll not valid. Loading of assembly skipped.
Assembly Unity.Collections.Tests.dll at Library/ScriptAssemblies/Unity.Collections.Tests.dll not valid. Loading of assembly skipped.
Assembly Unity.Collections.Tests.Playmode.dll at Library/ScriptAssemblies/Unity.Collections.Tests.Playmode.dll not valid. Loading of assembly skipped.
Assembly Unity.Mathematics.Tests.dll at Library/ScriptAssemblies/Unity.Mathematics.Tests.dll not valid. Loading of assembly skipped.
Assembly Unity.Multiplayer.Center.Editor.Tests.dll at Library/ScriptAssemblies/Unity.Multiplayer.Center.Editor.Tests.dll not valid. Loading of assembly skipped.
Assembly Unity.Multiplayer.Center.Tests.dll at Library/ScriptAssemblies/Unity.Multiplayer.Center.Tests.dll not valid. Loading of assembly skipped.
Assembly Unity.Nuget.Mono-Cecil.dll at Library/ScriptAssemblies/Unity.Nuget.Mono-Cecil.dll not valid. Loading of assembly skipped.
Assembly Unity.PathTracing.Editor.Tests.dll at Library/ScriptAssemblies/Unity.PathTracing.Editor.Tests.dll not valid. Loading of assembly skipped.
Assembly Unity.PathTracing.Runtime.Tests.dll at Library/ScriptAssemblies/Unity.PathTracing.Runtime.Tests.dll not valid. Loading of assembly skipped.
Assembly Unity.RenderPipelines.Core.Editor.Tests.dll at Library/ScriptAssemblies/Unity.RenderPipelines.Core.Editor.Tests.dll not valid. Loading of assembly skipped.
Assembly Unity.RenderPipelines.Core.Runtime.Tests.dll at Library/ScriptAssemblies/Unity.RenderPipelines.Core.Runtime.Tests.dll not valid. Loading of assembly skipped.
Assembly Unity.RenderPipelines.Universal.Config.Editor.Tests.dll at Library/ScriptAssemblies/Unity.RenderPipelines.Universal.Config.Editor.Tests.dll not valid. Loading of assembly skipped.
Assembly Unity.RenderPipelines.Universal.Editor.Tests.dll at Library/ScriptAssemblies/Unity.RenderPipelines.Universal.Editor.Tests.dll not valid. Loading of assembly skipped.
Assembly Unity.RenderPipelines.Universal.Runtime.Tests.dll at Library/ScriptAssemblies/Unity.RenderPipelines.Universal.Runtime.Tests.dll not valid. Loading of assembly skipped.
Assembly Unity.Searcher.EditorTests.dll at Library/ScriptAssemblies/Unity.Searcher.EditorTests.dll not valid. Loading of assembly skipped.
Assembly Unity.ShaderGraph.Editor.Tests.dll at Library/ScriptAssemblies/Unity.ShaderGraph.Editor.Tests.dll not valid. Loading of assembly skipped.
Assembly Unity.TextMeshPro.Editor.Tests.dll at Library/ScriptAssemblies/Unity.TextMeshPro.Editor.Tests.dll not valid. Loading of assembly skipped.
Assembly Unity.TextMeshPro.Tests.dll at Library/ScriptAssemblies/Unity.TextMeshPro.Tests.dll not valid. Loading of assembly skipped.
Assembly Unity.UnifiedRayTracing.Editor.Tests.dll at Library/ScriptAssemblies/Unity.UnifiedRayTracing.Editor.Tests.dll not valid. Loading of assembly skipped.
Assembly UnityEditor.UI.Common.Tests.dll at Library/ScriptAssemblies/UnityEditor.UI.Common.Tests.dll not valid. Loading of assembly skipped.
Assembly UnityEditor.UI.EditorTests.dll at Library/ScriptAssemblies/UnityEditor.UI.EditorTests.dll not valid. Loading of assembly skipped.
Assembly UnityEditor.XR.LegacyInputHelpers.Tests.dll at Library/ScriptAssemblies/UnityEditor.XR.LegacyInputHelpers.Tests.dll not valid. Loading of assembly skipped.
Assembly UnityEngine.Advertisements.Editor.Tests.dll at Library/ScriptAssemblies/UnityEngine.Advertisements.Editor.Tests.dll not valid. Loading of assembly skipped.
Assembly UnityEngine.Advertisements.Tests.dll at Library/ScriptAssemblies/UnityEngine.Advertisements.Tests.dll not valid. Loading of assembly skipped.
Assembly UnityEngine.Purchasing.Apple.dll at Library/ScriptAssemblies/UnityEngine.Purchasing.Apple.dll not valid. Loading of assembly skipped.
Assembly UnityEngine.Purchasing.AppleMacos.dll at Library/ScriptAssemblies/UnityEngine.Purchasing.AppleMacos.dll not valid. Loading of assembly skipped.
Assembly UnityEngine.Purchasing.Security.dll at Library/ScriptAssemblies/UnityEngine.Purchasing.Security.dll not valid. Loading of assembly skipped.
Assembly UnityEngine.Purchasing.WinRT.dll at Library/ScriptAssemblies/UnityEngine.Purchasing.WinRT.dll not valid. Loading of assembly skipped.
Assembly UnityEngine.SpatialTracking.Tests.dll at Library/ScriptAssemblies/UnityEngine.SpatialTracking.Tests.dll not valid. Loading of assembly skipped.
Assembly UnityEngine.UI.Tests.dll at Library/ScriptAssemblies/UnityEngine.UI.Tests.dll not valid. Loading of assembly skipped.
Symbol file LoadedFromMemory is not a mono symbol file
OnLevelWasLoaded was found on MatchManager
This message has been deprecated and will be removed in a later version of Unity.
Add a delegate to SceneManager.sceneLoaded instead to get notifications after scene loading has completed
Refreshing native plugins compatible for Editor in 4.41 ms, found 2 plugins.
OnLevelWasLoaded was found on MatchManager
This message has been deprecated and will be removed in a later version of Unity.
Add a delegate to SceneManager.sceneLoaded instead to get notifications after scene loading has completed
Native extension for Android target not found
Native extension for WindowsStandalone target not found
[Package Manager] Failed to launch server process. Reason: Unity was launched with the -noUpm command-line argument
[Package Manager] Unable to send message (not connected to server process).
[Package Manager] Cannot connect to Unity Package Manager local server
[Package Manager] Failed to launch server process. Reason: Unity was launched with the -noUpm command-line argument
[Package Manager] Unable to send message (not connected to server process).
[Package Manager] Cannot connect to Unity Package Manager local server
ScheduleIndexationOnStartup MainProcess:False IndexOnStartup:True
Mono: successfully reloaded assembly
- Finished resetting the current domain, in  1.021 seconds
Domain Reload Profiling: 1808ms
	BeginReloadAssembly (239ms)
		DisableScriptedObjects (21ms)
		CreateAndSetChildDomain (56ms)
	RebuildCommonClasses (36ms)
	RebuildNativeTypeToScriptingClass (10ms)
	initialDomainReloadingComplete (61ms)
	LoadAllAssembliesAndSetupDomain (439ms)
		LoadAssemblies (376ms)
		AnalyzeDomain (170ms)
			TypeCache.Refresh (6ms)
			BuildScriptInfoCaches (151ms)
			ResolveRequiredComponents (11ms)
	FinalizeReload (1022ms)
		SetupLoadedEditorAssemblies (0ms)
			InitializePlatformSupportModulesInManaged (11ms)
			BeforeProcessingInitializeOnLoad (162ms)
			ProcessInitializeOnLoadAttributes (276ms)
			ProcessInitializeOnLoadMethodAttributes (330ms)
			AfterProcessingInitializeOnLoad (3ms)
		AwakeInstancesAfterBackupRestoration (21ms)
Refreshing native plugins compatible for Editor in 5.64 ms, found 2 plugins.
Unloading 25 Unused Serialized files (Serialized files now loaded: 0)
Unloading 5651 unused Assets / (5.2 MB). Loaded Objects now: 6640.
Memory consumption went from 181.8 MB to 176.5 MB.
Total: 12.309200 ms (FindLiveObjects: 0.772300 ms CreateObjectMapping: 0.395600 ms MarkObjects: 9.086900 ms  DeleteObjects: 2.053000 ms)

Prepare: number of updated asset objects reloaded= 0
========================================================================
Received Import Request.
  Time since last request: 28.008478 seconds.
  path: Assets/Art/Characters/01 Sanic/SanicTrail.mat
  importAddress: Guid(9ce71dd0ced43204d80391225a2d06fa) Importer(815301076,1909f56bfc062723c751e8b465ee728b)
Start importing Assets/Art/Characters/01 Sanic/SanicTrail.mat using Guid(9ce71dd0ced43204d80391225a2d06fa) Importer(815301076,1909f56bfc062723c751e8b465ee728b) (PreviewImporter) -> (Import Result ID: '7b99a3f9dd88fd93b66912b79805f1c8') in 0.396178 seconds [static and dynamic dependencies]. Details - ImportResultOutputID=ebacf0435bfd9c8fe88be0a2c9639552 DependenciesID=ba008ee8ccd4751afbabdfba0be64ef4 StaticDependenciesID=5a53bc89796841d10852c848df557178 
Number of updated asset objects reloaded before import = 0Number of asset objects unloaded after import = 7

========================================================================
Received Import Request.
  Time since last request: 4.668499 seconds.
  path: Assets/Art/Characters/02 Knackles
  importAddress: Guid(92179f960f7294445a6f4ca3bd055e89) Importer(815301076,1909f56bfc062723c751e8b465ee728b)
Start importing Assets/Art/Characters/02 Knackles using Guid(92179f960f7294445a6f4ca3bd055e89) Importer(815301076,1909f56bfc062723c751e8b465ee728b) (PreviewImporter) -> (Import Result ID: '837efbf3cb282d82d31bea98311f3ffe') in 0.0010051 seconds [static and dynamic dependencies]. Details - ImportResultOutputID=63f0d47eb2a3b5238ba903db7fc5f15a DependenciesID=1f1c948209c51888e6184f772b921bb3 StaticDependenciesID=9c496fa9f7c655327ba0e0f61bec6c19 
Number of updated asset objects reloaded before import = 0Number of asset objects unloaded after import = 0

========================================================================
Received Import Request.
  Time since last request: 0.018461 seconds.
  path: Assets/Art/Characters/02 Knackles/Knackles.png
  importAddress: Guid(ae4f7e105b0ce5948a2074f2e9a0d874) Importer(815301076,1909f56bfc062723c751e8b465ee728b)
Start importing Assets/Art/Characters/02 Knackles/Knackles.png using Guid(ae4f7e105b0ce5948a2074f2e9a0d874) Importer(815301076,1909f56bfc062723c751e8b465ee728b) (PreviewImporter) -> (Import Result ID: '9d321e415da32548c2ef9172ccee6dfb') in 0.0254928 seconds [static and dynamic dependencies]. Details - ImportResultOutputID=ad360ee4308ec27db53c7adb1d48c873 DependenciesID=502734dd9717c09dcaa20b36c228adfc StaticDependenciesID=7532b0a1eed6b220f8229b4f2a5368c6 
Number of updated asset objects reloaded before import = 0Number of asset objects unloaded after import = 2

========================================================================
Received Import Request.
  Time since last request: 20.593283 seconds.
  path: Assets/Art/Characters/03 Taels
  importAddress: Guid(6215e8e72166e7f40b250f88424f13db) Importer(815301076,1909f56bfc062723c751e8b465ee728b)
Start importing Assets/Art/Characters/03 Taels using Guid(6215e8e72166e7f40b250f88424f13db) Importer(815301076,1909f56bfc062723c751e8b465ee728b) (PreviewImporter) -> (Import Result ID: '9dae64736732845de472198cee4803c6') in 0.0010031 seconds [static and dynamic dependencies]. Details - ImportResultOutputID=1953a9a4934489fc8168dc7385413c54 DependenciesID=bc844730d4605078a6fe78dbbc9ca0d1 StaticDependenciesID=db8df1d916c343d68524478be12e6a85 
Number of updated asset objects reloaded before import = 0Number of asset objects unloaded after import = 0

========================================================================
Received Import Request.
  Time since last request: 0.335112 seconds.
  path: Assets/Art/Characters/04 Ame Roes
  importAddress: Guid(ac2e0699996efc845b0190e65c24d1f9) Importer(815301076,1909f56bfc062723c751e8b465ee728b)
Start importing Assets/Art/Characters/04 Ame Roes using Guid(ac2e0699996efc845b0190e65c24d1f9) Importer(815301076,1909f56bfc062723c751e8b465ee728b) (PreviewImporter) -> (Import Result ID: '5e9e61d990903f7d8473d3f1012a8ffa') in 0.0005757 seconds [static and dynamic dependencies]. Details - ImportResultOutputID=7ffb23e661fb813ae68bf8a10ad2633d DependenciesID=317c5caa5eec3e426f3cd7db95600501 StaticDependenciesID=5bb62e7c79fd87c3799ba373bac24492 
Number of updated asset objects reloaded before import = 0Number of asset objects unloaded after import = 0

========================================================================
Received Prepare
Begin MonoManager ReloadAssembly
[Licensing::Client] Successfully resolved entitlement details
[Licensing::Module] License group:
  Id: F4-MESN-GUW7-62D3-FRZW-XXXX
  Product: Unity Personal
  Type: ULF
  Expiration: Unlimited
[Licensing::Module] License group:
  Id: 9071283907225-UnityPersXXXX
  Product: Unity Personal
  Type: Assigned
  Expiration: Unlimited
Duplicate assembly 'Newtonsoft.Json.dll' with different versions detected, using 'Packages/com.unity.nuget.newtonsoft-json/Runtime/Newtonsoft.Json.dll, AssemblyName=Newtonsoft.Json, Version=13.0.0.0, Culture=neutral, PublicKeyToken=30ad4fe6b2a6aeed' and ignoring 'Assets/Assemblies/Newtonsoft.Json.dll, AssemblyName=Newtonsoft.Json, Version=6.0.0.0, Culture=neutral, PublicKeyToken=30ad4fe6b2a6aeed'.Assembly Assembly-CSharp-Editor-firstpass.dll at Library/ScriptAssemblies/Assembly-CSharp-Editor-firstpass.dll not valid. Loading of assembly skipped.
Assembly DocCodeExamples.dll at Library/ScriptAssemblies/DocCodeExamples.dll not valid. Loading of assembly skipped.
Assembly TestNewCustomAssembly.dll at Library/ScriptAssemblies/TestNewCustomAssembly.dll not valid. Loading of assembly skipped.
Assembly Unity.2D.Sprite.Package.EditorTests.dll at Library/ScriptAssemblies/Unity.2D.Sprite.Package.EditorTests.dll not valid. Loading of assembly skipped.
Assembly Unity.2D.Tilemap.Package.EditorTests.dll at Library/ScriptAssemblies/Unity.2D.Tilemap.Package.EditorTests.dll not valid. Loading of assembly skipped.
Assembly Unity.Analytics.DataPrivacy.Tests.dll at Library/ScriptAssemblies/Unity.Analytics.DataPrivacy.Tests.dll not valid. Loading of assembly skipped.
Assembly Unity.Analytics.StandardEvents.EditorTests.dll at Library/ScriptAssemblies/Unity.Analytics.StandardEvents.EditorTests.dll not valid. Loading of assembly skipped.
Assembly Unity.Collections.BurstCompatibilityGen.dll at Library/ScriptAssemblies/Unity.Collections.BurstCompatibilityGen.dll not valid. Loading of assembly skipped.
Assembly Unity.Collections.DocCodeSamples.dll at Library/ScriptAssemblies/Unity.Collections.DocCodeSamples.dll not valid. Loading of assembly skipped.
Assembly Unity.Collections.PerformanceTests.dll at Library/ScriptAssemblies/Unity.Collections.PerformanceTests.dll not valid. Loading of assembly skipped.
Assembly Unity.Collections.Tests.dll at Library/ScriptAssemblies/Unity.Collections.Tests.dll not valid. Loading of assembly skipped.
Assembly Unity.Collections.Tests.Playmode.dll at Library/ScriptAssemblies/Unity.Collections.Tests.Playmode.dll not valid. Loading of assembly skipped.
Assembly Unity.Mathematics.Tests.dll at Library/ScriptAssemblies/Unity.Mathematics.Tests.dll not valid. Loading of assembly skipped.
Assembly Unity.Multiplayer.Center.Editor.Tests.dll at Library/ScriptAssemblies/Unity.Multiplayer.Center.Editor.Tests.dll not valid. Loading of assembly skipped.
Assembly Unity.Multiplayer.Center.Tests.dll at Library/ScriptAssemblies/Unity.Multiplayer.Center.Tests.dll not valid. Loading of assembly skipped.
Assembly Unity.Nuget.Mono-Cecil.dll at Library/ScriptAssemblies/Unity.Nuget.Mono-Cecil.dll not valid. Loading of assembly skipped.
Assembly Unity.PathTracing.Editor.Tests.dll at Library/ScriptAssemblies/Unity.PathTracing.Editor.Tests.dll not valid. Loading of assembly skipped.
Assembly Unity.PathTracing.Runtime.Tests.dll at Library/ScriptAssemblies/Unity.PathTracing.Runtime.Tests.dll not valid. Loading of assembly skipped.
Assembly Unity.RenderPipelines.Core.Editor.Tests.dll at Library/ScriptAssemblies/Unity.RenderPipelines.Core.Editor.Tests.dll not valid. Loading of assembly skipped.
Assembly Unity.RenderPipelines.Core.Runtime.Tests.dll at Library/ScriptAssemblies/Unity.RenderPipelines.Core.Runtime.Tests.dll not valid. Loading of assembly skipped.
Assembly Unity.RenderPipelines.Universal.Config.Editor.Tests.dll at Library/ScriptAssemblies/Unity.RenderPipelines.Universal.Config.Editor.Tests.dll not valid. Loading of assembly skipped.
Assembly Unity.RenderPipelines.Universal.Editor.Tests.dll at Library/ScriptAssemblies/Unity.RenderPipelines.Universal.Editor.Tests.dll not valid. Loading of assembly skipped.
Assembly Unity.RenderPipelines.Universal.Runtime.Tests.dll at Library/ScriptAssemblies/Unity.RenderPipelines.Universal.Runtime.Tests.dll not valid. Loading of assembly skipped.
Assembly Unity.Searcher.EditorTests.dll at Library/ScriptAssemblies/Unity.Searcher.EditorTests.dll not valid. Loading of assembly skipped.
Assembly Unity.ShaderGraph.Editor.Tests.dll at Library/ScriptAssemblies/Unity.ShaderGraph.Editor.Tests.dll not valid. Loading of assembly skipped.
Assembly Unity.TextMeshPro.Editor.Tests.dll at Library/ScriptAssemblies/Unity.TextMeshPro.Editor.Tests.dll not valid. Loading of assembly skipped.
Assembly Unity.TextMeshPro.Tests.dll at Library/ScriptAssemblies/Unity.TextMeshPro.Tests.dll not valid. Loading of assembly skipped.
Assembly Unity.UnifiedRayTracing.Editor.Tests.dll at Library/ScriptAssemblies/Unity.UnifiedRayTracing.Editor.Tests.dll not valid. Loading of assembly skipped.
Assembly UnityEditor.UI.Common.Tests.dll at Library/ScriptAssemblies/UnityEditor.UI.Common.Tests.dll not valid. Loading of assembly skipped.
Assembly UnityEditor.UI.EditorTests.dll at Library/ScriptAssemblies/UnityEditor.UI.EditorTests.dll not valid. Loading of assembly skipped.
Assembly UnityEditor.XR.LegacyInputHelpers.Tests.dll at Library/ScriptAssemblies/UnityEditor.XR.LegacyInputHelpers.Tests.dll not valid. Loading of assembly skipped.
Assembly UnityEngine.Advertisements.Editor.Tests.dll at Library/ScriptAssemblies/UnityEngine.Advertisements.Editor.Tests.dll not valid. Loading of assembly skipped.
Assembly UnityEngine.Advertisements.Tests.dll at Library/ScriptAssemblies/UnityEngine.Advertisements.Tests.dll not valid. Loading of assembly skipped.
Assembly UnityEngine.Purchasing.Apple.dll at Library/ScriptAssemblies/UnityEngine.Purchasing.Apple.dll not valid. Loading of assembly skipped.
Assembly UnityEngine.Purchasing.AppleMacos.dll at Library/ScriptAssemblies/UnityEngine.Purchasing.AppleMacos.dll not valid. Loading of assembly skipped.
Assembly UnityEngine.Purchasing.Security.dll at Library/ScriptAssemblies/UnityEngine.Purchasing.Security.dll not valid. Loading of assembly skipped.
Assembly UnityEngine.Purchasing.WinRT.dll at Library/ScriptAssemblies/UnityEngine.Purchasing.WinRT.dll not valid. Loading of assembly skipped.
Assembly UnityEngine.SpatialTracking.Tests.dll at Library/ScriptAssemblies/UnityEngine.SpatialTracking.Tests.dll not valid. Loading of assembly skipped.
Assembly UnityEngine.UI.Tests.dll at Library/ScriptAssemblies/UnityEngine.UI.Tests.dll not valid. Loading of assembly skipped.
Symbol file LoadedFromMemory is not a mono symbol file
OnLevelWasLoaded was found on MatchManager
This message has been deprecated and will be removed in a later version of Unity.
Add a delegate to SceneManager.sceneLoaded instead to get notifications after scene loading has completed
Refreshing native plugins compatible for Editor in 4.78 ms, found 2 plugins.
OnLevelWasLoaded was found on MatchManager
This message has been deprecated and will be removed in a later version of Unity.
Add a delegate to SceneManager.sceneLoaded instead to get notifications after scene loading has completed
Native extension for Android target not found
Native extension for WindowsStandalone target not found
[Package Manager] Failed to launch server process. Reason: Unity was launched with the -noUpm command-line argument
[Package Manager] Unable to send message (not connected to server process).
[Package Manager] Cannot connect to Unity Package Manager local server
[Package Manager] Failed to launch server process. Reason: Unity was launched with the -noUpm command-line argument
[Package Manager] Unable to send message (not connected to server process).
[Package Manager] Cannot connect to Unity Package Manager local server
ScheduleIndexationOnStartup MainProcess:False IndexOnStartup:True
Mono: successfully reloaded assembly
- Finished resetting the current domain, in  0.850 seconds
Domain Reload Profiling: 1656ms
	BeginReloadAssembly (233ms)
		DisableScriptedObjects (27ms)
		CreateAndSetChildDomain (57ms)
	RebuildCommonClasses (38ms)
	RebuildNativeTypeToScriptingClass (17ms)
	initialDomainReloadingComplete (75ms)
	LoadAllAssembliesAndSetupDomain (442ms)
		LoadAssemblies (377ms)
		AnalyzeDomain (159ms)
			TypeCache.Refresh (6ms)
			BuildScriptInfoCaches (142ms)
			ResolveRequiredComponents (10ms)
	FinalizeReload (851ms)
		SetupLoadedEditorAssemblies (0ms)
			InitializePlatformSupportModulesInManaged (9ms)
			BeforeProcessingInitializeOnLoad (146ms)
			ProcessInitializeOnLoadAttributes (233ms)
			ProcessInitializeOnLoadMethodAttributes (264ms)
		AwakeInstancesAfterBackupRestoration (16ms)
Refreshing native plugins compatible for Editor in 5.21 ms, found 2 plugins.
Unloading 24 Unused Serialized files (Serialized files now loaded: 0)
Unloading 5650 unused Assets / (5.4 MB). Loaded Objects now: 6663.
Memory consumption went from 181.4 MB to 176.0 MB.
Total: 12.967600 ms (FindLiveObjects: 0.722600 ms CreateObjectMapping: 0.742600 ms MarkObjects: 8.468200 ms  DeleteObjects: 3.033100 ms)

Prepare: number of updated asset objects reloaded= 0
========================================================================
Received Prepare
Begin MonoManager ReloadAssembly
Duplicate assembly 'Newtonsoft.Json.dll' with different versions detected, using 'Packages/com.unity.nuget.newtonsoft-json/Runtime/Newtonsoft.Json.dll, AssemblyName=Newtonsoft.Json, Version=13.0.0.0, Culture=neutral, PublicKeyToken=30ad4fe6b2a6aeed' and ignoring 'Assets/Assemblies/Newtonsoft.Json.dll, AssemblyName=Newtonsoft.Json, Version=6.0.0.0, Culture=neutral, PublicKeyToken=30ad4fe6b2a6aeed'.Assembly Assembly-CSharp-Editor-firstpass.dll at Library/ScriptAssemblies/Assembly-CSharp-Editor-firstpass.dll not valid. Loading of assembly skipped.
Assembly DocCodeExamples.dll at Library/ScriptAssemblies/DocCodeExamples.dll not valid. Loading of assembly skipped.
Assembly TestNewCustomAssembly.dll at Library/ScriptAssemblies/TestNewCustomAssembly.dll not valid. Loading of assembly skipped.
Assembly Unity.2D.Sprite.Package.EditorTests.dll at Library/ScriptAssemblies/Unity.2D.Sprite.Package.EditorTests.dll not valid. Loading of assembly skipped.
Assembly Unity.2D.Tilemap.Package.EditorTests.dll at Library/ScriptAssemblies/Unity.2D.Tilemap.Package.EditorTests.dll not valid. Loading of assembly skipped.
Assembly Unity.Analytics.DataPrivacy.Tests.dll at Library/ScriptAssemblies/Unity.Analytics.DataPrivacy.Tests.dll not valid. Loading of assembly skipped.
Assembly Unity.Analytics.StandardEvents.EditorTests.dll at Library/ScriptAssemblies/Unity.Analytics.StandardEvents.EditorTests.dll not valid. Loading of assembly skipped.
Assembly Unity.Collections.BurstCompatibilityGen.dll at Library/ScriptAssemblies/Unity.Collections.BurstCompatibilityGen.dll not valid. Loading of assembly skipped.
Assembly Unity.Collections.DocCodeSamples.dll at Library/ScriptAssemblies/Unity.Collections.DocCodeSamples.dll not valid. Loading of assembly skipped.
Assembly Unity.Collections.PerformanceTests.dll at Library/ScriptAssemblies/Unity.Collections.PerformanceTests.dll not valid. Loading of assembly skipped.
Assembly Unity.Collections.Tests.dll at Library/ScriptAssemblies/Unity.Collections.Tests.dll not valid. Loading of assembly skipped.
Assembly Unity.Collections.Tests.Playmode.dll at Library/ScriptAssemblies/Unity.Collections.Tests.Playmode.dll not valid. Loading of assembly skipped.
Assembly Unity.Mathematics.Tests.dll at Library/ScriptAssemblies/Unity.Mathematics.Tests.dll not valid. Loading of assembly skipped.
Assembly Unity.Multiplayer.Center.Editor.Tests.dll at Library/ScriptAssemblies/Unity.Multiplayer.Center.Editor.Tests.dll not valid. Loading of assembly skipped.
Assembly Unity.Multiplayer.Center.Tests.dll at Library/ScriptAssemblies/Unity.Multiplayer.Center.Tests.dll not valid. Loading of assembly skipped.
Assembly Unity.Nuget.Mono-Cecil.dll at Library/ScriptAssemblies/Unity.Nuget.Mono-Cecil.dll not valid. Loading of assembly skipped.
Assembly Unity.PathTracing.Editor.Tests.dll at Library/ScriptAssemblies/Unity.PathTracing.Editor.Tests.dll not valid. Loading of assembly skipped.
Assembly Unity.PathTracing.Runtime.Tests.dll at Library/ScriptAssemblies/Unity.PathTracing.Runtime.Tests.dll not valid. Loading of assembly skipped.
Assembly Unity.RenderPipelines.Core.Editor.Tests.dll at Library/ScriptAssemblies/Unity.RenderPipelines.Core.Editor.Tests.dll not valid. Loading of assembly skipped.
Assembly Unity.RenderPipelines.Core.Runtime.Tests.dll at Library/ScriptAssemblies/Unity.RenderPipelines.Core.Runtime.Tests.dll not valid. Loading of assembly skipped.
Assembly Unity.RenderPipelines.Universal.Config.Editor.Tests.dll at Library/ScriptAssemblies/Unity.RenderPipelines.Universal.Config.Editor.Tests.dll not valid. Loading of assembly skipped.
Assembly Unity.RenderPipelines.Universal.Editor.Tests.dll at Library/ScriptAssemblies/Unity.RenderPipelines.Universal.Editor.Tests.dll not valid. Loading of assembly skipped.
Assembly Unity.RenderPipelines.Universal.Runtime.Tests.dll at Library/ScriptAssemblies/Unity.RenderPipelines.Universal.Runtime.Tests.dll not valid. Loading of assembly skipped.
Assembly Unity.Searcher.EditorTests.dll at Library/ScriptAssemblies/Unity.Searcher.EditorTests.dll not valid. Loading of assembly skipped.
Assembly Unity.ShaderGraph.Editor.Tests.dll at Library/ScriptAssemblies/Unity.ShaderGraph.Editor.Tests.dll not valid. Loading of assembly skipped.
Assembly Unity.TextMeshPro.Editor.Tests.dll at Library/ScriptAssemblies/Unity.TextMeshPro.Editor.Tests.dll not valid. Loading of assembly skipped.
Assembly Unity.TextMeshPro.Tests.dll at Library/ScriptAssemblies/Unity.TextMeshPro.Tests.dll not valid. Loading of assembly skipped.
Assembly Unity.UnifiedRayTracing.Editor.Tests.dll at Library/ScriptAssemblies/Unity.UnifiedRayTracing.Editor.Tests.dll not valid. Loading of assembly skipped.
Assembly UnityEditor.UI.Common.Tests.dll at Library/ScriptAssemblies/UnityEditor.UI.Common.Tests.dll not valid. Loading of assembly skipped.
Assembly UnityEditor.UI.EditorTests.dll at Library/ScriptAssemblies/UnityEditor.UI.EditorTests.dll not valid. Loading of assembly skipped.
Assembly UnityEditor.XR.LegacyInputHelpers.Tests.dll at Library/ScriptAssemblies/UnityEditor.XR.LegacyInputHelpers.Tests.dll not valid. Loading of assembly skipped.
Assembly UnityEngine.Advertisements.Editor.Tests.dll at Library/ScriptAssemblies/UnityEngine.Advertisements.Editor.Tests.dll not valid. Loading of assembly skipped.
Assembly UnityEngine.Advertisements.Tests.dll at Library/ScriptAssemblies/UnityEngine.Advertisements.Tests.dll not valid. Loading of assembly skipped.
Assembly UnityEngine.Purchasing.Apple.dll at Library/ScriptAssemblies/UnityEngine.Purchasing.Apple.dll not valid. Loading of assembly skipped.
Assembly UnityEngine.Purchasing.AppleMacos.dll at Library/ScriptAssemblies/UnityEngine.Purchasing.AppleMacos.dll not valid. Loading of assembly skipped.
Assembly UnityEngine.Purchasing.Security.dll at Library/ScriptAssemblies/UnityEngine.Purchasing.Security.dll not valid. Loading of assembly skipped.
Assembly UnityEngine.Purchasing.WinRT.dll at Library/ScriptAssemblies/UnityEngine.Purchasing.WinRT.dll not valid. Loading of assembly skipped.
Assembly UnityEngine.SpatialTracking.Tests.dll at Library/ScriptAssemblies/UnityEngine.SpatialTracking.Tests.dll not valid. Loading of assembly skipped.
Assembly UnityEngine.UI.Tests.dll at Library/ScriptAssemblies/UnityEngine.UI.Tests.dll not valid. Loading of assembly skipped.
Symbol file LoadedFromMemory is not a mono symbol file
OnLevelWasLoaded was found on MatchManager
This message has been deprecated and will be removed in a later version of Unity.
Add a delegate to SceneManager.sceneLoaded instead to get notifications after scene loading has completed
Refreshing native plugins compatible for Editor in 5.05 ms, found 2 plugins.
OnLevelWasLoaded was found on MatchManager
This message has been deprecated and will be removed in a later version of Unity.
Add a delegate to SceneManager.sceneLoaded instead to get notifications after scene loading has completed
Native extension for Android target not found
Native extension for WindowsStandalone target not found
[Package Manager] Failed to launch server process. Reason: Unity was launched with the -noUpm command-line argument
[Package Manager] Unable to send message (not connected to server process).
[Package Manager] Cannot connect to Unity Package Manager local server
[Package Manager] Failed to launch server process. Reason: Unity was launched with the -noUpm command-line argument
[Package Manager] Unable to send message (not connected to server process).
[Package Manager] Cannot connect to Unity Package Manager local server
ScheduleIndexationOnStartup MainProcess:False IndexOnStartup:True
Mono: successfully reloaded assembly
- Finished resetting the current domain, in  0.886 seconds
Domain Reload Profiling: 1663ms
	BeginReloadAssembly (231ms)
		DisableScriptedObjects (6ms)
		CreateAndSetChildDomain (51ms)
	RebuildCommonClasses (35ms)
	RebuildNativeTypeToScriptingClass (14ms)
	initialDomainReloadingComplete (60ms)
	LoadAllAssembliesAndSetupDomain (436ms)
		LoadAssemblies (395ms)
		AnalyzeDomain (158ms)
			TypeCache.Refresh (7ms)
			BuildScriptInfoCaches (139ms)
			ResolveRequiredComponents (10ms)
	FinalizeReload (887ms)
		SetupLoadedEditorAssemblies (0ms)
			InitializePlatformSupportModulesInManaged (10ms)
			BeforeProcessingInitializeOnLoad (144ms)
			ProcessInitializeOnLoadAttributes (237ms)
			ProcessInitializeOnLoadMethodAttributes (302ms)
		AwakeInstancesAfterBackupRestoration (24ms)
Refreshing native plugins compatible for Editor in 5.76 ms, found 2 plugins.
Unloading 24 Unused Serialized files (Serialized files now loaded: 0)
Unloading 5649 unused Assets / (5.3 MB). Loaded Objects now: 6666.
Memory consumption went from 185.4 MB to 180.1 MB.
Total: 13.538600 ms (FindLiveObjects: 0.664600 ms CreateObjectMapping: 0.367700 ms MarkObjects: 10.027700 ms  DeleteObjects: 2.477500 ms)

Prepare: number of updated asset objects reloaded= 0
========================================================================
Received Prepare
Begin MonoManager ReloadAssembly
[Licensing::Client] Successfully resolved entitlement details
[Licensing::Module] License group:
  Id: F4-MESN-GUW7-62D3-FRZW-XXXX
  Product: Unity Personal
  Type: ULF
  Expiration: Unlimited
[Licensing::Module] License group:
  Id: 9071283907225-UnityPersXXXX
  Product: Unity Personal
  Type: Assigned
  Expiration: Unlimited
Duplicate assembly 'Newtonsoft.Json.dll' with different versions detected, using 'Packages/com.unity.nuget.newtonsoft-json/Runtime/Newtonsoft.Json.dll, AssemblyName=Newtonsoft.Json, Version=13.0.0.0, Culture=neutral, PublicKeyToken=30ad4fe6b2a6aeed' and ignoring 'Assets/Assemblies/Newtonsoft.Json.dll, AssemblyName=Newtonsoft.Json, Version=6.0.0.0, Culture=neutral, PublicKeyToken=30ad4fe6b2a6aeed'.Assembly Assembly-CSharp-Editor-firstpass.dll at Library/ScriptAssemblies/Assembly-CSharp-Editor-firstpass.dll not valid. Loading of assembly skipped.
Assembly DocCodeExamples.dll at Library/ScriptAssemblies/DocCodeExamples.dll not valid. Loading of assembly skipped.
Assembly TestNewCustomAssembly.dll at Library/ScriptAssemblies/TestNewCustomAssembly.dll not valid. Loading of assembly skipped.
Assembly Unity.2D.Sprite.Package.EditorTests.dll at Library/ScriptAssemblies/Unity.2D.Sprite.Package.EditorTests.dll not valid. Loading of assembly skipped.
Assembly Unity.2D.Tilemap.Package.EditorTests.dll at Library/ScriptAssemblies/Unity.2D.Tilemap.Package.EditorTests.dll not valid. Loading of assembly skipped.
Assembly Unity.Analytics.DataPrivacy.Tests.dll at Library/ScriptAssemblies/Unity.Analytics.DataPrivacy.Tests.dll not valid. Loading of assembly skipped.
Assembly Unity.Analytics.StandardEvents.EditorTests.dll at Library/ScriptAssemblies/Unity.Analytics.StandardEvents.EditorTests.dll not valid. Loading of assembly skipped.
Assembly Unity.Collections.BurstCompatibilityGen.dll at Library/ScriptAssemblies/Unity.Collections.BurstCompatibilityGen.dll not valid. Loading of assembly skipped.
Assembly Unity.Collections.DocCodeSamples.dll at Library/ScriptAssemblies/Unity.Collections.DocCodeSamples.dll not valid. Loading of assembly skipped.
Assembly Unity.Collections.PerformanceTests.dll at Library/ScriptAssemblies/Unity.Collections.PerformanceTests.dll not valid. Loading of assembly skipped.
Assembly Unity.Collections.Tests.dll at Library/ScriptAssemblies/Unity.Collections.Tests.dll not valid. Loading of assembly skipped.
Assembly Unity.Collections.Tests.Playmode.dll at Library/ScriptAssemblies/Unity.Collections.Tests.Playmode.dll not valid. Loading of assembly skipped.
Assembly Unity.Mathematics.Tests.dll at Library/ScriptAssemblies/Unity.Mathematics.Tests.dll not valid. Loading of assembly skipped.
Assembly Unity.Multiplayer.Center.Editor.Tests.dll at Library/ScriptAssemblies/Unity.Multiplayer.Center.Editor.Tests.dll not valid. Loading of assembly skipped.
Assembly Unity.Multiplayer.Center.Tests.dll at Library/ScriptAssemblies/Unity.Multiplayer.Center.Tests.dll not valid. Loading of assembly skipped.
Assembly Unity.Nuget.Mono-Cecil.dll at Library/ScriptAssemblies/Unity.Nuget.Mono-Cecil.dll not valid. Loading of assembly skipped.
Assembly Unity.PathTracing.Editor.Tests.dll at Library/ScriptAssemblies/Unity.PathTracing.Editor.Tests.dll not valid. Loading of assembly skipped.
Assembly Unity.PathTracing.Runtime.Tests.dll at Library/ScriptAssemblies/Unity.PathTracing.Runtime.Tests.dll not valid. Loading of assembly skipped.
Assembly Unity.RenderPipelines.Core.Editor.Tests.dll at Library/ScriptAssemblies/Unity.RenderPipelines.Core.Editor.Tests.dll not valid. Loading of assembly skipped.
Assembly Unity.RenderPipelines.Core.Runtime.Tests.dll at Library/ScriptAssemblies/Unity.RenderPipelines.Core.Runtime.Tests.dll not valid. Loading of assembly skipped.
Assembly Unity.RenderPipelines.Universal.Config.Editor.Tests.dll at Library/ScriptAssemblies/Unity.RenderPipelines.Universal.Config.Editor.Tests.dll not valid. Loading of assembly skipped.
Assembly Unity.RenderPipelines.Universal.Editor.Tests.dll at Library/ScriptAssemblies/Unity.RenderPipelines.Universal.Editor.Tests.dll not valid. Loading of assembly skipped.
Assembly Unity.RenderPipelines.Universal.Runtime.Tests.dll at Library/ScriptAssemblies/Unity.RenderPipelines.Universal.Runtime.Tests.dll not valid. Loading of assembly skipped.
Assembly Unity.Searcher.EditorTests.dll at Library/ScriptAssemblies/Unity.Searcher.EditorTests.dll not valid. Loading of assembly skipped.
Assembly Unity.ShaderGraph.Editor.Tests.dll at Library/ScriptAssemblies/Unity.ShaderGraph.Editor.Tests.dll not valid. Loading of assembly skipped.
Assembly Unity.TextMeshPro.Editor.Tests.dll at Library/ScriptAssemblies/Unity.TextMeshPro.Editor.Tests.dll not valid. Loading of assembly skipped.
Assembly Unity.TextMeshPro.Tests.dll at Library/ScriptAssemblies/Unity.TextMeshPro.Tests.dll not valid. Loading of assembly skipped.
Assembly Unity.UnifiedRayTracing.Editor.Tests.dll at Library/ScriptAssemblies/Unity.UnifiedRayTracing.Editor.Tests.dll not valid. Loading of assembly skipped.
Assembly UnityEditor.UI.Common.Tests.dll at Library/ScriptAssemblies/UnityEditor.UI.Common.Tests.dll not valid. Loading of assembly skipped.
Assembly UnityEditor.UI.EditorTests.dll at Library/ScriptAssemblies/UnityEditor.UI.EditorTests.dll not valid. Loading of assembly skipped.
Assembly UnityEditor.XR.LegacyInputHelpers.Tests.dll at Library/ScriptAssemblies/UnityEditor.XR.LegacyInputHelpers.Tests.dll not valid. Loading of assembly skipped.
Assembly UnityEngine.Advertisements.Editor.Tests.dll at Library/ScriptAssemblies/UnityEngine.Advertisements.Editor.Tests.dll not valid. Loading of assembly skipped.
Assembly UnityEngine.Advertisements.Tests.dll at Library/ScriptAssemblies/UnityEngine.Advertisements.Tests.dll not valid. Loading of assembly skipped.
Assembly UnityEngine.Purchasing.Apple.dll at Library/ScriptAssemblies/UnityEngine.Purchasing.Apple.dll not valid. Loading of assembly skipped.
Assembly UnityEngine.Purchasing.AppleMacos.dll at Library/ScriptAssemblies/UnityEngine.Purchasing.AppleMacos.dll not valid. Loading of assembly skipped.
Assembly UnityEngine.Purchasing.Security.dll at Library/ScriptAssemblies/UnityEngine.Purchasing.Security.dll not valid. Loading of assembly skipped.
Assembly UnityEngine.Purchasing.WinRT.dll at Library/ScriptAssemblies/UnityEngine.Purchasing.WinRT.dll not valid. Loading of assembly skipped.
Assembly UnityEngine.SpatialTracking.Tests.dll at Library/ScriptAssemblies/UnityEngine.SpatialTracking.Tests.dll not valid. Loading of assembly skipped.
Assembly UnityEngine.UI.Tests.dll at Library/ScriptAssemblies/UnityEngine.UI.Tests.dll not valid. Loading of assembly skipped.
Symbol file LoadedFromMemory is not a mono symbol file
OnLevelWasLoaded was found on MatchManager
This message has been deprecated and will be removed in a later version of Unity.
Add a delegate to SceneManager.sceneLoaded instead to get notifications after scene loading has completed
Refreshing native plugins compatible for Editor in 4.56 ms, found 2 plugins.
OnLevelWasLoaded was found on MatchManager
This message has been deprecated and will be removed in a later version of Unity.
Add a delegate to SceneManager.sceneLoaded instead to get notifications after scene loading has completed
Native extension for Android target not found
Native extension for WindowsStandalone target not found
[Package Manager] Failed to launch server process. Reason: Unity was launched with the -noUpm command-line argument
[Package Manager] Unable to send message (not connected to server process).
[Package Manager] Cannot connect to Unity Package Manager local server
[Package Manager] Failed to launch server process. Reason: Unity was launched with the -noUpm command-line argument
[Package Manager] Unable to send message (not connected to server process).
[Package Manager] Cannot connect to Unity Package Manager local server
ScheduleIndexationOnStartup MainProcess:False IndexOnStartup:True
Mono: successfully reloaded assembly
- Finished resetting the current domain, in  0.893 seconds
Domain Reload Profiling: 1696ms
	BeginReloadAssembly (237ms)
		DisableScriptedObjects (9ms)
		CreateAndSetChildDomain (54ms)
	RebuildCommonClasses (37ms)
	RebuildNativeTypeToScriptingClass (12ms)
	initialDomainReloadingComplete (68ms)
	LoadAllAssembliesAndSetupDomain (448ms)
		LoadAssemblies (393ms)
		AnalyzeDomain (170ms)
			TypeCache.Refresh (9ms)
			BuildScriptInfoCaches (148ms)
			ResolveRequiredComponents (11ms)
	FinalizeReload (894ms)
		SetupLoadedEditorAssemblies (0ms)
			InitializePlatformSupportModulesInManaged (12ms)
			BeforeProcessingInitializeOnLoad (145ms)
			ProcessInitializeOnLoadAttributes (237ms)
			ProcessInitializeOnLoadMethodAttributes (303ms)
			AfterProcessingInitializeOnLoad (3ms)
		AwakeInstancesAfterBackupRestoration (22ms)
Refreshing native plugins compatible for Editor in 4.81 ms, found 2 plugins.
Unloading 24 Unused Serialized files (Serialized files now loaded: 0)
Unloading 5649 unused Assets / (5.2 MB). Loaded Objects now: 6669.
Memory consumption went from 189.6 MB to 184.3 MB.
Total: 12.345500 ms (FindLiveObjects: 0.589500 ms CreateObjectMapping: 0.284900 ms MarkObjects: 9.526300 ms  DeleteObjects: 1.943800 ms)

Prepare: number of updated asset objects reloaded= 0
========================================================================
Received Import Request.
  Time since last request: 178.551116 seconds.
  path: Assets/Shaders/Unlit Self Illumination.shadergraph
  importAddress: Guid(3a143f87a0d691c439a2d18c86672754) Importer(815301076,1909f56bfc062723c751e8b465ee728b)
Start importing Assets/Shaders/Unlit Self Illumination.shadergraph using Guid(3a143f87a0d691c439a2d18c86672754) Importer(815301076,1909f56bfc062723c751e8b465ee728b) (PreviewImporter) -> (Import Result ID: '87d48e16b19c3fdce846e13bc6b205bb') in 0.6381067 seconds [static and dynamic dependencies]. Details - ImportResultOutputID=9a3fbc34a6266658d9206ab831cbe1fd DependenciesID=930eef4ff39cacebbef1ddfea7f1ce36 StaticDependenciesID=1b084f9a9a6f4ac6811612de178aeba5 
Number of updated asset objects reloaded before import = 1Number of asset objects unloaded after import = 5

========================================================================
Received Prepare
Begin MonoManager ReloadAssembly
Duplicate assembly 'Newtonsoft.Json.dll' with different versions detected, using 'Packages/com.unity.nuget.newtonsoft-json/Runtime/Newtonsoft.Json.dll, AssemblyName=Newtonsoft.Json, Version=13.0.0.0, Culture=neutral, PublicKeyToken=30ad4fe6b2a6aeed' and ignoring 'Assets/Assemblies/Newtonsoft.Json.dll, AssemblyName=Newtonsoft.Json, Version=6.0.0.0, Culture=neutral, PublicKeyToken=30ad4fe6b2a6aeed'.Assembly Assembly-CSharp-Editor-firstpass.dll at Library/ScriptAssemblies/Assembly-CSharp-Editor-firstpass.dll not valid. Loading of assembly skipped.
Assembly DocCodeExamples.dll at Library/ScriptAssemblies/DocCodeExamples.dll not valid. Loading of assembly skipped.
Assembly TestNewCustomAssembly.dll at Library/ScriptAssemblies/TestNewCustomAssembly.dll not valid. Loading of assembly skipped.
Assembly Unity.2D.Sprite.Package.EditorTests.dll at Library/ScriptAssemblies/Unity.2D.Sprite.Package.EditorTests.dll not valid. Loading of assembly skipped.
Assembly Unity.2D.Tilemap.Package.EditorTests.dll at Library/ScriptAssemblies/Unity.2D.Tilemap.Package.EditorTests.dll not valid. Loading of assembly skipped.
Assembly Unity.Analytics.DataPrivacy.Tests.dll at Library/ScriptAssemblies/Unity.Analytics.DataPrivacy.Tests.dll not valid. Loading of assembly skipped.
Assembly Unity.Analytics.StandardEvents.EditorTests.dll at Library/ScriptAssemblies/Unity.Analytics.StandardEvents.EditorTests.dll not valid. Loading of assembly skipped.
Assembly Unity.Collections.BurstCompatibilityGen.dll at Library/ScriptAssemblies/Unity.Collections.BurstCompatibilityGen.dll not valid. Loading of assembly skipped.
Assembly Unity.Collections.DocCodeSamples.dll at Library/ScriptAssemblies/Unity.Collections.DocCodeSamples.dll not valid. Loading of assembly skipped.
Assembly Unity.Collections.PerformanceTests.dll at Library/ScriptAssemblies/Unity.Collections.PerformanceTests.dll not valid. Loading of assembly skipped.
Assembly Unity.Collections.Tests.dll at Library/ScriptAssemblies/Unity.Collections.Tests.dll not valid. Loading of assembly skipped.
Assembly Unity.Collections.Tests.Playmode.dll at Library/ScriptAssemblies/Unity.Collections.Tests.Playmode.dll not valid. Loading of assembly skipped.
Assembly Unity.Mathematics.Tests.dll at Library/ScriptAssemblies/Unity.Mathematics.Tests.dll not valid. Loading of assembly skipped.
Assembly Unity.Multiplayer.Center.Editor.Tests.dll at Library/ScriptAssemblies/Unity.Multiplayer.Center.Editor.Tests.dll not valid. Loading of assembly skipped.
Assembly Unity.Multiplayer.Center.Tests.dll at Library/ScriptAssemblies/Unity.Multiplayer.Center.Tests.dll not valid. Loading of assembly skipped.
Assembly Unity.Nuget.Mono-Cecil.dll at Library/ScriptAssemblies/Unity.Nuget.Mono-Cecil.dll not valid. Loading of assembly skipped.
Assembly Unity.PathTracing.Editor.Tests.dll at Library/ScriptAssemblies/Unity.PathTracing.Editor.Tests.dll not valid. Loading of assembly skipped.
Assembly Unity.PathTracing.Runtime.Tests.dll at Library/ScriptAssemblies/Unity.PathTracing.Runtime.Tests.dll not valid. Loading of assembly skipped.
Assembly Unity.RenderPipelines.Core.Editor.Tests.dll at Library/ScriptAssemblies/Unity.RenderPipelines.Core.Editor.Tests.dll not valid. Loading of assembly skipped.
Assembly Unity.RenderPipelines.Core.Runtime.Tests.dll at Library/ScriptAssemblies/Unity.RenderPipelines.Core.Runtime.Tests.dll not valid. Loading of assembly skipped.
Assembly Unity.RenderPipelines.Universal.Config.Editor.Tests.dll at Library/ScriptAssemblies/Unity.RenderPipelines.Universal.Config.Editor.Tests.dll not valid. Loading of assembly skipped.
Assembly Unity.RenderPipelines.Universal.Editor.Tests.dll at Library/ScriptAssemblies/Unity.RenderPipelines.Universal.Editor.Tests.dll not valid. Loading of assembly skipped.
Assembly Unity.RenderPipelines.Universal.Runtime.Tests.dll at Library/ScriptAssemblies/Unity.RenderPipelines.Universal.Runtime.Tests.dll not valid. Loading of assembly skipped.
Assembly Unity.Searcher.EditorTests.dll at Library/ScriptAssemblies/Unity.Searcher.EditorTests.dll not valid. Loading of assembly skipped.
Assembly Unity.ShaderGraph.Editor.Tests.dll at Library/ScriptAssemblies/Unity.ShaderGraph.Editor.Tests.dll not valid. Loading of assembly skipped.
Assembly Unity.TextMeshPro.Editor.Tests.dll at Library/ScriptAssemblies/Unity.TextMeshPro.Editor.Tests.dll not valid. Loading of assembly skipped.
Assembly Unity.TextMeshPro.Tests.dll at Library/ScriptAssemblies/Unity.TextMeshPro.Tests.dll not valid. Loading of assembly skipped.
Assembly Unity.UnifiedRayTracing.Editor.Tests.dll at Library/ScriptAssemblies/Unity.UnifiedRayTracing.Editor.Tests.dll not valid. Loading of assembly skipped.
Assembly UnityEditor.UI.Common.Tests.dll at Library/ScriptAssemblies/UnityEditor.UI.Common.Tests.dll not valid. Loading of assembly skipped.
Assembly UnityEditor.UI.EditorTests.dll at Library/ScriptAssemblies/UnityEditor.UI.EditorTests.dll not valid. Loading of assembly skipped.
Assembly UnityEditor.XR.LegacyInputHelpers.Tests.dll at Library/ScriptAssemblies/UnityEditor.XR.LegacyInputHelpers.Tests.dll not valid. Loading of assembly skipped.
Assembly UnityEngine.Advertisements.Editor.Tests.dll at Library/ScriptAssemblies/UnityEngine.Advertisements.Editor.Tests.dll not valid. Loading of assembly skipped.
Assembly UnityEngine.Advertisements.Tests.dll at Library/ScriptAssemblies/UnityEngine.Advertisements.Tests.dll not valid. Loading of assembly skipped.
Assembly UnityEngine.Purchasing.Apple.dll at Library/ScriptAssemblies/UnityEngine.Purchasing.Apple.dll not valid. Loading of assembly skipped.
Assembly UnityEngine.Purchasing.AppleMacos.dll at Library/ScriptAssemblies/UnityEngine.Purchasing.AppleMacos.dll not valid. Loading of assembly skipped.
Assembly UnityEngine.Purchasing.Security.dll at Library/ScriptAssemblies/UnityEngine.Purchasing.Security.dll not valid. Loading of assembly skipped.
Assembly UnityEngine.Purchasing.WinRT.dll at Library/ScriptAssemblies/UnityEngine.Purchasing.WinRT.dll not valid. Loading of assembly skipped.
Assembly UnityEngine.SpatialTracking.Tests.dll at Library/ScriptAssemblies/UnityEngine.SpatialTracking.Tests.dll not valid. Loading of assembly skipped.
Assembly UnityEngine.UI.Tests.dll at Library/ScriptAssemblies/UnityEngine.UI.Tests.dll not valid. Loading of assembly skipped.
Symbol file LoadedFromMemory is not a mono symbol file
OnLevelWasLoaded was found on MatchManager
This message has been deprecated and will be removed in a later version of Unity.
Add a delegate to SceneManager.sceneLoaded instead to get notifications after scene loading has completed
Refreshing native plugins compatible for Editor in 4.46 ms, found 2 plugins.
OnLevelWasLoaded was found on MatchManager
This message has been deprecated and will be removed in a later version of Unity.
Add a delegate to SceneManager.sceneLoaded instead to get notifications after scene loading has completed
Native extension for Android target not found
Native extension for WindowsStandalone target not found
[Package Manager] Failed to launch server process. Reason: Unity was launched with the -noUpm command-line argument
[Package Manager] Unable to send message (not connected to server process).
[Package Manager] Cannot connect to Unity Package Manager local server
[Package Manager] Failed to launch server process. Reason: Unity was launched with the -noUpm command-line argument
[Package Manager] Unable to send message (not connected to server process).
[Package Manager] Cannot connect to Unity Package Manager local server
ScheduleIndexationOnStartup MainProcess:False IndexOnStartup:True
Mono: successfully reloaded assembly
- Finished resetting the current domain, in  0.883 seconds
Domain Reload Profiling: 1641ms
	BeginReloadAssembly (221ms)
		DisableScriptedObjects (23ms)
		CreateAndSetChildDomain (58ms)
	RebuildCommonClasses (34ms)
	RebuildNativeTypeToScriptingClass (11ms)
	initialDomainReloadingComplete (65ms)
	LoadAllAssembliesAndSetupDomain (426ms)
		LoadAssemblies (362ms)
		AnalyzeDomain (152ms)
			TypeCache.Refresh (6ms)
			BuildScriptInfoCaches (133ms)
			ResolveRequiredComponents (11ms)
	FinalizeReload (884ms)
		SetupLoadedEditorAssemblies (0ms)
			InitializePlatformSupportModulesInManaged (9ms)
			BeforeProcessingInitializeOnLoad (148ms)
			ProcessInitializeOnLoadAttributes (233ms)
			ProcessInitializeOnLoadMethodAttributes (299ms)
			AfterProcessingInitializeOnLoad (3ms)
		AwakeInstancesAfterBackupRestoration (23ms)
Refreshing native plugins compatible for Editor in 6.96 ms, found 2 plugins.
Unloading 24 Unused Serialized files (Serialized files now loaded: 0)
Unloading 5650 unused Assets / (5.2 MB). Loaded Objects now: 6692.
Memory consumption went from 181.7 MB to 176.4 MB.
Total: 16.244300 ms (FindLiveObjects: 1.174500 ms CreateObjectMapping: 0.592200 ms MarkObjects: 11.955000 ms  DeleteObjects: 2.520600 ms)

Prepare: number of updated asset objects reloaded= 0
========================================================================
Received Import Request.
  Time since last request: 146.156124 seconds.
  path: Assets/Shaders/Unlit Self Illumination.shadergraph
  importAddress: Guid(3a143f87a0d691c439a2d18c86672754) Importer(815301076,1909f56bfc062723c751e8b465ee728b)
Start importing Assets/Shaders/Unlit Self Illumination.shadergraph using Guid(3a143f87a0d691c439a2d18c86672754) Importer(815301076,1909f56bfc062723c751e8b465ee728b) (PreviewImporter) -> (Import Result ID: '5a39e17f2dede2d86ae9403e1bcea0f5') in 1.0538046 seconds [static and dynamic dependencies]. Details - ImportResultOutputID=38bc99bf145f464065186ea9c2806dfb DependenciesID=67f491926f91c682f5ed822007c39497 StaticDependenciesID=5ded0e1a8e407765595fd437cccbbf7a 
Number of updated asset objects reloaded before import = 1Number of asset objects unloaded after import = 5

========================================================================
Received Prepare
Begin MonoManager ReloadAssembly
[Licensing::Client] Successfully resolved entitlement details
[Licensing::Module] License group:
  Id: F4-MESN-GUW7-62D3-FRZW-XXXX
  Product: Unity Personal
  Type: ULF
  Expiration: Unlimited
[Licensing::Module] License group:
  Id: 9071283907225-UnityPersXXXX
  Product: Unity Personal
  Type: Assigned
  Expiration: Unlimited
Duplicate assembly 'Newtonsoft.Json.dll' with different versions detected, using 'Packages/com.unity.nuget.newtonsoft-json/Runtime/Newtonsoft.Json.dll, AssemblyName=Newtonsoft.Json, Version=13.0.0.0, Culture=neutral, PublicKeyToken=30ad4fe6b2a6aeed' and ignoring 'Assets/Assemblies/Newtonsoft.Json.dll, AssemblyName=Newtonsoft.Json, Version=6.0.0.0, Culture=neutral, PublicKeyToken=30ad4fe6b2a6aeed'.Assembly Assembly-CSharp-Editor-firstpass.dll at Library/ScriptAssemblies/Assembly-CSharp-Editor-firstpass.dll not valid. Loading of assembly skipped.
Assembly DocCodeExamples.dll at Library/ScriptAssemblies/DocCodeExamples.dll not valid. Loading of assembly skipped.
Assembly TestNewCustomAssembly.dll at Library/ScriptAssemblies/TestNewCustomAssembly.dll not valid. Loading of assembly skipped.
Assembly Unity.2D.Sprite.Package.EditorTests.dll at Library/ScriptAssemblies/Unity.2D.Sprite.Package.EditorTests.dll not valid. Loading of assembly skipped.
Assembly Unity.2D.Tilemap.Package.EditorTests.dll at Library/ScriptAssemblies/Unity.2D.Tilemap.Package.EditorTests.dll not valid. Loading of assembly skipped.
Assembly Unity.Analytics.DataPrivacy.Tests.dll at Library/ScriptAssemblies/Unity.Analytics.DataPrivacy.Tests.dll not valid. Loading of assembly skipped.
Assembly Unity.Analytics.StandardEvents.EditorTests.dll at Library/ScriptAssemblies/Unity.Analytics.StandardEvents.EditorTests.dll not valid. Loading of assembly skipped.
Assembly Unity.Collections.BurstCompatibilityGen.dll at Library/ScriptAssemblies/Unity.Collections.BurstCompatibilityGen.dll not valid. Loading of assembly skipped.
Assembly Unity.Collections.DocCodeSamples.dll at Library/ScriptAssemblies/Unity.Collections.DocCodeSamples.dll not valid. Loading of assembly skipped.
Assembly Unity.Collections.PerformanceTests.dll at Library/ScriptAssemblies/Unity.Collections.PerformanceTests.dll not valid. Loading of assembly skipped.
Assembly Unity.Collections.Tests.dll at Library/ScriptAssemblies/Unity.Collections.Tests.dll not valid. Loading of assembly skipped.
Assembly Unity.Collections.Tests.Playmode.dll at Library/ScriptAssemblies/Unity.Collections.Tests.Playmode.dll not valid. Loading of assembly skipped.
Assembly Unity.Mathematics.Tests.dll at Library/ScriptAssemblies/Unity.Mathematics.Tests.dll not valid. Loading of assembly skipped.
Assembly Unity.Multiplayer.Center.Editor.Tests.dll at Library/ScriptAssemblies/Unity.Multiplayer.Center.Editor.Tests.dll not valid. Loading of assembly skipped.
Assembly Unity.Multiplayer.Center.Tests.dll at Library/ScriptAssemblies/Unity.Multiplayer.Center.Tests.dll not valid. Loading of assembly skipped.
Assembly Unity.Nuget.Mono-Cecil.dll at Library/ScriptAssemblies/Unity.Nuget.Mono-Cecil.dll not valid. Loading of assembly skipped.
Assembly Unity.PathTracing.Editor.Tests.dll at Library/ScriptAssemblies/Unity.PathTracing.Editor.Tests.dll not valid. Loading of assembly skipped.
Assembly Unity.PathTracing.Runtime.Tests.dll at Library/ScriptAssemblies/Unity.PathTracing.Runtime.Tests.dll not valid. Loading of assembly skipped.
Assembly Unity.RenderPipelines.Core.Editor.Tests.dll at Library/ScriptAssemblies/Unity.RenderPipelines.Core.Editor.Tests.dll not valid. Loading of assembly skipped.
Assembly Unity.RenderPipelines.Core.Runtime.Tests.dll at Library/ScriptAssemblies/Unity.RenderPipelines.Core.Runtime.Tests.dll not valid. Loading of assembly skipped.
Assembly Unity.RenderPipelines.Universal.Config.Editor.Tests.dll at Library/ScriptAssemblies/Unity.RenderPipelines.Universal.Config.Editor.Tests.dll not valid. Loading of assembly skipped.
Assembly Unity.RenderPipelines.Universal.Editor.Tests.dll at Library/ScriptAssemblies/Unity.RenderPipelines.Universal.Editor.Tests.dll not valid. Loading of assembly skipped.
Assembly Unity.RenderPipelines.Universal.Runtime.Tests.dll at Library/ScriptAssemblies/Unity.RenderPipelines.Universal.Runtime.Tests.dll not valid. Loading of assembly skipped.
Assembly Unity.Searcher.EditorTests.dll at Library/ScriptAssemblies/Unity.Searcher.EditorTests.dll not valid. Loading of assembly skipped.
Assembly Unity.ShaderGraph.Editor.Tests.dll at Library/ScriptAssemblies/Unity.ShaderGraph.Editor.Tests.dll not valid. Loading of assembly skipped.
Assembly Unity.TextMeshPro.Editor.Tests.dll at Library/ScriptAssemblies/Unity.TextMeshPro.Editor.Tests.dll not valid. Loading of assembly skipped.
Assembly Unity.TextMeshPro.Tests.dll at Library/ScriptAssemblies/Unity.TextMeshPro.Tests.dll not valid. Loading of assembly skipped.
Assembly Unity.UnifiedRayTracing.Editor.Tests.dll at Library/ScriptAssemblies/Unity.UnifiedRayTracing.Editor.Tests.dll not valid. Loading of assembly skipped.
Assembly UnityEditor.UI.Common.Tests.dll at Library/ScriptAssemblies/UnityEditor.UI.Common.Tests.dll not valid. Loading of assembly skipped.
Assembly UnityEditor.UI.EditorTests.dll at Library/ScriptAssemblies/UnityEditor.UI.EditorTests.dll not valid. Loading of assembly skipped.
Assembly UnityEditor.XR.LegacyInputHelpers.Tests.dll at Library/ScriptAssemblies/UnityEditor.XR.LegacyInputHelpers.Tests.dll not valid. Loading of assembly skipped.
Assembly UnityEngine.Advertisements.Editor.Tests.dll at Library/ScriptAssemblies/UnityEngine.Advertisements.Editor.Tests.dll not valid. Loading of assembly skipped.
Assembly UnityEngine.Advertisements.Tests.dll at Library/ScriptAssemblies/UnityEngine.Advertisements.Tests.dll not valid. Loading of assembly skipped.
Assembly UnityEngine.Purchasing.Apple.dll at Library/ScriptAssemblies/UnityEngine.Purchasing.Apple.dll not valid. Loading of assembly skipped.
Assembly UnityEngine.Purchasing.AppleMacos.dll at Library/ScriptAssemblies/UnityEngine.Purchasing.AppleMacos.dll not valid. Loading of assembly skipped.
Assembly UnityEngine.Purchasing.Security.dll at Library/ScriptAssemblies/UnityEngine.Purchasing.Security.dll not valid. Loading of assembly skipped.
Assembly UnityEngine.Purchasing.WinRT.dll at Library/ScriptAssemblies/UnityEngine.Purchasing.WinRT.dll not valid. Loading of assembly skipped.
Assembly UnityEngine.SpatialTracking.Tests.dll at Library/ScriptAssemblies/UnityEngine.SpatialTracking.Tests.dll not valid. Loading of assembly skipped.
Assembly UnityEngine.UI.Tests.dll at Library/ScriptAssemblies/UnityEngine.UI.Tests.dll not valid. Loading of assembly skipped.
Symbol file LoadedFromMemory is not a mono symbol file
OnLevelWasLoaded was found on MatchManager
This message has been deprecated and will be removed in a later version of Unity.
Add a delegate to SceneManager.sceneLoaded instead to get notifications after scene loading has completed
Refreshing native plugins compatible for Editor in 5.86 ms, found 2 plugins.
OnLevelWasLoaded was found on MatchManager
This message has been deprecated and will be removed in a later version of Unity.
Add a delegate to SceneManager.sceneLoaded instead to get notifications after scene loading has completed
Native extension for Android target not found
Native extension for WindowsStandalone target not found
[Package Manager] Failed to launch server process. Reason: Unity was launched with the -noUpm command-line argument
[Package Manager] Unable to send message (not connected to server process).
[Package Manager] Cannot connect to Unity Package Manager local server
[Package Manager] Failed to launch server process. Reason: Unity was launched with the -noUpm command-line argument
[Package Manager] Unable to send message (not connected to server process).
[Package Manager] Cannot connect to Unity Package Manager local server
ScheduleIndexationOnStartup MainProcess:False IndexOnStartup:True
Mono: successfully reloaded assembly
- Finished resetting the current domain, in  0.935 seconds
Domain Reload Profiling: 1740ms
	BeginReloadAssembly (253ms)
		DisableScriptedObjects (22ms)
		CreateAndSetChildDomain (70ms)
	RebuildCommonClasses (38ms)
	RebuildNativeTypeToScriptingClass (11ms)
	initialDomainReloadingComplete (62ms)
	LoadAllAssembliesAndSetupDomain (441ms)
		LoadAssemblies (378ms)
		AnalyzeDomain (168ms)
			TypeCache.Refresh (6ms)
			BuildScriptInfoCaches (151ms)
			ResolveRequiredComponents (10ms)
	FinalizeReload (936ms)
		SetupLoadedEditorAssemblies (0ms)
			InitializePlatformSupportModulesInManaged (11ms)
			BeforeProcessingInitializeOnLoad (145ms)
			ProcessInitializeOnLoadAttributes (284ms)
			ProcessInitializeOnLoadMethodAttributes (292ms)
		AwakeInstancesAfterBackupRestoration (17ms)
Refreshing native plugins compatible for Editor in 4.54 ms, found 2 plugins.
Unloading 24 Unused Serialized files (Serialized files now loaded: 0)
Unloading 5650 unused Assets / (5.4 MB). Loaded Objects now: 6715.
Memory consumption went from 181.8 MB to 176.4 MB.
Total: 12.375000 ms (FindLiveObjects: 0.646500 ms CreateObjectMapping: 0.324600 ms MarkObjects: 9.122800 ms  DeleteObjects: 2.280200 ms)

Prepare: number of updated asset objects reloaded= 0
========================================================================
Received Import Request.
  Time since last request: 57.958916 seconds.
  path: Assets/Shaders/Unlit Self Illumination.shadergraph
  importAddress: Guid(3a143f87a0d691c439a2d18c86672754) Importer(815301076,1909f56bfc062723c751e8b465ee728b)
Start importing Assets/Shaders/Unlit Self Illumination.shadergraph using Guid(3a143f87a0d691c439a2d18c86672754) Importer(815301076,1909f56bfc062723c751e8b465ee728b) (PreviewImporter) -> (Import Result ID: '5fb160046fc85c240f42ba38b7449e19') in 0.9515938 seconds [static and dynamic dependencies]. Details - ImportResultOutputID=d96675120d1470335c302695b858c24c DependenciesID=30b71a2838630d7bfe82ff8eabc0b479 StaticDependenciesID=e66560bd2f673bc1ff2d614f64e222ac 
Number of updated asset objects reloaded before import = 1Number of asset objects unloaded after import = 5

========================================================================
Received Prepare
Begin MonoManager ReloadAssembly
Duplicate assembly 'Newtonsoft.Json.dll' with different versions detected, using 'Packages/com.unity.nuget.newtonsoft-json/Runtime/Newtonsoft.Json.dll, AssemblyName=Newtonsoft.Json, Version=13.0.0.0, Culture=neutral, PublicKeyToken=30ad4fe6b2a6aeed' and ignoring 'Assets/Assemblies/Newtonsoft.Json.dll, AssemblyName=Newtonsoft.Json, Version=6.0.0.0, Culture=neutral, PublicKeyToken=30ad4fe6b2a6aeed'.Assembly Assembly-CSharp-Editor-firstpass.dll at Library/ScriptAssemblies/Assembly-CSharp-Editor-firstpass.dll not valid. Loading of assembly skipped.
Assembly DocCodeExamples.dll at Library/ScriptAssemblies/DocCodeExamples.dll not valid. Loading of assembly skipped.
Assembly TestNewCustomAssembly.dll at Library/ScriptAssemblies/TestNewCustomAssembly.dll not valid. Loading of assembly skipped.
Assembly Unity.2D.Sprite.Package.EditorTests.dll at Library/ScriptAssemblies/Unity.2D.Sprite.Package.EditorTests.dll not valid. Loading of assembly skipped.
Assembly Unity.2D.Tilemap.Package.EditorTests.dll at Library/ScriptAssemblies/Unity.2D.Tilemap.Package.EditorTests.dll not valid. Loading of assembly skipped.
Assembly Unity.Analytics.DataPrivacy.Tests.dll at Library/ScriptAssemblies/Unity.Analytics.DataPrivacy.Tests.dll not valid. Loading of assembly skipped.
Assembly Unity.Analytics.StandardEvents.EditorTests.dll at Library/ScriptAssemblies/Unity.Analytics.StandardEvents.EditorTests.dll not valid. Loading of assembly skipped.
Assembly Unity.Collections.BurstCompatibilityGen.dll at Library/ScriptAssemblies/Unity.Collections.BurstCompatibilityGen.dll not valid. Loading of assembly skipped.
Assembly Unity.Collections.DocCodeSamples.dll at Library/ScriptAssemblies/Unity.Collections.DocCodeSamples.dll not valid. Loading of assembly skipped.
Assembly Unity.Collections.PerformanceTests.dll at Library/ScriptAssemblies/Unity.Collections.PerformanceTests.dll not valid. Loading of assembly skipped.
Assembly Unity.Collections.Tests.dll at Library/ScriptAssemblies/Unity.Collections.Tests.dll not valid. Loading of assembly skipped.
Assembly Unity.Collections.Tests.Playmode.dll at Library/ScriptAssemblies/Unity.Collections.Tests.Playmode.dll not valid. Loading of assembly skipped.
Assembly Unity.Mathematics.Tests.dll at Library/ScriptAssemblies/Unity.Mathematics.Tests.dll not valid. Loading of assembly skipped.
Assembly Unity.Multiplayer.Center.Editor.Tests.dll at Library/ScriptAssemblies/Unity.Multiplayer.Center.Editor.Tests.dll not valid. Loading of assembly skipped.
Assembly Unity.Multiplayer.Center.Tests.dll at Library/ScriptAssemblies/Unity.Multiplayer.Center.Tests.dll not valid. Loading of assembly skipped.
Assembly Unity.Nuget.Mono-Cecil.dll at Library/ScriptAssemblies/Unity.Nuget.Mono-Cecil.dll not valid. Loading of assembly skipped.
Assembly Unity.PathTracing.Editor.Tests.dll at Library/ScriptAssemblies/Unity.PathTracing.Editor.Tests.dll not valid. Loading of assembly skipped.
Assembly Unity.PathTracing.Runtime.Tests.dll at Library/ScriptAssemblies/Unity.PathTracing.Runtime.Tests.dll not valid. Loading of assembly skipped.
Assembly Unity.RenderPipelines.Core.Editor.Tests.dll at Library/ScriptAssemblies/Unity.RenderPipelines.Core.Editor.Tests.dll not valid. Loading of assembly skipped.
Assembly Unity.RenderPipelines.Core.Runtime.Tests.dll at Library/ScriptAssemblies/Unity.RenderPipelines.Core.Runtime.Tests.dll not valid. Loading of assembly skipped.
Assembly Unity.RenderPipelines.Universal.Config.Editor.Tests.dll at Library/ScriptAssemblies/Unity.RenderPipelines.Universal.Config.Editor.Tests.dll not valid. Loading of assembly skipped.
Assembly Unity.RenderPipelines.Universal.Editor.Tests.dll at Library/ScriptAssemblies/Unity.RenderPipelines.Universal.Editor.Tests.dll not valid. Loading of assembly skipped.
Assembly Unity.RenderPipelines.Universal.Runtime.Tests.dll at Library/ScriptAssemblies/Unity.RenderPipelines.Universal.Runtime.Tests.dll not valid. Loading of assembly skipped.
Assembly Unity.Searcher.EditorTests.dll at Library/ScriptAssemblies/Unity.Searcher.EditorTests.dll not valid. Loading of assembly skipped.
Assembly Unity.ShaderGraph.Editor.Tests.dll at Library/ScriptAssemblies/Unity.ShaderGraph.Editor.Tests.dll not valid. Loading of assembly skipped.
Assembly Unity.TextMeshPro.Editor.Tests.dll at Library/ScriptAssemblies/Unity.TextMeshPro.Editor.Tests.dll not valid. Loading of assembly skipped.
Assembly Unity.TextMeshPro.Tests.dll at Library/ScriptAssemblies/Unity.TextMeshPro.Tests.dll not valid. Loading of assembly skipped.
Assembly Unity.UnifiedRayTracing.Editor.Tests.dll at Library/ScriptAssemblies/Unity.UnifiedRayTracing.Editor.Tests.dll not valid. Loading of assembly skipped.
Assembly UnityEditor.UI.Common.Tests.dll at Library/ScriptAssemblies/UnityEditor.UI.Common.Tests.dll not valid. Loading of assembly skipped.
Assembly UnityEditor.UI.EditorTests.dll at Library/ScriptAssemblies/UnityEditor.UI.EditorTests.dll not valid. Loading of assembly skipped.
Assembly UnityEditor.XR.LegacyInputHelpers.Tests.dll at Library/ScriptAssemblies/UnityEditor.XR.LegacyInputHelpers.Tests.dll not valid. Loading of assembly skipped.
Assembly UnityEngine.Advertisements.Editor.Tests.dll at Library/ScriptAssemblies/UnityEngine.Advertisements.Editor.Tests.dll not valid. Loading of assembly skipped.
Assembly UnityEngine.Advertisements.Tests.dll at Library/ScriptAssemblies/UnityEngine.Advertisements.Tests.dll not valid. Loading of assembly skipped.
Assembly UnityEngine.Purchasing.Apple.dll at Library/ScriptAssemblies/UnityEngine.Purchasing.Apple.dll not valid. Loading of assembly skipped.
Assembly UnityEngine.Purchasing.AppleMacos.dll at Library/ScriptAssemblies/UnityEngine.Purchasing.AppleMacos.dll not valid. Loading of assembly skipped.
Assembly UnityEngine.Purchasing.Security.dll at Library/ScriptAssemblies/UnityEngine.Purchasing.Security.dll not valid. Loading of assembly skipped.
Assembly UnityEngine.Purchasing.WinRT.dll at Library/ScriptAssemblies/UnityEngine.Purchasing.WinRT.dll not valid. Loading of assembly skipped.
Assembly UnityEngine.SpatialTracking.Tests.dll at Library/ScriptAssemblies/UnityEngine.SpatialTracking.Tests.dll not valid. Loading of assembly skipped.
Assembly UnityEngine.UI.Tests.dll at Library/ScriptAssemblies/UnityEngine.UI.Tests.dll not valid. Loading of assembly skipped.
Symbol file LoadedFromMemory is not a mono symbol file
OnLevelWasLoaded was found on MatchManager
This message has been deprecated and will be removed in a later version of Unity.
Add a delegate to SceneManager.sceneLoaded instead to get notifications after scene loading has completed
Refreshing native plugins compatible for Editor in 4.47 ms, found 2 plugins.
OnLevelWasLoaded was found on MatchManager
This message has been deprecated and will be removed in a later version of Unity.
Add a delegate to SceneManager.sceneLoaded instead to get notifications after scene loading has completed
Native extension for Android target not found
Native extension for WindowsStandalone target not found
[Package Manager] Failed to launch server process. Reason: Unity was launched with the -noUpm command-line argument
[Package Manager] Unable to send message (not connected to server process).
[Package Manager] Cannot connect to Unity Package Manager local server
[Package Manager] Failed to launch server process. Reason: Unity was launched with the -noUpm command-line argument
[Package Manager] Unable to send message (not connected to server process).
[Package Manager] Cannot connect to Unity Package Manager local server
ScheduleIndexationOnStartup MainProcess:False IndexOnStartup:True
Mono: successfully reloaded assembly
- Finished resetting the current domain, in  0.938 seconds
Domain Reload Profiling: 1718ms
	BeginReloadAssembly (243ms)
		DisableScriptedObjects (23ms)
		CreateAndSetChildDomain (67ms)
	RebuildCommonClasses (38ms)
	RebuildNativeTypeToScriptingClass (11ms)
	initialDomainReloadingComplete (59ms)
	LoadAllAssembliesAndSetupDomain (429ms)
		LoadAssemblies (367ms)
		AnalyzeDomain (156ms)
			TypeCache.Refresh (6ms)
			BuildScriptInfoCaches (140ms)
			ResolveRequiredComponents (9ms)
	FinalizeReload (938ms)
		SetupLoadedEditorAssemblies (0ms)
			InitializePlatformSupportModulesInManaged (11ms)
			BeforeProcessingInitializeOnLoad (164ms)
			ProcessInitializeOnLoadAttributes (267ms)
			ProcessInitializeOnLoadMethodAttributes (291ms)
		AwakeInstancesAfterBackupRestoration (20ms)
Refreshing native plugins compatible for Editor in 4.64 ms, found 2 plugins.
Unloading 24 Unused Serialized files (Serialized files now loaded: 0)
Unloading 5650 unused Assets / (5.0 MB). Loaded Objects now: 6738.
Memory consumption went from 181.9 MB to 176.9 MB.
Total: 15.221900 ms (FindLiveObjects: 0.624700 ms CreateObjectMapping: 0.347100 ms MarkObjects: 11.919300 ms  DeleteObjects: 2.329900 ms)

Prepare: number of updated asset objects reloaded= 0
========================================================================
Received Import Request.
  Time since last request: 39.997811 seconds.
  path: Assets/Art/Characters/01 Sanic/Sanic 1.mat
  importAddress: Guid(33d9dc1533d41114da1364a559097398) Importer(815301076,1909f56bfc062723c751e8b465ee728b)
Start importing Assets/Art/Characters/01 Sanic/Sanic 1.mat using Guid(33d9dc1533d41114da1364a559097398) Importer(815301076,1909f56bfc062723c751e8b465ee728b) (PreviewImporter) -> (Import Result ID: '614af8fee4dd55b2feb09e5e70938dbd') in 0.4230483 seconds [static and dynamic dependencies]. Details - ImportResultOutputID=1504f820ca4e9a049fc3f6c358d4e4ec DependenciesID=dd6f75e089c00436e87ad7e27402580f StaticDependenciesID=1feb9afa382d9aec03ab35fc5f827bcb 
Number of updated asset objects reloaded before import = 0Number of asset objects unloaded after import = 3

========================================================================
Received Import Request.
  Time since last request: 7.520986 seconds.
  path: Assets/Art/Gameplay/Podium/1stMedal.png
  importAddress: Guid(b5896fc2b6c5ce040a102452fd8ed6fe) Importer(815301076,1909f56bfc062723c751e8b465ee728b)
Start importing Assets/Art/Gameplay/Podium/1stMedal.png using Guid(b5896fc2b6c5ce040a102452fd8ed6fe) Importer(815301076,1909f56bfc062723c751e8b465ee728b) (PreviewImporter) -> (Import Result ID: 'd9a65556d11ca4e47ccbe23ac4e7cf50') in 0.0461243 seconds [static and dynamic dependencies]. Details - ImportResultOutputID=f7efa0a318ab05c9fd31cf1a5ee36fdf DependenciesID=95cd9d30338647609b93336e2d585b2c StaticDependenciesID=8416687145c625682823fa7ccd064828 
Number of updated asset objects reloaded before import = 0Number of asset objects unloaded after import = 2

========================================================================
Received Import Request.
  Time since last request: 0.000033 seconds.
  path: Assets/Art/Gameplay/Podium/3rdMedal.png
  importAddress: Guid(f861003bb127c4f439a4267fea523ee3) Importer(815301076,1909f56bfc062723c751e8b465ee728b)
Start importing Assets/Art/Gameplay/Podium/3rdMedal.png using Guid(f861003bb127c4f439a4267fea523ee3) Importer(815301076,1909f56bfc062723c751e8b465ee728b) (PreviewImporter) -> (Import Result ID: '39110286d15c4beb7897d04ce557c350') in 0.0188494 seconds [static and dynamic dependencies]. Details - ImportResultOutputID=3e5a189f8a632587361185f29ebb13d4 DependenciesID=29c9ae5e1dd23758934857f48d57f318 StaticDependenciesID=a0d3da92e910f95244623641efd75a8d 
Number of updated asset objects reloaded before import = 0Number of asset objects unloaded after import = 2

========================================================================
Received Import Request.
  Time since last request: 0.000036 seconds.
  path: Assets/Art/Characters/12 Bloze/Bloze.png
  importAddress: Guid(36eaddb1fc41de64ca6cc9d2d822de5a) Importer(815301076,1909f56bfc062723c751e8b465ee728b)
Start importing Assets/Art/Characters/12 Bloze/Bloze.png using Guid(36eaddb1fc41de64ca6cc9d2d822de5a) Importer(815301076,1909f56bfc062723c751e8b465ee728b) (PreviewImporter) -> (Import Result ID: 'e1bfd6b13d4a5c0b9a235edb56fa86a6') in 0.0208647 seconds [static and dynamic dependencies]. Details - ImportResultOutputID=4d654ad0142b62c11b7c9497c5939a94 DependenciesID=7a7983fdad6940cba35560766e22993a StaticDependenciesID=8a2d0e279cfd9fef3d17b12e4079f5aa 
Number of updated asset objects reloaded before import = 0Number of asset objects unloaded after import = 2

========================================================================
Received Import Request.
  Time since last request: 0.000034 seconds.
  path: Assets/Art/Gameplay/Finish line banner/Textures/Banner_8.psd
  importAddress: Guid(d78f9d2e8e84fbc478c82e6c18da7d69) Importer(815301076,1909f56bfc062723c751e8b465ee728b)
Start importing Assets/Art/Gameplay/Finish line banner/Textures/Banner_8.psd using Guid(d78f9d2e8e84fbc478c82e6c18da7d69) Importer(815301076,1909f56bfc062723c751e8b465ee728b) (PreviewImporter) -> (Import Result ID: 'fd78fb7a0312a5ae912f6a8ac808d986') in 0.0234084 seconds [static and dynamic dependencies]. Details - ImportResultOutputID=2ee0b10e7b618859d95907ae88bfff14 DependenciesID=59188447897e6b96ab6fa8773946bb1a StaticDependenciesID=274d214d0cd7f134869edc4057bbbaa3 
Number of updated asset objects reloaded before import = 0Number of asset objects unloaded after import = 2

========================================================================
Received Import Request.
  Time since last request: 0.000034 seconds.
  path: Assets/Art/Characters/08 Big da Cat/BigIcon.png
  importAddress: Guid(b6aa54ecf652de74c9ebd8704033fc09) Importer(815301076,1909f56bfc062723c751e8b465ee728b)
Start importing Assets/Art/Characters/08 Big da Cat/BigIcon.png using Guid(b6aa54ecf652de74c9ebd8704033fc09) Importer(815301076,1909f56bfc062723c751e8b465ee728b) (PreviewImporter) -> (Import Result ID: 'dd96138bd522fd2d55ce8062928c30b0') in 0.0257927 seconds [static and dynamic dependencies]. Details - ImportResultOutputID=699919a8e38c041b11d32c8b332b063f DependenciesID=8f79e0658e7b4cf843bbb37f83feaa19 StaticDependenciesID=eeebaa12a7c4c584e920219ebdf4c7d0 
Number of updated asset objects reloaded before import = 0Number of asset objects unloaded after import = 3

========================================================================
Received Import Request.
  Time since last request: 0.000029 seconds.
  path: Assets/Art/Gameplay/Finish line banner/Textures/Banner_2.psd
  importAddress: Guid(d6569e464257c1f459a0030bdfb92af9) Importer(815301076,1909f56bfc062723c751e8b465ee728b)
Start importing Assets/Art/Gameplay/Finish line banner/Textures/Banner_2.psd using Guid(d6569e464257c1f459a0030bdfb92af9) Importer(815301076,1909f56bfc062723c751e8b465ee728b) (PreviewImporter) -> (Import Result ID: '3b9a328a14d265b8970f6b429a11df29') in 0.023398 seconds [static and dynamic dependencies]. Details - ImportResultOutputID=c2716d9394ed4b29233b1b6988cff4d1 DependenciesID=ff04f276cd999cac8bc5667cfd271634 StaticDependenciesID=4bd5849ca81d25bc9764a657a8146130 
Number of updated asset objects reloaded before import = 0Number of asset objects unloaded after import = 2

========================================================================
Received Import Request.
  Time since last request: 0.000024 seconds.
  path: Assets/Art/User Interface/Textures/BigArrows.psd
  importAddress: Guid(6baa23ed57aa0394085817db56ba2a63) Importer(815301076,1909f56bfc062723c751e8b465ee728b)
Start importing Assets/Art/User Interface/Textures/BigArrows.psd using Guid(6baa23ed57aa0394085817db56ba2a63) Importer(815301076,1909f56bfc062723c751e8b465ee728b) (PreviewImporter) -> (Import Result ID: 'afbc5b3fc78bff3901e40a392e1af8f2') in 0.0274656 seconds [static and dynamic dependencies]. Details - ImportResultOutputID=54239eaaf759504ba4c10b44dc3e8572 DependenciesID=d499b64cf52a51ac8b81afba6d743b06 StaticDependenciesID=d3b4507c57fbc1d2b2d05c34182ce1ff 
Number of updated asset objects reloaded before import = 0Number of asset objects unloaded after import = 6

========================================================================
Received Import Request.
  Time since last request: 0.000035 seconds.
  path: Assets/Art/Gameplay/Finish line banner/Textures/Banner_12.psd
  importAddress: Guid(3a2b94c3ac8caae4e940b1af81e2e1db) Importer(815301076,1909f56bfc062723c751e8b465ee728b)
Start importing Assets/Art/Gameplay/Finish line banner/Textures/Banner_12.psd using Guid(3a2b94c3ac8caae4e940b1af81e2e1db) Importer(815301076,1909f56bfc062723c751e8b465ee728b) (PreviewImporter) -> (Import Result ID: 'ccc203eeedeee25db41adb4a137b3050') in 0.0237034 seconds [static and dynamic dependencies]. Details - ImportResultOutputID=73676d46b7e3111de8e03fe285621e92 DependenciesID=06fc9b1d3f2a26d079b0d413eae14a0e StaticDependenciesID=db5e3c3eef2e370ab6fe34611967ace1 
Number of updated asset objects reloaded before import = 0Number of asset objects unloaded after import = 2

========================================================================
Received Import Request.
  Time since last request: 0.000037 seconds.
  path: Assets/Art/Environment/Skybox/Textures/SkyboxCloudless/back.png
  importAddress: Guid(7e9cccc1fb3df74498705173ca090c6e) Importer(815301076,1909f56bfc062723c751e8b465ee728b)
Start importing Assets/Art/Environment/Skybox/Textures/SkyboxCloudless/back.png using Guid(7e9cccc1fb3df74498705173ca090c6e) Importer(815301076,1909f56bfc062723c751e8b465ee728b) (PreviewImporter) -> (Import Result ID: '67eee1527ce0e78f08e4e7cb699f200a') in 0.022899 seconds [static and dynamic dependencies]. Details - ImportResultOutputID=e4af284995ba1178d6db86df18e74bf4 DependenciesID=c58f5b4ccd76aad5482cf931acdca115 StaticDependenciesID=f6b457954da94bf80c1ffece74df80ea 
Number of updated asset objects reloaded before import = 0Number of asset objects unloaded after import = 2

========================================================================
Received Import Request.
  Time since last request: 0.000038 seconds.
  path: Assets/Libraries/GameJoltAPI/Resources/Images/Box.tga
  importAddress: Guid(1087499d1f5b9411580b95591bcad702) Importer(815301076,1909f56bfc062723c751e8b465ee728b)
Start importing Assets/Libraries/GameJoltAPI/Resources/Images/Box.tga using Guid(1087499d1f5b9411580b95591bcad702) Importer(815301076,1909f56bfc062723c751e8b465ee728b) (PreviewImporter) -> (Import Result ID: 'e90230db126d75b8c29d0ad8ed3dfb90') in 0.0149555 seconds [static and dynamic dependencies]. Details - ImportResultOutputID=6806f1ed5055ef4551af36a013c14d84 DependenciesID=3f42e1b79f1f56e66495cdbf8191095a StaticDependenciesID=fb5b34111909fe724cbbe802b5a0377f 
Number of updated asset objects reloaded before import = 0Number of asset objects unloaded after import = 2

========================================================================
Received Import Request.
  Time since last request: 0.000029 seconds.
  path: Assets/Art/Characters/04 Ame Roes/Ame.png
  importAddress: Guid(96959a72cd0e1ce418fe2ad918e2d8f5) Importer(815301076,1909f56bfc062723c751e8b465ee728b)
Start importing Assets/Art/Characters/04 Ame Roes/Ame.png using Guid(96959a72cd0e1ce418fe2ad918e2d8f5) Importer(815301076,1909f56bfc062723c751e8b465ee728b) (PreviewImporter) -> (Import Result ID: '92dfd5067ca50a522118ea2a166f5b96') in 0.0219168 seconds [static and dynamic dependencies]. Details - ImportResultOutputID=5e5d83bed16efde2af9d598ecf2c9615 DependenciesID=61be1aa92a54c117cea73ed9bfd516e4 StaticDependenciesID=5b21955075a810d4bd96f9d12d2650ee 
Number of updated asset objects reloaded before import = 0Number of asset objects unloaded after import = 2

========================================================================
Received Import Request.
  Time since last request: 0.000028 seconds.
  path: Assets/Art/User Interface/Textures/BoxSpikesLeftOnly.psd
  importAddress: Guid(e94ce6a8ce6e1c640b30babe6150479a) Importer(815301076,1909f56bfc062723c751e8b465ee728b)
Start importing Assets/Art/User Interface/Textures/BoxSpikesLeftOnly.psd using Guid(e94ce6a8ce6e1c640b30babe6150479a) Importer(815301076,1909f56bfc062723c751e8b465ee728b) (PreviewImporter) -> (Import Result ID: '0e1b0edb544ae1abe804c781ed92f3d8') in 0.0198411 seconds [static and dynamic dependencies]. Details - ImportResultOutputID=52ef729940be2588fcaf53531b924adb DependenciesID=657b448396990edeb893375791159eb8 StaticDependenciesID=1437b028bdd943535d546687f173f8c6 
Number of updated asset objects reloaded before import = 0Number of asset objects unloaded after import = 3

========================================================================
Received Import Request.
  Time since last request: 0.000034 seconds.
  path: Assets/Unused/Minimap icons/AmeMinimap.png
  importAddress: Guid(7172839744cc4884595e9e1bcebb2cfa) Importer(815301076,1909f56bfc062723c751e8b465ee728b)
Start importing Assets/Unused/Minimap icons/AmeMinimap.png using Guid(7172839744cc4884595e9e1bcebb2cfa) Importer(815301076,1909f56bfc062723c751e8b465ee728b) (PreviewImporter) -> (Import Result ID: '936e1fefca83bfda42f64d2dfe45c37c') in 0.0137917 seconds [static and dynamic dependencies]. Details - ImportResultOutputID=34c8b52946df4991fb0546ae10449f74 DependenciesID=5ba38b029f25b599f9fc11b51c324408 StaticDependenciesID=5e548e4d1266c9311d3e4c2d92d6c280 
Number of updated asset objects reloaded before import = 0Number of asset objects unloaded after import = 2

========================================================================
Received Import Request.
  Time since last request: 0.000023 seconds.
  path: Assets/Art/Characters/09 Dr Aggmen/Aggmen.png
  importAddress: Guid(19652c836ea2d184390984d8ce4e6a32) Importer(815301076,1909f56bfc062723c751e8b465ee728b)
Start importing Assets/Art/Characters/09 Dr Aggmen/Aggmen.png using Guid(19652c836ea2d184390984d8ce4e6a32) Importer(815301076,1909f56bfc062723c751e8b465ee728b) (PreviewImporter) -> (Import Result ID: '8dd25321255fad42a86f0d60d01dc8b5') in 0.0204762 seconds [static and dynamic dependencies]. Details - ImportResultOutputID=4c9e5d9b942245edbaaea1104a34c6d7 DependenciesID=cb40a799740871e5f2c816553e2fe8f5 StaticDependenciesID=a2992e845e9d75cc3e533392baafa6d9 
Number of updated asset objects reloaded before import = 0Number of asset objects unloaded after import = 2

========================================================================
Received Import Request.
  Time since last request: 0.000027 seconds.
  path: Assets/Art/User Interface/Textures/BoxSpikesRightOnlyNoLines.psd
  importAddress: Guid(ec721bc7a9a33a348912bb82860d1fb7) Importer(815301076,1909f56bfc062723c751e8b465ee728b)
Start importing Assets/Art/User Interface/Textures/BoxSpikesRightOnlyNoLines.psd using Guid(ec721bc7a9a33a348912bb82860d1fb7) Importer(815301076,1909f56bfc062723c751e8b465ee728b) (PreviewImporter) -> (Import Result ID: '24566d7a17f746696aa1f41ba39f6e22') in 0.0141283 seconds [static and dynamic dependencies]. Details - ImportResultOutputID=6dcde660e1d45a232e602cc18d5c5248 DependenciesID=be67ebfe656fe8de5ef36eab5a33cd5f StaticDependenciesID=a95eaf8940faf98cd7989bf25fbec2ce 
Number of updated asset objects reloaded before import = 0Number of asset objects unloaded after import = 3

========================================================================
Received Import Request.
  Time since last request: 0.000024 seconds.
  path: Assets/Libraries/GameJoltAPI/Resources/Images/BtnNormal.tga
  importAddress: Guid(7801c1e26d9894c5aa1c686b5ae3b2fd) Importer(815301076,1909f56bfc062723c751e8b465ee728b)
Start importing Assets/Libraries/GameJoltAPI/Resources/Images/BtnNormal.tga using Guid(7801c1e26d9894c5aa1c686b5ae3b2fd) Importer(815301076,1909f56bfc062723c751e8b465ee728b) (PreviewImporter) -> (Import Result ID: '199c3cbe194617540a242116762a2877') in 0.011534 seconds [static and dynamic dependencies]. Details - ImportResultOutputID=beedd374f9336e683e264800d7a11629 DependenciesID=562429ae53b9517955d748ce8d6e871c StaticDependenciesID=b505fcb3a5ccf08ba5a20f5e925b489c 
Number of updated asset objects reloaded before import = 0Number of asset objects unloaded after import = 2

========================================================================
Received Import Request.
  Time since last request: 0.000037 seconds.
  path: Assets/Art/Gameplay/Finish line banner/Textures/Banner_7.psd
  importAddress: Guid(2bd3de4199b0861499e8e7c0a71fde86) Importer(815301076,1909f56bfc062723c751e8b465ee728b)
Start importing Assets/Art/Gameplay/Finish line banner/Textures/Banner_7.psd using Guid(2bd3de4199b0861499e8e7c0a71fde86) Importer(815301076,1909f56bfc062723c751e8b465ee728b) (PreviewImporter) -> (Import Result ID: '1be3c75857050079c53b2695712947e8') in 0.0179487 seconds [static and dynamic dependencies]. Details - ImportResultOutputID=4901e38ec6a6aee13e7e57e475397c88 DependenciesID=ba72a7117f72f6609ace5e6dfb55da64 StaticDependenciesID=3b7a80d71317edc6be71ae579ecdf507 
Number of updated asset objects reloaded before import = 0Number of asset objects unloaded after import = 2

========================================================================
Received Import Request.
  Time since last request: 0.000032 seconds.
  path: Assets/Standard Assets/Effects/Lens Flares/Art Assets/cheap plastic.psd
  importAddress: Guid(a8db9f4190d8242a8ad500fa95095423) Importer(815301076,1909f56bfc062723c751e8b465ee728b)
Start importing Assets/Standard Assets/Effects/Lens Flares/Art Assets/cheap plastic.psd using Guid(a8db9f4190d8242a8ad500fa95095423) Importer(815301076,1909f56bfc062723c751e8b465ee728b) (PreviewImporter) -> (Import Result ID: 'b92951cb8fc810dc7a06ee67be166287') in 0.0146481 seconds [static and dynamic dependencies]. Details - ImportResultOutputID=55c142d83cbb8cc860cec6656c607d0e DependenciesID=3449f64c2e448237b3d7af74bdedfb83 StaticDependenciesID=eccbe4a0b50d5ad7817b46a3ad92f3c5 
Number of updated asset objects reloaded before import = 0Number of asset objects unloaded after import = 2

========================================================================
Received Import Request.
  Time since last request: 0.000022 seconds.
  path: Assets/Unused/Minimap icons/BigMinimap.png
  importAddress: Guid(17dc972ef5d057c418147b81cd3a6ef8) Importer(815301076,1909f56bfc062723c751e8b465ee728b)
Start importing Assets/Unused/Minimap icons/BigMinimap.png using Guid(17dc972ef5d057c418147b81cd3a6ef8) Importer(815301076,1909f56bfc062723c751e8b465ee728b) (PreviewImporter) -> (Import Result ID: '43d365114017b992ab1d9db379207979') in 0.0125117 seconds [static and dynamic dependencies]. Details - ImportResultOutputID=cbdd057d7d79dc710d94952989282beb DependenciesID=4f7503cd758fbc99021d68e7f99e54f8 StaticDependenciesID=97afbb3cc0902a69eb2d2e600faa921f 
Number of updated asset objects reloaded before import = 0Number of asset objects unloaded after import = 2

========================================================================
Received Import Request.
  Time since last request: 0.000022 seconds.
  path: Assets/Art/User Interface/Textures/Checkmark.psd
  importAddress: Guid(f19ebb4eb6ce0fb40927bb036a87170b) Importer(815301076,1909f56bfc062723c751e8b465ee728b)
Start importing Assets/Art/User Interface/Textures/Checkmark.psd using Guid(f19ebb4eb6ce0fb40927bb036a87170b) Importer(815301076,1909f56bfc062723c751e8b465ee728b) (PreviewImporter) -> (Import Result ID: '29b22fa1564aea014dcaf56e7a9a15fd') in 0.0161775 seconds [static and dynamic dependencies]. Details - ImportResultOutputID=2191ce891bf47d523433d07a33080d54 DependenciesID=df3a2f6627052b1af6458215bd4b9410 StaticDependenciesID=053eecb620dae30e94fed06312c0ff27 
Number of updated asset objects reloaded before import = 0Number of asset objects unloaded after import = 3

========================================================================
Received Import Request.
  Time since last request: 0.000039 seconds.
  path: Assets/Art/Gameplay/Finish line banner/Textures/Banner_9.psd
  importAddress: Guid(0c752c0e9fecf8745a1e6167d8c137be) Importer(815301076,1909f56bfc062723c751e8b465ee728b)
Start importing Assets/Art/Gameplay/Finish line banner/Textures/Banner_9.psd using Guid(0c752c0e9fecf8745a1e6167d8c137be) Importer(815301076,1909f56bfc062723c751e8b465ee728b) (PreviewImporter) -> (Import Result ID: 'e13e1e7e6c9ef23bc98e555a91c7d5e0') in 0.0196431 seconds [static and dynamic dependencies]. Details - ImportResultOutputID=9cafb732ae812039b5ab8d77ddac3892 DependenciesID=fa4dd7d15a2821778c5a0d6f25fec376 StaticDependenciesID=7a1248b100576803647ea740edc0fed3 
Number of updated asset objects reloaded before import = 0Number of asset objects unloaded after import = 2

========================================================================
Received Import Request.
  Time since last request: 0.000044 seconds.
  path: Assets/Art/Gameplay/Finish line banner/Textures/Banner_0.psd
  importAddress: Guid(4c4e28959c4aa68469ecbafed2437b3f) Importer(815301076,1909f56bfc062723c751e8b465ee728b)
Start importing Assets/Art/Gameplay/Finish line banner/Textures/Banner_0.psd using Guid(4c4e28959c4aa68469ecbafed2437b3f) Importer(815301076,1909f56bfc062723c751e8b465ee728b) (PreviewImporter) -> (Import Result ID: 'c432e7e0b7fc5f60ac7716e758ee07d6') in 0.0198614 seconds [static and dynamic dependencies]. Details - ImportResultOutputID=45d1b4f5ff4cfb5b5b991571cfbf50f2 DependenciesID=ca9bd0d00e44d3d6c8825a11b8502332 StaticDependenciesID=e9f17218248942b84e0fcc24e5754f76 
Number of updated asset objects reloaded before import = 0Number of asset objects unloaded after import = 2

========================================================================
Received Import Request.
  Time since last request: 0.000025 seconds.
  path: Assets/Art/Gameplay/Finish line banner/Textures/Banner_13.psd
  importAddress: Guid(0c1026ca34370864cbfa44748f2a3300) Importer(815301076,1909f56bfc062723c751e8b465ee728b)
Start importing Assets/Art/Gameplay/Finish line banner/Textures/Banner_13.psd using Guid(0c1026ca34370864cbfa44748f2a3300) Importer(815301076,1909f56bfc062723c751e8b465ee728b) (PreviewImporter) -> (Import Result ID: '93e32f2825d3811322090e0f5a01ad09') in 0.0231859 seconds [static and dynamic dependencies]. Details - ImportResultOutputID=91aeb7ee8d3b269b685e47553989196b DependenciesID=f96b4b430dd7de01395275da16c25798 StaticDependenciesID=1c1f5e7e42e0799f6ccc2fe20e43dddc 
Number of updated asset objects reloaded before import = 0Number of asset objects unloaded after import = 2

========================================================================
Received Import Request.
  Time since last request: 0.000026 seconds.
  path: Assets/Art/User Interface/Textures/BoxChat.psd
  importAddress: Guid(6334a335edf69c34794a21c0f57a438d) Importer(815301076,1909f56bfc062723c751e8b465ee728b)
Start importing Assets/Art/User Interface/Textures/BoxChat.psd using Guid(6334a335edf69c34794a21c0f57a438d) Importer(815301076,1909f56bfc062723c751e8b465ee728b) (PreviewImporter) -> (Import Result ID: '1bc245b450cbd4048d89ded615daf238') in 0.0166116 seconds [static and dynamic dependencies]. Details - ImportResultOutputID=ca320502ef9b833948164a907a464588 DependenciesID=b75b4e261d9c84c3d8a8c0540bd238e0 StaticDependenciesID=a924710a78612687021a5251c7c3eec2 
Number of updated asset objects reloaded before import = 0Number of asset objects unloaded after import = 3

========================================================================
Received Import Request.
  Time since last request: 0.000078 seconds.
  path: Assets/Art/Gameplay/Finish line banner/Textures/Banner_Snoop.jpg
  importAddress: Guid(d15feea24429be54cbccc060160d52e7) Importer(815301076,1909f56bfc062723c751e8b465ee728b)
Start importing Assets/Art/Gameplay/Finish line banner/Textures/Banner_Snoop.jpg using Guid(d15feea24429be54cbccc060160d52e7) Importer(815301076,1909f56bfc062723c751e8b465ee728b) (PreviewImporter) -> (Import Result ID: 'df0d63de1bb4f3d5d43b3e16a8f725df') in 0.0271652 seconds [static and dynamic dependencies]. Details - ImportResultOutputID=d38f57414f7b3f0043b554d1351fd702 DependenciesID=8b354199b7e7563f57b6e5c4cb0a33ce StaticDependenciesID=7f24a0b8ac3fc1f519089712fa1cafcf 
Number of updated asset objects reloaded before import = 0Number of asset objects unloaded after import = 2

========================================================================
Received Import Request.
  Time since last request: 0.000038 seconds.
  path: Assets/Art/Gameplay/Finish line banner/Textures/Banner_11.psd
  importAddress: Guid(c43777d8e710fb1418241f45ad95af53) Importer(815301076,1909f56bfc062723c751e8b465ee728b)
Start importing Assets/Art/Gameplay/Finish line banner/Textures/Banner_11.psd using Guid(c43777d8e710fb1418241f45ad95af53) Importer(815301076,1909f56bfc062723c751e8b465ee728b) (PreviewImporter) -> (Import Result ID: '8d64445a3425353fe21756fc1d2c24f6') in 0.0221304 seconds [static and dynamic dependencies]. Details - ImportResultOutputID=7dce869ef4d1990fdebf0848f281a374 DependenciesID=6783f6443962d04d6f94d8582522ce8e StaticDependenciesID=1e6b1fb28efecdb7739a9b14cb838c65 
Number of updated asset objects reloaded before import = 0Number of asset objects unloaded after import = 2

========================================================================
Received Import Request.
  Time since last request: 0.000025 seconds.
  path: Assets/Art/Characters/Trail textures/BeeTrail.psd
  importAddress: Guid(f4e0fe219e1107944a7e5f01244f62db) Importer(815301076,1909f56bfc062723c751e8b465ee728b)
Start importing Assets/Art/Characters/Trail textures/BeeTrail.psd using Guid(f4e0fe219e1107944a7e5f01244f62db) Importer(815301076,1909f56bfc062723c751e8b465ee728b) (PreviewImporter) -> (Import Result ID: '50af0f96ef249cdea2fe4ff5a6397c0b') in 0.0158729 seconds [static and dynamic dependencies]. Details - ImportResultOutputID=b10e55d58f41336b44b5d3d38601de3e DependenciesID=ad51b1622598a630ec272e2f2de690a5 StaticDependenciesID=10096cc4b9029561c29a2ca6ef9ebfbc 
Number of updated asset objects reloaded before import = 0Number of asset objects unloaded after import = 2

========================================================================
Received Import Request.
  Time since last request: 0.000028 seconds.
  path: Assets/Art/Easter eggs/Dank Train/Textures/BiggieSmalls.png
  importAddress: Guid(32abde5ac524df742a2a7a20b6b1e888) Importer(815301076,1909f56bfc062723c751e8b465ee728b)
Start importing Assets/Art/Easter eggs/Dank Train/Textures/BiggieSmalls.png using Guid(32abde5ac524df742a2a7a20b6b1e888) Importer(815301076,1909f56bfc062723c751e8b465ee728b) (PreviewImporter) -> (Import Result ID: '44468f34242f78a0eebf4fd3d4585255') in 0.0147245 seconds [static and dynamic dependencies]. Details - ImportResultOutputID=33bd896fcda39bcb7012449f7f8f52be DependenciesID=4e98bcf6dab8bcbf5d77888471f40b60 StaticDependenciesID=3dc86426a34d766f51b27ac6976f0d57 
Number of updated asset objects reloaded before import = 0Number of asset objects unloaded after import = 2

========================================================================
Received Import Request.
  Time since last request: 0.000037 seconds.
  path: Assets/Art/Characters/12 Bloze/BlozeIcon.png
  importAddress: Guid(2d3a2b172aa7be04495f0a7c6c77ebee) Importer(815301076,1909f56bfc062723c751e8b465ee728b)
Start importing Assets/Art/Characters/12 Bloze/BlozeIcon.png using Guid(2d3a2b172aa7be04495f0a7c6c77ebee) Importer(815301076,1909f56bfc062723c751e8b465ee728b) (PreviewImporter) -> (Import Result ID: '3f6aee7781ea0529b3ba2167154bee84') in 0.0199247 seconds [static and dynamic dependencies]. Details - ImportResultOutputID=14f184d4e55a991ad2377f4d375b9a21 DependenciesID=b1b986367e3dbcdcd6ba9aca60842d12 StaticDependenciesID=29a11f5cd80d512725d999ed9079d422 
Number of updated asset objects reloaded before import = 0Number of asset objects unloaded after import = 3

========================================================================
Received Import Request.
  Time since last request: 0.000039 seconds.
  path: Assets/Art/User Interface/Spinners/BigSpinner.psd
  importAddress: Guid(e9b38a7d4d385144db44883e4f57baca) Importer(815301076,1909f56bfc062723c751e8b465ee728b)
Start importing Assets/Art/User Interface/Spinners/BigSpinner.psd using Guid(e9b38a7d4d385144db44883e4f57baca) Importer(815301076,1909f56bfc062723c751e8b465ee728b) (PreviewImporter) -> (Import Result ID: '7cf904b236f726863e494f5e6d5d3e0d') in 0.0309012 seconds [static and dynamic dependencies]. Details - ImportResultOutputID=8f02519ec75191b8a9cb3f7fecd32058 DependenciesID=488e4a793c0e21cd24878976352d5cba StaticDependenciesID=473eb18d447c1fea2c1e4edb7103bab1 
Number of updated asset objects reloaded before import = 0Number of asset objects unloaded after import = 10

========================================================================
Received Import Request.
  Time since last request: 0.000022 seconds.
  path: Assets/Standard Assets/Effects/Lens Flares/Art Assets/85mmflare.psd
  importAddress: Guid(4a93c4d9bf7d24e8092c204085982402) Importer(815301076,1909f56bfc062723c751e8b465ee728b)
Start importing Assets/Standard Assets/Effects/Lens Flares/Art Assets/85mmflare.psd using Guid(4a93c4d9bf7d24e8092c204085982402) Importer(815301076,1909f56bfc062723c751e8b465ee728b) (PreviewImporter) -> (Import Result ID: 'adbdacf69a15cf1659c4fcd5b3b322de') in 0.0127991 seconds [static and dynamic dependencies]. Details - ImportResultOutputID=65aecaa570f12525eab4992ca04953a9 DependenciesID=7070ec60204dc70cd57e04ed3547f249 StaticDependenciesID=5f5afb8ffb3273c826a8fc2b94ae041a 
Number of updated asset objects reloaded before import = 0Number of asset objects unloaded after import = 2

========================================================================
Received Import Request.
  Time since last request: 1.130397 seconds.
  path: Assets/Art/Characters/Trail textures/DankTrail.psd
  importAddress: Guid(bb25e030e75457646952110a4bdc3d06) Importer(815301076,1909f56bfc062723c751e8b465ee728b)
Start importing Assets/Art/Characters/Trail textures/DankTrail.psd using Guid(bb25e030e75457646952110a4bdc3d06) Importer(815301076,1909f56bfc062723c751e8b465ee728b) (PreviewImporter) -> (Import Result ID: 'f6333167d993782e4d6a07fffc96f52c') in 0.0143016 seconds [static and dynamic dependencies]. Details - ImportResultOutputID=223b971f9e07109921f6ec00555de54d DependenciesID=69e50f3f5041bab08516f61760ff2ed4 StaticDependenciesID=6c04258a961a2bfece1e20156be3aa04 
Number of updated asset objects reloaded before import = 0Number of asset objects unloaded after import = 2

========================================================================
Received Prepare
Begin MonoManager ReloadAssembly
[Licensing::Client] Successfully resolved entitlement details
[Licensing::Module] License group:
  Id: F4-MESN-GUW7-62D3-FRZW-XXXX
  Product: Unity Personal
  Type: ULF
  Expiration: Unlimited
[Licensing::Module] License group:
  Id: 9071283907225-UnityPersXXXX
  Product: Unity Personal
  Type: Assigned
  Expiration: Unlimited
Duplicate assembly 'Newtonsoft.Json.dll' with different versions detected, using 'Packages/com.unity.nuget.newtonsoft-json/Runtime/Newtonsoft.Json.dll, AssemblyName=Newtonsoft.Json, Version=13.0.0.0, Culture=neutral, PublicKeyToken=30ad4fe6b2a6aeed' and ignoring 'Assets/Assemblies/Newtonsoft.Json.dll, AssemblyName=Newtonsoft.Json, Version=6.0.0.0, Culture=neutral, PublicKeyToken=30ad4fe6b2a6aeed'.Assembly Assembly-CSharp-Editor-firstpass.dll at Library/ScriptAssemblies/Assembly-CSharp-Editor-firstpass.dll not valid. Loading of assembly skipped.
Assembly DocCodeExamples.dll at Library/ScriptAssemblies/DocCodeExamples.dll not valid. Loading of assembly skipped.
Assembly TestNewCustomAssembly.dll at Library/ScriptAssemblies/TestNewCustomAssembly.dll not valid. Loading of assembly skipped.
Assembly Unity.2D.Sprite.Package.EditorTests.dll at Library/ScriptAssemblies/Unity.2D.Sprite.Package.EditorTests.dll not valid. Loading of assembly skipped.
Assembly Unity.2D.Tilemap.Package.EditorTests.dll at Library/ScriptAssemblies/Unity.2D.Tilemap.Package.EditorTests.dll not valid. Loading of assembly skipped.
Assembly Unity.Analytics.DataPrivacy.Tests.dll at Library/ScriptAssemblies/Unity.Analytics.DataPrivacy.Tests.dll not valid. Loading of assembly skipped.
Assembly Unity.Analytics.StandardEvents.EditorTests.dll at Library/ScriptAssemblies/Unity.Analytics.StandardEvents.EditorTests.dll not valid. Loading of assembly skipped.
Assembly Unity.Collections.BurstCompatibilityGen.dll at Library/ScriptAssemblies/Unity.Collections.BurstCompatibilityGen.dll not valid. Loading of assembly skipped.
Assembly Unity.Collections.DocCodeSamples.dll at Library/ScriptAssemblies/Unity.Collections.DocCodeSamples.dll not valid. Loading of assembly skipped.
Assembly Unity.Collections.PerformanceTests.dll at Library/ScriptAssemblies/Unity.Collections.PerformanceTests.dll not valid. Loading of assembly skipped.
Assembly Unity.Collections.Tests.dll at Library/ScriptAssemblies/Unity.Collections.Tests.dll not valid. Loading of assembly skipped.
Assembly Unity.Collections.Tests.Playmode.dll at Library/ScriptAssemblies/Unity.Collections.Tests.Playmode.dll not valid. Loading of assembly skipped.
Assembly Unity.Mathematics.Tests.dll at Library/ScriptAssemblies/Unity.Mathematics.Tests.dll not valid. Loading of assembly skipped.
Assembly Unity.Multiplayer.Center.Editor.Tests.dll at Library/ScriptAssemblies/Unity.Multiplayer.Center.Editor.Tests.dll not valid. Loading of assembly skipped.
Assembly Unity.Multiplayer.Center.Tests.dll at Library/ScriptAssemblies/Unity.Multiplayer.Center.Tests.dll not valid. Loading of assembly skipped.
Assembly Unity.Nuget.Mono-Cecil.dll at Library/ScriptAssemblies/Unity.Nuget.Mono-Cecil.dll not valid. Loading of assembly skipped.
Assembly Unity.PathTracing.Editor.Tests.dll at Library/ScriptAssemblies/Unity.PathTracing.Editor.Tests.dll not valid. Loading of assembly skipped.
Assembly Unity.PathTracing.Runtime.Tests.dll at Library/ScriptAssemblies/Unity.PathTracing.Runtime.Tests.dll not valid. Loading of assembly skipped.
Assembly Unity.RenderPipelines.Core.Editor.Tests.dll at Library/ScriptAssemblies/Unity.RenderPipelines.Core.Editor.Tests.dll not valid. Loading of assembly skipped.
Assembly Unity.RenderPipelines.Core.Runtime.Tests.dll at Library/ScriptAssemblies/Unity.RenderPipelines.Core.Runtime.Tests.dll not valid. Loading of assembly skipped.
Assembly Unity.RenderPipelines.Universal.Config.Editor.Tests.dll at Library/ScriptAssemblies/Unity.RenderPipelines.Universal.Config.Editor.Tests.dll not valid. Loading of assembly skipped.
Assembly Unity.RenderPipelines.Universal.Editor.Tests.dll at Library/ScriptAssemblies/Unity.RenderPipelines.Universal.Editor.Tests.dll not valid. Loading of assembly skipped.
Assembly Unity.RenderPipelines.Universal.Runtime.Tests.dll at Library/ScriptAssemblies/Unity.RenderPipelines.Universal.Runtime.Tests.dll not valid. Loading of assembly skipped.
Assembly Unity.Searcher.EditorTests.dll at Library/ScriptAssemblies/Unity.Searcher.EditorTests.dll not valid. Loading of assembly skipped.
Assembly Unity.ShaderGraph.Editor.Tests.dll at Library/ScriptAssemblies/Unity.ShaderGraph.Editor.Tests.dll not valid. Loading of assembly skipped.
Assembly Unity.TextMeshPro.Editor.Tests.dll at Library/ScriptAssemblies/Unity.TextMeshPro.Editor.Tests.dll not valid. Loading of assembly skipped.
Assembly Unity.TextMeshPro.Tests.dll at Library/ScriptAssemblies/Unity.TextMeshPro.Tests.dll not valid. Loading of assembly skipped.
Assembly Unity.UnifiedRayTracing.Editor.Tests.dll at Library/ScriptAssemblies/Unity.UnifiedRayTracing.Editor.Tests.dll not valid. Loading of assembly skipped.
Assembly UnityEditor.UI.Common.Tests.dll at Library/ScriptAssemblies/UnityEditor.UI.Common.Tests.dll not valid. Loading of assembly skipped.
Assembly UnityEditor.UI.EditorTests.dll at Library/ScriptAssemblies/UnityEditor.UI.EditorTests.dll not valid. Loading of assembly skipped.
Assembly UnityEditor.XR.LegacyInputHelpers.Tests.dll at Library/ScriptAssemblies/UnityEditor.XR.LegacyInputHelpers.Tests.dll not valid. Loading of assembly skipped.
Assembly UnityEngine.Advertisements.Editor.Tests.dll at Library/ScriptAssemblies/UnityEngine.Advertisements.Editor.Tests.dll not valid. Loading of assembly skipped.
Assembly UnityEngine.Advertisements.Tests.dll at Library/ScriptAssemblies/UnityEngine.Advertisements.Tests.dll not valid. Loading of assembly skipped.
Assembly UnityEngine.Purchasing.Apple.dll at Library/ScriptAssemblies/UnityEngine.Purchasing.Apple.dll not valid. Loading of assembly skipped.
Assembly UnityEngine.Purchasing.AppleMacos.dll at Library/ScriptAssemblies/UnityEngine.Purchasing.AppleMacos.dll not valid. Loading of assembly skipped.
Assembly UnityEngine.Purchasing.Security.dll at Library/ScriptAssemblies/UnityEngine.Purchasing.Security.dll not valid. Loading of assembly skipped.
Assembly UnityEngine.Purchasing.WinRT.dll at Library/ScriptAssemblies/UnityEngine.Purchasing.WinRT.dll not valid. Loading of assembly skipped.
Assembly UnityEngine.SpatialTracking.Tests.dll at Library/ScriptAssemblies/UnityEngine.SpatialTracking.Tests.dll not valid. Loading of assembly skipped.
Assembly UnityEngine.UI.Tests.dll at Library/ScriptAssemblies/UnityEngine.UI.Tests.dll not valid. Loading of assembly skipped.
Symbol file LoadedFromMemory is not a mono symbol file
OnLevelWasLoaded was found on MatchManager
This message has been deprecated and will be removed in a later version of Unity.
Add a delegate to SceneManager.sceneLoaded instead to get notifications after scene loading has completed
Refreshing native plugins compatible for Editor in 4.73 ms, found 2 plugins.
OnLevelWasLoaded was found on MatchManager
This message has been deprecated and will be removed in a later version of Unity.
Add a delegate to SceneManager.sceneLoaded instead to get notifications after scene loading has completed
Native extension for Android target not found
Native extension for WindowsStandalone target not found
[Package Manager] Failed to launch server process. Reason: Unity was launched with the -noUpm command-line argument
[Package Manager] Unable to send message (not connected to server process).
[Package Manager] Cannot connect to Unity Package Manager local server
[Package Manager] Failed to launch server process. Reason: Unity was launched with the -noUpm command-line argument
[Package Manager] Unable to send message (not connected to server process).
[Package Manager] Cannot connect to Unity Package Manager local server
ScheduleIndexationOnStartup MainProcess:False IndexOnStartup:True
Mono: successfully reloaded assembly
- Finished resetting the current domain, in  0.956 seconds
Domain Reload Profiling: 1915ms
	BeginReloadAssembly (303ms)
		DisableScriptedObjects (25ms)
		CreateAndSetChildDomain (70ms)
	RebuildCommonClasses (39ms)
	RebuildNativeTypeToScriptingClass (13ms)
	initialDomainReloadingComplete (73ms)
	LoadAllAssembliesAndSetupDomain (531ms)
		LoadAssemblies (460ms)
		AnalyzeDomain (194ms)
			TypeCache.Refresh (9ms)
			BuildScriptInfoCaches (169ms)
			ResolveRequiredComponents (15ms)
	FinalizeReload (956ms)
		SetupLoadedEditorAssemblies (0ms)
			InitializePlatformSupportModulesInManaged (9ms)
			BeforeProcessingInitializeOnLoad (149ms)
			ProcessInitializeOnLoadAttributes (271ms)
			ProcessInitializeOnLoadMethodAttributes (329ms)
		AwakeInstancesAfterBackupRestoration (21ms)
Refreshing native plugins compatible for Editor in 5.38 ms, found 2 plugins.
Unloading 24 Unused Serialized files (Serialized files now loaded: 0)
Unloading 5651 unused Assets / (5.3 MB). Loaded Objects now: 6774.
Memory consumption went from 182.1 MB to 176.8 MB.
Total: 14.631800 ms (FindLiveObjects: 0.650500 ms CreateObjectMapping: 0.326700 ms MarkObjects: 10.446800 ms  DeleteObjects: 3.206500 ms)

Prepare: number of updated asset objects reloaded= 0
========================================================================
Received Prepare
Begin MonoManager ReloadAssembly
Duplicate assembly 'Newtonsoft.Json.dll' with different versions detected, using 'Packages/com.unity.nuget.newtonsoft-json/Runtime/Newtonsoft.Json.dll, AssemblyName=Newtonsoft.Json, Version=13.0.0.0, Culture=neutral, PublicKeyToken=30ad4fe6b2a6aeed' and ignoring 'Assets/Assemblies/Newtonsoft.Json.dll, AssemblyName=Newtonsoft.Json, Version=6.0.0.0, Culture=neutral, PublicKeyToken=30ad4fe6b2a6aeed'.Assembly Assembly-CSharp-Editor-firstpass.dll at Library/ScriptAssemblies/Assembly-CSharp-Editor-firstpass.dll not valid. Loading of assembly skipped.
Assembly DocCodeExamples.dll at Library/ScriptAssemblies/DocCodeExamples.dll not valid. Loading of assembly skipped.
Assembly TestNewCustomAssembly.dll at Library/ScriptAssemblies/TestNewCustomAssembly.dll not valid. Loading of assembly skipped.
Assembly Unity.2D.Sprite.Package.EditorTests.dll at Library/ScriptAssemblies/Unity.2D.Sprite.Package.EditorTests.dll not valid. Loading of assembly skipped.
Assembly Unity.2D.Tilemap.Package.EditorTests.dll at Library/ScriptAssemblies/Unity.2D.Tilemap.Package.EditorTests.dll not valid. Loading of assembly skipped.
Assembly Unity.Analytics.DataPrivacy.Tests.dll at Library/ScriptAssemblies/Unity.Analytics.DataPrivacy.Tests.dll not valid. Loading of assembly skipped.
Assembly Unity.Analytics.StandardEvents.EditorTests.dll at Library/ScriptAssemblies/Unity.Analytics.StandardEvents.EditorTests.dll not valid. Loading of assembly skipped.
Assembly Unity.Collections.BurstCompatibilityGen.dll at Library/ScriptAssemblies/Unity.Collections.BurstCompatibilityGen.dll not valid. Loading of assembly skipped.
Assembly Unity.Collections.DocCodeSamples.dll at Library/ScriptAssemblies/Unity.Collections.DocCodeSamples.dll not valid. Loading of assembly skipped.
Assembly Unity.Collections.PerformanceTests.dll at Library/ScriptAssemblies/Unity.Collections.PerformanceTests.dll not valid. Loading of assembly skipped.
Assembly Unity.Collections.Tests.dll at Library/ScriptAssemblies/Unity.Collections.Tests.dll not valid. Loading of assembly skipped.
Assembly Unity.Collections.Tests.Playmode.dll at Library/ScriptAssemblies/Unity.Collections.Tests.Playmode.dll not valid. Loading of assembly skipped.
Assembly Unity.Mathematics.Tests.dll at Library/ScriptAssemblies/Unity.Mathematics.Tests.dll not valid. Loading of assembly skipped.
Assembly Unity.Multiplayer.Center.Editor.Tests.dll at Library/ScriptAssemblies/Unity.Multiplayer.Center.Editor.Tests.dll not valid. Loading of assembly skipped.
Assembly Unity.Multiplayer.Center.Tests.dll at Library/ScriptAssemblies/Unity.Multiplayer.Center.Tests.dll not valid. Loading of assembly skipped.
Assembly Unity.Nuget.Mono-Cecil.dll at Library/ScriptAssemblies/Unity.Nuget.Mono-Cecil.dll not valid. Loading of assembly skipped.
Assembly Unity.PathTracing.Editor.Tests.dll at Library/ScriptAssemblies/Unity.PathTracing.Editor.Tests.dll not valid. Loading of assembly skipped.
Assembly Unity.PathTracing.Runtime.Tests.dll at Library/ScriptAssemblies/Unity.PathTracing.Runtime.Tests.dll not valid. Loading of assembly skipped.
Assembly Unity.RenderPipelines.Core.Editor.Tests.dll at Library/ScriptAssemblies/Unity.RenderPipelines.Core.Editor.Tests.dll not valid. Loading of assembly skipped.
Assembly Unity.RenderPipelines.Core.Runtime.Tests.dll at Library/ScriptAssemblies/Unity.RenderPipelines.Core.Runtime.Tests.dll not valid. Loading of assembly skipped.
Assembly Unity.RenderPipelines.Universal.Config.Editor.Tests.dll at Library/ScriptAssemblies/Unity.RenderPipelines.Universal.Config.Editor.Tests.dll not valid. Loading of assembly skipped.
Assembly Unity.RenderPipelines.Universal.Editor.Tests.dll at Library/ScriptAssemblies/Unity.RenderPipelines.Universal.Editor.Tests.dll not valid. Loading of assembly skipped.
Assembly Unity.RenderPipelines.Universal.Runtime.Tests.dll at Library/ScriptAssemblies/Unity.RenderPipelines.Universal.Runtime.Tests.dll not valid. Loading of assembly skipped.
Assembly Unity.Searcher.EditorTests.dll at Library/ScriptAssemblies/Unity.Searcher.EditorTests.dll not valid. Loading of assembly skipped.
Assembly Unity.ShaderGraph.Editor.Tests.dll at Library/ScriptAssemblies/Unity.ShaderGraph.Editor.Tests.dll not valid. Loading of assembly skipped.
Assembly Unity.TextMeshPro.Editor.Tests.dll at Library/ScriptAssemblies/Unity.TextMeshPro.Editor.Tests.dll not valid. Loading of assembly skipped.
Assembly Unity.TextMeshPro.Tests.dll at Library/ScriptAssemblies/Unity.TextMeshPro.Tests.dll not valid. Loading of assembly skipped.
Assembly Unity.UnifiedRayTracing.Editor.Tests.dll at Library/ScriptAssemblies/Unity.UnifiedRayTracing.Editor.Tests.dll not valid. Loading of assembly skipped.
Assembly UnityEditor.UI.Common.Tests.dll at Library/ScriptAssemblies/UnityEditor.UI.Common.Tests.dll not valid. Loading of assembly skipped.
Assembly UnityEditor.UI.EditorTests.dll at Library/ScriptAssemblies/UnityEditor.UI.EditorTests.dll not valid. Loading of assembly skipped.
Assembly UnityEditor.XR.LegacyInputHelpers.Tests.dll at Library/ScriptAssemblies/UnityEditor.XR.LegacyInputHelpers.Tests.dll not valid. Loading of assembly skipped.
Assembly UnityEngine.Advertisements.Editor.Tests.dll at Library/ScriptAssemblies/UnityEngine.Advertisements.Editor.Tests.dll not valid. Loading of assembly skipped.
Assembly UnityEngine.Advertisements.Tests.dll at Library/ScriptAssemblies/UnityEngine.Advertisements.Tests.dll not valid. Loading of assembly skipped.
Assembly UnityEngine.Purchasing.Apple.dll at Library/ScriptAssemblies/UnityEngine.Purchasing.Apple.dll not valid. Loading of assembly skipped.
Assembly UnityEngine.Purchasing.AppleMacos.dll at Library/ScriptAssemblies/UnityEngine.Purchasing.AppleMacos.dll not valid. Loading of assembly skipped.
Assembly UnityEngine.Purchasing.Security.dll at Library/ScriptAssemblies/UnityEngine.Purchasing.Security.dll not valid. Loading of assembly skipped.
Assembly UnityEngine.Purchasing.WinRT.dll at Library/ScriptAssemblies/UnityEngine.Purchasing.WinRT.dll not valid. Loading of assembly skipped.
Assembly UnityEngine.SpatialTracking.Tests.dll at Library/ScriptAssemblies/UnityEngine.SpatialTracking.Tests.dll not valid. Loading of assembly skipped.
Assembly UnityEngine.UI.Tests.dll at Library/ScriptAssemblies/UnityEngine.UI.Tests.dll not valid. Loading of assembly skipped.
Symbol file LoadedFromMemory is not a mono symbol file
OnLevelWasLoaded was found on MatchManager
This message has been deprecated and will be removed in a later version of Unity.
Add a delegate to SceneManager.sceneLoaded instead to get notifications after scene loading has completed
Refreshing native plugins compatible for Editor in 4.53 ms, found 2 plugins.
OnLevelWasLoaded was found on MatchManager
This message has been deprecated and will be removed in a later version of Unity.
Add a delegate to SceneManager.sceneLoaded instead to get notifications after scene loading has completed
Native extension for Android target not found
Native extension for WindowsStandalone target not found
[Package Manager] Failed to launch server process. Reason: Unity was launched with the -noUpm command-line argument
[Package Manager] Unable to send message (not connected to server process).
[Package Manager] Cannot connect to Unity Package Manager local server
[Package Manager] Failed to launch server process. Reason: Unity was launched with the -noUpm command-line argument
[Package Manager] Unable to send message (not connected to server process).
[Package Manager] Cannot connect to Unity Package Manager local server
ScheduleIndexationOnStartup MainProcess:False IndexOnStartup:True
Mono: successfully reloaded assembly
- Finished resetting the current domain, in  0.945 seconds
Domain Reload Profiling: 1794ms
	BeginReloadAssembly (242ms)
		DisableScriptedObjects (8ms)
		CreateAndSetChildDomain (56ms)
	RebuildCommonClasses (40ms)
	RebuildNativeTypeToScriptingClass (12ms)
	initialDomainReloadingComplete (72ms)
	LoadAllAssembliesAndSetupDomain (482ms)
		LoadAssemblies (426ms)
		AnalyzeDomain (176ms)
			TypeCache.Refresh (7ms)
			BuildScriptInfoCaches (158ms)
			ResolveRequiredComponents (10ms)
	FinalizeReload (945ms)
		SetupLoadedEditorAssemblies (0ms)
			InitializePlatformSupportModulesInManaged (11ms)
			BeforeProcessingInitializeOnLoad (161ms)
			ProcessInitializeOnLoadAttributes (257ms)
			ProcessInitializeOnLoadMethodAttributes (309ms)
		AwakeInstancesAfterBackupRestoration (20ms)
Refreshing native plugins compatible for Editor in 6.16 ms, found 2 plugins.
Unloading 24 Unused Serialized files (Serialized files now loaded: 0)
Unloading 5649 unused Assets / (5.3 MB). Loaded Objects now: 6777.
Memory consumption went from 186.1 MB to 180.8 MB.
Total: 16.264300 ms (FindLiveObjects: 0.899900 ms CreateObjectMapping: 0.435600 ms MarkObjects: 10.684300 ms  DeleteObjects: 4.243100 ms)

Prepare: number of updated asset objects reloaded= 0
========================================================================
Received Prepare
Begin MonoManager ReloadAssembly
Duplicate assembly 'Newtonsoft.Json.dll' with different versions detected, using 'Packages/com.unity.nuget.newtonsoft-json/Runtime/Newtonsoft.Json.dll, AssemblyName=Newtonsoft.Json, Version=13.0.0.0, Culture=neutral, PublicKeyToken=30ad4fe6b2a6aeed' and ignoring 'Assets/Assemblies/Newtonsoft.Json.dll, AssemblyName=Newtonsoft.Json, Version=6.0.0.0, Culture=neutral, PublicKeyToken=30ad4fe6b2a6aeed'.Assembly Assembly-CSharp-Editor-firstpass.dll at Library/ScriptAssemblies/Assembly-CSharp-Editor-firstpass.dll not valid. Loading of assembly skipped.
Assembly DocCodeExamples.dll at Library/ScriptAssemblies/DocCodeExamples.dll not valid. Loading of assembly skipped.
Assembly TestNewCustomAssembly.dll at Library/ScriptAssemblies/TestNewCustomAssembly.dll not valid. Loading of assembly skipped.
Assembly Unity.2D.Sprite.Package.EditorTests.dll at Library/ScriptAssemblies/Unity.2D.Sprite.Package.EditorTests.dll not valid. Loading of assembly skipped.
Assembly Unity.2D.Tilemap.Package.EditorTests.dll at Library/ScriptAssemblies/Unity.2D.Tilemap.Package.EditorTests.dll not valid. Loading of assembly skipped.
Assembly Unity.Analytics.DataPrivacy.Tests.dll at Library/ScriptAssemblies/Unity.Analytics.DataPrivacy.Tests.dll not valid. Loading of assembly skipped.
Assembly Unity.Analytics.StandardEvents.EditorTests.dll at Library/ScriptAssemblies/Unity.Analytics.StandardEvents.EditorTests.dll not valid. Loading of assembly skipped.
Assembly Unity.Collections.BurstCompatibilityGen.dll at Library/ScriptAssemblies/Unity.Collections.BurstCompatibilityGen.dll not valid. Loading of assembly skipped.
Assembly Unity.Collections.DocCodeSamples.dll at Library/ScriptAssemblies/Unity.Collections.DocCodeSamples.dll not valid. Loading of assembly skipped.
Assembly Unity.Collections.PerformanceTests.dll at Library/ScriptAssemblies/Unity.Collections.PerformanceTests.dll not valid. Loading of assembly skipped.
Assembly Unity.Collections.Tests.dll at Library/ScriptAssemblies/Unity.Collections.Tests.dll not valid. Loading of assembly skipped.
Assembly Unity.Collections.Tests.Playmode.dll at Library/ScriptAssemblies/Unity.Collections.Tests.Playmode.dll not valid. Loading of assembly skipped.
Assembly Unity.Mathematics.Tests.dll at Library/ScriptAssemblies/Unity.Mathematics.Tests.dll not valid. Loading of assembly skipped.
Assembly Unity.Multiplayer.Center.Editor.Tests.dll at Library/ScriptAssemblies/Unity.Multiplayer.Center.Editor.Tests.dll not valid. Loading of assembly skipped.
Assembly Unity.Multiplayer.Center.Tests.dll at Library/ScriptAssemblies/Unity.Multiplayer.Center.Tests.dll not valid. Loading of assembly skipped.
Assembly Unity.Nuget.Mono-Cecil.dll at Library/ScriptAssemblies/Unity.Nuget.Mono-Cecil.dll not valid. Loading of assembly skipped.
Assembly Unity.PathTracing.Editor.Tests.dll at Library/ScriptAssemblies/Unity.PathTracing.Editor.Tests.dll not valid. Loading of assembly skipped.
Assembly Unity.PathTracing.Runtime.Tests.dll at Library/ScriptAssemblies/Unity.PathTracing.Runtime.Tests.dll not valid. Loading of assembly skipped.
Assembly Unity.RenderPipelines.Core.Editor.Tests.dll at Library/ScriptAssemblies/Unity.RenderPipelines.Core.Editor.Tests.dll not valid. Loading of assembly skipped.
Assembly Unity.RenderPipelines.Core.Runtime.Tests.dll at Library/ScriptAssemblies/Unity.RenderPipelines.Core.Runtime.Tests.dll not valid. Loading of assembly skipped.
Assembly Unity.RenderPipelines.Universal.Config.Editor.Tests.dll at Library/ScriptAssemblies/Unity.RenderPipelines.Universal.Config.Editor.Tests.dll not valid. Loading of assembly skipped.
Assembly Unity.RenderPipelines.Universal.Editor.Tests.dll at Library/ScriptAssemblies/Unity.RenderPipelines.Universal.Editor.Tests.dll not valid. Loading of assembly skipped.
Assembly Unity.RenderPipelines.Universal.Runtime.Tests.dll at Library/ScriptAssemblies/Unity.RenderPipelines.Universal.Runtime.Tests.dll not valid. Loading of assembly skipped.
Assembly Unity.Searcher.EditorTests.dll at Library/ScriptAssemblies/Unity.Searcher.EditorTests.dll not valid. Loading of assembly skipped.
Assembly Unity.ShaderGraph.Editor.Tests.dll at Library/ScriptAssemblies/Unity.ShaderGraph.Editor.Tests.dll not valid. Loading of assembly skipped.
Assembly Unity.TextMeshPro.Editor.Tests.dll at Library/ScriptAssemblies/Unity.TextMeshPro.Editor.Tests.dll not valid. Loading of assembly skipped.
Assembly Unity.TextMeshPro.Tests.dll at Library/ScriptAssemblies/Unity.TextMeshPro.Tests.dll not valid. Loading of assembly skipped.
Assembly Unity.UnifiedRayTracing.Editor.Tests.dll at Library/ScriptAssemblies/Unity.UnifiedRayTracing.Editor.Tests.dll not valid. Loading of assembly skipped.
Assembly UnityEditor.UI.Common.Tests.dll at Library/ScriptAssemblies/UnityEditor.UI.Common.Tests.dll not valid. Loading of assembly skipped.
Assembly UnityEditor.UI.EditorTests.dll at Library/ScriptAssemblies/UnityEditor.UI.EditorTests.dll not valid. Loading of assembly skipped.
Assembly UnityEditor.XR.LegacyInputHelpers.Tests.dll at Library/ScriptAssemblies/UnityEditor.XR.LegacyInputHelpers.Tests.dll not valid. Loading of assembly skipped.
Assembly UnityEngine.Advertisements.Editor.Tests.dll at Library/ScriptAssemblies/UnityEngine.Advertisements.Editor.Tests.dll not valid. Loading of assembly skipped.
Assembly UnityEngine.Advertisements.Tests.dll at Library/ScriptAssemblies/UnityEngine.Advertisements.Tests.dll not valid. Loading of assembly skipped.
Assembly UnityEngine.Purchasing.Apple.dll at Library/ScriptAssemblies/UnityEngine.Purchasing.Apple.dll not valid. Loading of assembly skipped.
Assembly UnityEngine.Purchasing.AppleMacos.dll at Library/ScriptAssemblies/UnityEngine.Purchasing.AppleMacos.dll not valid. Loading of assembly skipped.
Assembly UnityEngine.Purchasing.Security.dll at Library/ScriptAssemblies/UnityEngine.Purchasing.Security.dll not valid. Loading of assembly skipped.
Assembly UnityEngine.Purchasing.WinRT.dll at Library/ScriptAssemblies/UnityEngine.Purchasing.WinRT.dll not valid. Loading of assembly skipped.
Assembly UnityEngine.SpatialTracking.Tests.dll at Library/ScriptAssemblies/UnityEngine.SpatialTracking.Tests.dll not valid. Loading of assembly skipped.
Assembly UnityEngine.UI.Tests.dll at Library/ScriptAssemblies/UnityEngine.UI.Tests.dll not valid. Loading of assembly skipped.
Symbol file LoadedFromMemory is not a mono symbol file
OnLevelWasLoaded was found on MatchManager
This message has been deprecated and will be removed in a later version of Unity.
Add a delegate to SceneManager.sceneLoaded instead to get notifications after scene loading has completed
Refreshing native plugins compatible for Editor in 5.22 ms, found 2 plugins.
OnLevelWasLoaded was found on MatchManager
This message has been deprecated and will be removed in a later version of Unity.
Add a delegate to SceneManager.sceneLoaded instead to get notifications after scene loading has completed
Native extension for Android target not found
Native extension for WindowsStandalone target not found
[Package Manager] Failed to launch server process. Reason: Unity was launched with the -noUpm command-line argument
[Package Manager] Unable to send message (not connected to server process).
[Package Manager] Cannot connect to Unity Package Manager local server
[Package Manager] Failed to launch server process. Reason: Unity was launched with the -noUpm command-line argument
[Package Manager] Unable to send message (not connected to server process).
[Package Manager] Cannot connect to Unity Package Manager local server
ScheduleIndexationOnStartup MainProcess:False IndexOnStartup:True
Mono: successfully reloaded assembly
- Finished resetting the current domain, in  0.971 seconds
Domain Reload Profiling: 1821ms
	BeginReloadAssembly (249ms)
		DisableScriptedObjects (8ms)
		CreateAndSetChildDomain (57ms)
	RebuildCommonClasses (36ms)
	RebuildNativeTypeToScriptingClass (11ms)
	initialDomainReloadingComplete (73ms)
	LoadAllAssembliesAndSetupDomain (480ms)
		LoadAssemblies (427ms)
		AnalyzeDomain (172ms)
			TypeCache.Refresh (7ms)
			BuildScriptInfoCaches (149ms)
			ResolveRequiredComponents (14ms)
	FinalizeReload (971ms)
		SetupLoadedEditorAssemblies (0ms)
			InitializePlatformSupportModulesInManaged (11ms)
			BeforeProcessingInitializeOnLoad (167ms)
			ProcessInitializeOnLoadAttributes (274ms)
			ProcessInitializeOnLoadMethodAttributes (299ms)
			AfterProcessingInitializeOnLoad (3ms)
		AwakeInstancesAfterBackupRestoration (24ms)
Refreshing native plugins compatible for Editor in 8.13 ms, found 2 plugins.
Unloading 24 Unused Serialized files (Serialized files now loaded: 0)
Unloading 5649 unused Assets / (5.5 MB). Loaded Objects now: 6780.
Memory consumption went from 190.2 MB to 184.7 MB.
Total: 15.407500 ms (FindLiveObjects: 0.701900 ms CreateObjectMapping: 0.366200 ms MarkObjects: 11.052600 ms  DeleteObjects: 3.285700 ms)

Prepare: number of updated asset objects reloaded= 0
Editor requested this worker to shutdown with reason: Scaling down because of idle timeout
AssetImportWorker is now disconnected from the server
Process exiting
Exiting without the bug reporter. Application will terminate with return code 0